month,monthlyConsumptionKwh,predictedConsumptionKwh,predictedBillAmount,highestApplianceConsumptionKwh,highestCategoryConsumptionKwh,highestConsumingCategory,recommendationClass
6,248.47,300.45,10909.92,77.2,133.87,Heating,REDUCE_HEATING_USAGE
6,269.91,308.21,21478.2,50.41,113.93,Air Conditioning,REDUCE_COOLING_USAGE
6,298.08,363.8,23421.46,122.0,146.02,Air Conditioning,REDUCE_COOLING_USAGE
7,645.2,746.16,58637.11,77.93,111.7,Kitchen,HIGH_BILL_WARNING
5,344.23,388.03,18138.94,132.97,146.65,Refrigeration,OPTIMIZE_REFRIGERATION
3,86.23,91.81,5156.09,5.16,19.48,Entertainment,GENERAL_ENERGY_SAVING
2,382.31,487.85,30097.97,31.93,79.26,Kitchen,HIGH_BILL_WARNING
11,244.89,284.71,10735.07,77.85,121.86,Refrigeration,OPTIMIZE_REFRIGERATION
3,591.25,640.07,56696.65,39.28,95.09,Other,HIGH_BILL_WARNING
1,116.97,102.97,2721.21,5.4,12.51,Entertainment,GENERAL_ENERGY_SAVING
5,119.14,117.85,4470.69,20.46,35.49,Refrigeration,OPTIMIZE_REFRIGERATION
8,478.49,576.22,7010.78,109.87,151.57,Laundry,REDUCE_HIGH_USAGE_APPLIANCE
11,153.16,164.77,6834.8,18.93,42.07,Entertainment,GENERAL_ENERGY_SAVING
8,319.24,318.15,13150.1,49.97,91.06,Lighting,REDUCE_LIGHTING_USAGE
12,141.16,135.94,1870.66,10.4,23.38,Kitchen,GENERAL_ENERGY_SAVING
3,435.55,561.4,8840.34,166.81,218.88,Cooling,REDUCE_COOLING_USAGE
3,437.55,479.73,16453.77,122.39,141.72,Heating,REDUCE_HEATING_USAGE
7,259.71,271.76,13353.32,62.41,113.6,Lighting,REDUCE_LIGHTING_USAGE
4,414.05,453.7,16778.67,131.84,165.59,Entertainment,REDUCE_HIGH_USAGE_APPLIANCE
1,314.32,350.51,11909.95,76.78,94.93,Water Heating,REDUCE_HEATING_USAGE
6,406.15,514.39,62801.49,29.22,64.84,Kitchen,HIGH_BILL_WARNING
7,463.92,570.27,17445.09,81.47,179.46,Cooling,REDUCE_COOLING_USAGE
5,371.29,398.66,16589.98,124.6,139.88,Heating,REDUCE_HEATING_USAGE
1,133.18,140.18,2616.63,9.26,38.56,Entertainment,GENERAL_ENERGY_SAVING
7,311.5,326.18,12750.07,21.75,82.33,Lighting,REDUCE_LIGHTING_USAGE
9,191.62,210.62,17193.7,45.72,87.04,Cooling,REDUCE_COOLING_USAGE
12,422.32,527.95,12874.54,168.38,204.7,Cooling,REDUCE_COOLING_USAGE
3,405.11,504.29,16426.12,82.21,104.4,Heating,REDUCE_HEATING_USAGE
3,44.68,41.93,1671.28,2.56,10.91,Lighting,GENERAL_ENERGY_SAVING
10,177.82,204.7,14047.54,56.52,70.51,Kitchen,OPTIMIZE_REFRIGERATION
3,161.5,191.18,10286.63,47.92,62.57,Refrigeration,OPTIMIZE_REFRIGERATION
4,286.01,308.08,17949.83,80.69,117.96,Water Heating,REDUCE_HEATING_USAGE
4,197.85,230.22,8061.13,23.85,83.23,Lighting,REDUCE_LIGHTING_USAGE
6,330.13,380.78,16212.92,91.73,159.49,Refrigeration,OPTIMIZE_REFRIGERATION
7,306.7,338.11,15488.21,39.59,127.15,Lighting,REDUCE_LIGHTING_USAGE
9,105.63,123.36,10691.95,10.73,46.69,Lighting,REDUCE_LIGHTING_USAGE
1,175.35,193.31,8192.06,76.06,82.94,Refrigeration,OPTIMIZE_REFRIGERATION
3,244.3,281.96,18688.57,59.83,100.93,Cooling,REDUCE_COOLING_USAGE
11,328.67,388.96,21304.38,117.8,126.0,Laundry,REDUCE_HIGH_USAGE_APPLIANCE
9,727.67,938.17,26129.57,45.6,118.0,Cooling,HIGH_BILL_WARNING
7,353.75,426.1,17773.05,81.49,134.36,Heating,REDUCE_HEATING_USAGE
5,136.95,124.23,3319.23,10.0,17.07,Other,GENERAL_ENERGY_SAVING
3,81.71,72.43,2867.08,5.31,20.24,Lighting,GENERAL_ENERGY_SAVING
5,459.29,492.75,23003.19,108.72,207.24,Water Heating,REDUCE_HEATING_USAGE
2,141.01,148.98,4145.69,11.26,30.36,Lighting,REDUCE_LIGHTING_USAGE
8,433.3,462.57,21133.95,118.97,209.88,Heating,REDUCE_HEATING_USAGE
11,289.94,335.55,8317.68,71.64,75.97,Kitchen,OPTIMIZE_REFRIGERATION
5,67.72,59.86,7423.33,9.74,19.52,Entertainment,GENERAL_ENERGY_SAVING
10,172.19,200.37,17844.42,29.14,49.49,Heating,REDUCE_HEATING_USAGE
12,546.54,566.67,12848.88,218.9,301.38,Cooling,REDUCE_COOLING_USAGE
9,355.6,409.58,25885.66,134.59,144.24,Kitchen,REDUCE_HIGH_USAGE_APPLIANCE
9,236.14,293.6,12212.01,60.52,138.08,Air Conditioning,REDUCE_COOLING_USAGE
9,336.51,323.59,18386.13,84.26,104.68,Refrigeration,OPTIMIZE_REFRIGERATION
6,313.2,302.48,6118.2,35.82,97.65,Lighting,REDUCE_LIGHTING_USAGE
9,299.73,301.7,23261.7,115.96,142.67,Cooling,REDUCE_COOLING_USAGE
8,326.68,382.25,6807.54,95.47,135.78,Kitchen,REDUCE_HIGH_USAGE_APPLIANCE
9,827.79,915.22,36887.3,94.26,188.77,Kitchen,HIGH_BILL_WARNING
1,387.48,387.49,14845.89,94.59,136.24,Water Heating,REDUCE_HEATING_USAGE
2,218.98,216.49,10626.67,17.36,49.56,Lighting,REDUCE_LIGHTING_USAGE
1,325.11,323.43,24317.09,68.81,103.72,Other,REDUCE_HIGH_USAGE_APPLIANCE
7,344.07,391.26,15857.01,77.18,96.97,Kitchen,OPTIMIZE_REFRIGERATION
9,428.26,524.63,51704.54,62.58,95.81,Laundry,HIGH_BILL_WARNING
3,435.64,553.67,14942.44,89.52,207.71,Cooling,REDUCE_COOLING_USAGE
9,518.89,665.99,12939.41,138.74,215.74,Cooling,REDUCE_COOLING_USAGE
1,487.02,646.8,48098.92,102.53,146.75,Entertainment,HIGH_BILL_WARNING
5,229.84,287.26,23070.04,74.48,114.07,Kitchen,REDUCE_HIGH_USAGE_APPLIANCE
9,267.2,259.11,15409.52,47.28,70.08,Refrigeration,OPTIMIZE_REFRIGERATION
12,458.31,622.65,17016.52,230.28,251.22,Entertainment,REDUCE_HIGH_USAGE_APPLIANCE
5,777.93,927.59,24108.03,43.2,128.77,Entertainment,HIGH_BILL_WARNING
4,152.4,135.19,3585.84,12.17,41.37,Entertainment,GENERAL_ENERGY_SAVING
5,441.34,449.9,25495.47,167.63,198.38,Laundry,REDUCE_HIGH_USAGE_APPLIANCE
8,336.1,375.47,10331.43,69.65,87.74,Other,REDUCE_HIGH_USAGE_APPLIANCE
8,332.71,347.84,16350.58,140.5,191.82,Air Conditioning,REDUCE_COOLING_USAGE
6,177.79,190.51,10813.19,71.84,95.67,Entertainment,REDUCE_HIGH_USAGE_APPLIANCE
6,347.42,356.05,5045.18,94.21,148.92,Kitchen,OPTIMIZE_REFRIGERATION
5,309.36,383.37,9244.54,63.54,96.1,Kitchen,REDUCE_HIGH_USAGE_APPLIANCE
6,140.27,133.33,4497.3,9.45,18.58,Kitchen,GENERAL_ENERGY_SAVING
9,323.43,371.15,4660.32,79.63,115.1,Kitchen,OPTIMIZE_REFRIGERATION
8,158.4,154.92,5798.04,8.59,29.73,Kitchen,GENERAL_ENERGY_SAVING
8,493.0,493.32,6633.15,179.89,225.29,Laundry,REDUCE_HIGH_USAGE_APPLIANCE
6,44.77,38.71,7146.29,2.97,11.55,Lighting,GENERAL_ENERGY_SAVING
8,302.26,351.46,9203.19,69.43,83.71,Kitchen,REDUCE_HIGH_USAGE_APPLIANCE
6,100.27,95.93,9273.8,16.96,36.07,Lighting,REDUCE_LIGHTING_USAGE
2,205.49,263.02,5523.84,51.26,87.81,Heating,REDUCE_HEATING_USAGE
5,265.07,290.18,7204.19,98.34,155.5,Cooling,REDUCE_COOLING_USAGE
6,102.57,106.97,4595.7,9.67,31.39,Lighting,REDUCE_LIGHTING_USAGE
9,53.77,58.95,5833.85,5.0,13.92,Lighting,GENERAL_ENERGY_SAVING
6,726.9,782.99,32218.39,81.97,195.12,Cooling,HIGH_BILL_WARNING
10,527.21,688.11,31076.52,97.26,175.98,Laundry,HIGH_BILL_WARNING
6,271.28,336.98,6486.16,66.73,85.79,Kitchen,REDUCE_HIGH_USAGE_APPLIANCE
10,484.42,522.04,15563.9,169.12,241.79,Entertainment,REDUCE_HIGH_USAGE_APPLIANCE
1,238.35,281.03,15795.24,77.4,126.52,Water Heating,REDUCE_HEATING_USAGE
7,268.89,328.18,20938.59,113.02,132.92,Water Heating,REDUCE_HEATING_USAGE
3,133.01,154.39,5747.41,41.08,53.03,Refrigeration,OPTIMIZE_REFRIGERATION
9,378.98,503.72,43162.65,57.62,112.11,Other,HIGH_BILL_WARNING
9,58.82,57.24,1623.51,5.1,8.75,Kitchen,GENERAL_ENERGY_SAVING
8,481.73,564.72,44599.81,42.57,78.9,Kitchen,HIGH_BILL_WARNING
5,107.04,125.75,6749.99,10.3,34.56,Lighting,REDUCE_LIGHTING_USAGE
12,306.79,397.65,10007.71,147.03,174.21,Cooling,REDUCE_COOLING_USAGE
6,468.12,480.94,14276.44,98.21,145.29,Entertainment,REDUCE_HIGH_USAGE_APPLIANCE
5,255.8,255.08,6176.91,83.45,97.35,Kitchen,OPTIMIZE_REFRIGERATION
5,191.08,199.94,17548.72,71.15,101.99,Heating,REDUCE_HEATING_USAGE
8,162.62,149.16,7156.21,18.2,37.07,Lighting,GENERAL_ENERGY_SAVING
12,308.1,363.63,15207.93,79.0,95.1,Heating,REDUCE_HEATING_USAGE
12,233.23,291.12,26164.79,58.78,85.25,Cooling,REDUCE_COOLING_USAGE
5,62.55,65.07,6386.62,3.67,9.37,Lighting,GENERAL_ENERGY_SAVING
7,255.25,272.68,14489.48,71.49,84.66,Heating,REDUCE_HEATING_USAGE
2,284.3,310.94,20061.91,59.45,93.95,Heating,REDUCE_HEATING_USAGE
10,124.78,147.12,9449.09,38.38,47.7,Refrigeration,OPTIMIZE_REFRIGERATION
4,150.99,158.05,2780.32,14.08,34.61,Kitchen,GENERAL_ENERGY_SAVING
9,366.33,450.9,19659.59,72.09,100.13,Water Heating,REDUCE_HEATING_USAGE
7,43.13,48.5,4816.78,3.17,7.39,Entertainment,GENERAL_ENERGY_SAVING
10,477.7,567.21,19142.06,202.86,280.59,Cooling,REDUCE_COOLING_USAGE
11,511.49,637.72,29686.68,65.32,109.9,Kitchen,HIGH_BILL_WARNING
1,209.21,224.67,12515.25,14.98,68.9,Lighting,REDUCE_LIGHTING_USAGE
4,76.24,83.72,1712.91,6.51,18.43,Other,GENERAL_ENERGY_SAVING
7,369.52,352.14,5898.05,114.89,169.62,Refrigeration,OPTIMIZE_REFRIGERATION
1,74.07,74.25,3138.08,4.91,10.69,Entertainment,GENERAL_ENERGY_SAVING
5,528.22,595.24,13040.22,128.47,303.6,Cooling,REDUCE_COOLING_USAGE
5,119.44,148.42,7295.57,20.65,44.33,Lighting,REDUCE_LIGHTING_USAGE
4,263.48,269.84,9624.53,97.59,104.34,Refrigeration,OPTIMIZE_REFRIGERATION
5,248.5,252.65,8661.5,63.28,136.27,Heating,REDUCE_HEATING_USAGE
4,292.13,316.7,9062.57,93.24,130.72,Cooling,REDUCE_COOLING_USAGE
6,399.98,477.48,35022.5,19.03,61.03,Entertainment,HIGH_BILL_WARNING
9,314.59,351.43,17451.13,97.34,122.37,Refrigeration,OPTIMIZE_REFRIGERATION
12,480.15,637.62,63871.03,88.06,133.08,Laundry,HIGH_BILL_WARNING
1,210.64,221.26,22865.56,68.15,79.19,Other,REDUCE_HIGH_USAGE_APPLIANCE
5,705.1,825.26,55127.81,76.4,140.71,Cooling,HIGH_BILL_WARNING
11,182.93,189.51,6897.84,45.82,56.5,Water Heating,REDUCE_HEATING_USAGE
12,242.03,255.57,5461.42,35.03,63.09,Kitchen,OPTIMIZE_REFRIGERATION
4,507.63,563.89,16766.22,114.16,220.18,Cooling,REDUCE_COOLING_USAGE
11,294.69,323.8,21957.36,125.17,133.28,Kitchen,REDUCE_HIGH_USAGE_APPLIANCE
11,69.28,62.11,1924.22,8.59,15.56,Kitchen,GENERAL_ENERGY_SAVING
9,64.69,60.44,2917.86,4.69,10.87,Other,GENERAL_ENERGY_SAVING
7,174.94,179.49,9758.34,51.2,87.19,Refrigeration,OPTIMIZE_REFRIGERATION
1,515.02,584.89,22469.61,161.48,221.55,Kitchen,REDUCE_HIGH_USAGE_APPLIANCE
7,305.71,339.41,15234.49,29.41,133.22,Lighting,REDUCE_LIGHTING_USAGE
12,471.21,445.7,27528.99,128.34,180.06,Cooling,REDUCE_COOLING_USAGE
7,182.18,201.41,27022.04,75.14,95.83,Cooling,REDUCE_COOLING_USAGE
2,49.39,46.96,5776.34,4.41,8.95,Other,GENERAL_ENERGY_SAVING
10,322.26,389.52,13233.4,92.85,117.16,Heating,REDUCE_HEATING_USAGE
2,343.62,372.29,24099.14,122.72,205.86,Air Conditioning,REDUCE_COOLING_USAGE
11,162.9,157.94,5576.45,16.34,57.23,Lighting,REDUCE_LIGHTING_USAGE
11,261.65,259.91,16602.83,77.62,90.01,Refrigeration,OPTIMIZE_REFRIGERATION
9,819.04,867.98,28585.93,120.5,180.21,Cooling,HIGH_BILL_WARNING
11,148.39,145.57,6303.79,21.98,43.43,Other,GENERAL_ENERGY_SAVING
7,258.32,327.16,9941.73,82.33,106.15,Water Heating,REDUCE_HEATING_USAGE
3,411.17,449.74,20119.18,103.35,141.43,Water Heating,REDUCE_HEATING_USAGE
10,300.82,355.05,12345.47,68.31,121.15,Lighting,REDUCE_LIGHTING_USAGE
12,73.15,67.12,6310.78,11.18,18.99,Lighting,GENERAL_ENERGY_SAVING
9,237.16,235.02,8995.94,52.67,70.51,Kitchen,REDUCE_HIGH_USAGE_APPLIANCE
3,795.48,924.99,58007.89,74.68,169.73,Kitchen,HIGH_BILL_WARNING
12,244.87,234.34,16953.51,79.62,121.22,Refrigeration,OPTIMIZE_REFRIGERATION
1,352.69,351.25,6756.55,74.58,97.5,Kitchen,OPTIMIZE_REFRIGERATION
4,318.51,315.01,18821.68,60.88,80.19,Other,REDUCE_HIGH_USAGE_APPLIANCE
5,347.71,383.94,7746.23,76.71,168.39,Water Heating,REDUCE_HEATING_USAGE
11,847.56,1133.73,38629.35,153.21,246.32,Other,HIGH_BILL_WARNING
5,472.01,563.67,21245.97,66.8,150.94,Cooling,REDUCE_COOLING_USAGE
10,241.59,231.79,6722.1,17.76,74.75,Lighting,REDUCE_LIGHTING_USAGE
4,308.71,311.99,8387.5,56.13,122.43,Lighting,REDUCE_LIGHTING_USAGE
8,86.39,83.06,4262.51,2.47,11.73,Entertainment,GENERAL_ENERGY_SAVING
4,328.19,381.78,7732.64,62.35,89.68,Water Heating,REDUCE_HEATING_USAGE
9,88.53,86.48,7326.05,9.21,21.35,Lighting,GENERAL_ENERGY_SAVING
1,337.2,325.27,16520.73,89.84,103.55,Refrigeration,OPTIMIZE_REFRIGERATION
10,402.39,459.4,42232.37,41.25,99.25,Kitchen,HIGH_BILL_WARNING
6,485.0,542.79,22951.73,101.07,160.39,Cooling,REDUCE_COOLING_USAGE
7,216.72,215.97,12776.2,63.9,106.75,Kitchen,OPTIMIZE_REFRIGERATION
9,172.19,179.34,8463.45,44.92,52.3,Kitchen,OPTIMIZE_REFRIGERATION
5,297.58,374.01,17739.35,138.39,158.98,Heating,REDUCE_HEATING_USAGE
3,121.13,130.95,9054.49,10.06,49.34,Lighting,REDUCE_LIGHTING_USAGE
8,445.82,528.59,19687.84,178.15,213.37,Other,REDUCE_HIGH_USAGE_APPLIANCE
11,285.53,335.58,16960.83,62.71,95.82,Kitchen,OPTIMIZE_REFRIGERATION
11,293.46,323.78,24954.98,109.77,150.15,Cooling,REDUCE_COOLING_USAGE
11,302.29,332.94,23742.34,123.2,151.67,Cooling,REDUCE_COOLING_USAGE
6,372.39,383.36,16267.68,153.71,203.85,Laundry,REDUCE_HIGH_USAGE_APPLIANCE
10,306.08,309.69,4764.37,65.63,78.76,Kitchen,OPTIMIZE_REFRIGERATION
8,85.04,75.04,1427.33,4.11,8.62,Lighting,GENERAL_ENERGY_SAVING
7,318.87,352.06,19141.47,123.73,150.0,Kitchen,REDUCE_HIGH_USAGE_APPLIANCE
8,298.45,335.77,17101.72,58.68,103.53,Heating,REDUCE_HEATING_USAGE
3,399.0,417.11,8471.59,99.46,114.94,Kitchen,REDUCE_HIGH_USAGE_APPLIANCE
2,295.04,288.2,6772.36,19.19,70.95,Lighting,REDUCE_LIGHTING_USAGE
1,211.37,237.42,8290.83,59.57,125.68,Cooling,REDUCE_COOLING_USAGE
5,154.0,161.27,10432.26,41.88,64.39,Heating,REDUCE_HEATING_USAGE
2,328.6,378.41,8543.31,118.9,146.91,Cooling,REDUCE_COOLING_USAGE
1,705.84,865.94,29595.5,119.04,205.01,Cooling,HIGH_BILL_WARNING
4,215.78,259.03,22885.59,68.63,117.05,Cooling,REDUCE_COOLING_USAGE
8,752.96,822.88,43665.58,59.32,135.72,Laundry,HIGH_BILL_WARNING
10,449.67,577.66,27879.95,151.48,262.88,Cooling,REDUCE_COOLING_USAGE
5,244.47,266.42,8263.4,91.71,103.02,Refrigeration,OPTIMIZE_REFRIGERATION
12,317.89,340.68,10127.23,74.21,87.81,Entertainment,REDUCE_HIGH_USAGE_APPLIANCE
8,706.7,776.28,50390.15,69.27,120.71,Other,HIGH_BILL_WARNING
12,300.04,321.97,14850.04,133.72,163.88,Entertainment,REDUCE_HIGH_USAGE_APPLIANCE
6,275.54,299.29,20473.96,71.01,79.85,Other,REDUCE_HIGH_USAGE_APPLIANCE
10,243.04,277.67,14503.9,28.55,83.51,Lighting,REDUCE_LIGHTING_USAGE
6,171.67,192.59,7334.12,26.99,49.98,Heating,REDUCE_HEATING_USAGE
6,412.6,522.14,8156.34,72.23,149.48,Cooling,REDUCE_COOLING_USAGE
3,76.36,75.08,4990.2,5.96,14.97,Lighting,GENERAL_ENERGY_SAVING
10,70.18,74.75,6596.12,5.96,17.55,Entertainment,GENERAL_ENERGY_SAVING
9,281.83,276.15,7427.96,42.42,87.61,Lighting,REDUCE_LIGHTING_USAGE
4,243.53,248.02,15790.78,42.03,78.81,Lighting,REDUCE_LIGHTING_USAGE
9,265.28,304.43,11983.99,66.65,112.05,Refrigeration,OPTIMIZE_REFRIGERATION
6,82.33,76.31,5174.26,2.88,9.61,Lighting,GENERAL_ENERGY_SAVING
5,492.46,528.41,15719.06,149.24,234.74,Cooling,REDUCE_COOLING_USAGE
9,431.32,494.25,19002.27,167.65,211.04,Heating,REDUCE_HEATING_USAGE
5,148.94,142.06,6308.12,13.58,27.56,Kitchen,GENERAL_ENERGY_SAVING
6,284.82,345.39,10632.94,76.67,99.52,Other,REDUCE_HIGH_USAGE_APPLIANCE
4,304.63,335.16,16839.18,75.95,90.36,Refrigeration,OPTIMIZE_REFRIGERATION
9,807.78,927.75,40859.56,131.62,199.07,Cooling,HIGH_BILL_WARNING
8,224.64,269.4,18030.46,79.75,106.51,Cooling,REDUCE_COOLING_USAGE
3,803.43,1008.38,43411.39,157.12,234.43,Entertainment,HIGH_BILL_WARNING
9,311.18,379.52,20846.53,100.84,146.43,Heating,REDUCE_HEATING_USAGE
4,151.7,138.02,7114.08,18.81,31.74,Lighting,GENERAL_ENERGY_SAVING
3,162.21,188.71,14557.32,26.16,69.15,Lighting,REDUCE_LIGHTING_USAGE
12,143.19,154.41,17637.02,42.92,49.12,Water Heating,REDUCE_HEATING_USAGE
12,567.66,752.09,33522.9,66.17,151.99,Entertainment,HIGH_BILL_WARNING
12,733.08,877.92,59364.15,73.94,133.01,Entertainment,HIGH_BILL_WARNING
12,123.71,120.43,9157.7,16.89,34.16,Lighting,REDUCE_LIGHTING_USAGE
7,338.2,416.95,22124.22,125.77,163.14,Cooling,REDUCE_COOLING_USAGE
3,236.49,280.57,6645.85,55.35,94.26,Lighting,REDUCE_LIGHTING_USAGE
2,121.71,117.67,4385.85,13.09,37.35,Lighting,REDUCE_LIGHTING_USAGE
1,756.35,1014.2,51898.91,46.02,116.89,Laundry,HIGH_BILL_WARNING
1,440.81,563.29,15786.23,181.51,215.91,Heating,REDUCE_HEATING_USAGE
2,152.44,157.32,16426.63,37.28,46.42,Refrigeration,OPTIMIZE_REFRIGERATION
4,111.06,103.67,2696.96,9.46,23.51,Kitchen,GENERAL_ENERGY_SAVING
1,407.55,469.55,23628.17,116.15,178.84,Air Conditioning,REDUCE_COOLING_USAGE
6,449.02,459.65,18454.96,166.22,215.86,Cooling,REDUCE_COOLING_USAGE
10,210.3,243.4,15370.81,20.97,78.18,Lighting,REDUCE_LIGHTING_USAGE
6,819.26,934.87,30640.81,49.94,151.59,Entertainment,HIGH_BILL_WARNING
12,485.78,615.67,20159.0,127.3,174.36,Cooling,REDUCE_COOLING_USAGE
6,49.19,43.1,4476.31,2.18,8.79,Other,GENERAL_ENERGY_SAVING
7,449.66,488.68,16868.0,105.41,178.85,Heating,REDUCE_HEATING_USAGE
5,101.34,96.55,1016.6,11.16,25.62,Lighting,GENERAL_ENERGY_SAVING
7,238.02,273.41,6304.16,47.87,69.03,Refrigeration,OPTIMIZE_REFRIGERATION
9,432.92,552.46,60568.21,41.73,115.07,Kitchen,HIGH_BILL_WARNING
7,571.56,721.02,38217.64,67.26,183.69,Other,HIGH_BILL_WARNING
2,160.34,156.45,7451.26,23.63,43.4,Kitchen,GENERAL_ENERGY_SAVING
5,410.79,466.18,15171.96,157.63,198.92,Kitchen,REDUCE_HIGH_USAGE_APPLIANCE
3,148.53,177.97,15016.38,46.33,57.43,Water Heating,REDUCE_HEATING_USAGE
3,333.05,332.07,10466.89,137.76,146.18,Kitchen,REDUCE_HIGH_USAGE_APPLIANCE
12,724.92,891.68,32260.22,76.9,142.33,Kitchen,HIGH_BILL_WARNING
10,128.52,127.94,7069.37,3.81,15.14,Lighting,GENERAL_ENERGY_SAVING
4,190.44,230.46,17154.24,72.73,111.27,Air Conditioning,REDUCE_COOLING_USAGE
3,109.49,118.09,9592.65,6.52,26.11,Lighting,REDUCE_LIGHTING_USAGE
5,135.38,124.72,2093.22,16.55,33.01,Lighting,GENERAL_ENERGY_SAVING
3,271.82,315.36,7468.39,44.5,89.63,Lighting,REDUCE_LIGHTING_USAGE
11,217.5,222.55,10324.49,45.0,56.83,Refrigeration,OPTIMIZE_REFRIGERATION
5,236.17,280.5,21634.46,114.62,122.4,Laundry,REDUCE_HIGH_USAGE_APPLIANCE
12,132.11,138.03,2250.23,3.97,14.84,Lighting,GENERAL_ENERGY_SAVING
10,194.08,218.6,13695.34,83.05,101.57,Kitchen,REDUCE_HIGH_USAGE_APPLIANCE
12,738.47,968.01,58074.4,105.87,151.77,Laundry,HIGH_BILL_WARNING
10,734.22,806.88,41977.36,108.63,254.78,Other,HIGH_BILL_WARNING
12,146.59,153.62,4680.9,20.38,41.3,Kitchen,GENERAL_ENERGY_SAVING
9,351.11,389.29,42520.41,43.9,80.19,Entertainment,HIGH_BILL_WARNING
1,142.9,151.48,2205.09,16.81,42.3,Lighting,GENERAL_ENERGY_SAVING
6,128.63,112.01,2241.47,17.04,30.73,Lighting,GENERAL_ENERGY_SAVING
4,246.95,239.46,6394.63,51.16,88.03,Lighting,REDUCE_LIGHTING_USAGE
10,278.71,304.43,3978.59,19.37,58.57,Lighting,REDUCE_LIGHTING_USAGE
12,405.27,442.87,9508.3,155.28,211.76,Cooling,REDUCE_COOLING_USAGE
7,182.82,217.99,22665.61,54.25,80.41,Heating,REDUCE_HEATING_USAGE
7,116.09,141.15,14454.86,32.28,46.48,Kitchen,OPTIMIZE_REFRIGERATION
7,468.4,537.49,13987.17,199.39,244.08,Cooling,REDUCE_COOLING_USAGE
8,214.33,244.25,12068.74,80.84,96.14,Heating,REDUCE_HEATING_USAGE
8,102.88,88.38,2070.7,8.04,26.16,Lighting,GENERAL_ENERGY_SAVING
5,464.53,597.6,7622.14,145.61,194.64,Air Conditioning,REDUCE_COOLING_USAGE
8,548.57,661.89,29776.14,61.9,141.23,Other,HIGH_BILL_WARNING
1,114.44,110.9,10161.03,27.08,44.78,Refrigeration,OPTIMIZE_REFRIGERATION
8,664.3,730.04,54219.86,87.99,206.17,Entertainment,HIGH_BILL_WARNING
11,364.0,480.98,42418.27,23.83,66.14,Laundry,HIGH_BILL_WARNING
4,362.72,438.61,7087.19,117.36,149.88,Heating,REDUCE_HEATING_USAGE
1,516.73,529.72,12797.6,159.73,247.77,Cooling,REDUCE_COOLING_USAGE
8,131.12,139.73,15573.57,15.71,40.64,Lighting,REDUCE_LIGHTING_USAGE
4,66.56,67.53,7383.07,6.7,14.49,Kitchen,GENERAL_ENERGY_SAVING
1,467.38,523.61,10276.96,144.61,199.44,Heating,REDUCE_HEATING_USAGE
5,447.64,534.14,6729.48,124.97,192.5,Heating,REDUCE_HEATING_USAGE
3,193.05,198.23,9676.06,57.92,68.5,Refrigeration,OPTIMIZE_REFRIGERATION
5,290.63,314.84,18202.24,97.63,128.64,Refrigeration,OPTIMIZE_REFRIGERATION
9,40.12,37.06,6615.82,2.89,4.86,Lighting,GENERAL_ENERGY_SAVING
4,115.35,125.94,12873.95,8.19,29.2,Lighting,REDUCE_LIGHTING_USAGE
2,408.28,487.56,17059.65,146.37,183.59,Cooling,REDUCE_COOLING_USAGE
6,236.5,255.83,11354.91,52.69,88.55,Refrigeration,OPTIMIZE_REFRIGERATION
3,454.76,486.74,35915.27,48.94,121.23,Cooling,HIGH_BILL_WARNING
10,253.19,298.2,9252.56,65.04,117.9,Lighting,REDUCE_LIGHTING_USAGE
5,700.97,788.74,35411.24,70.06,108.01,Other,HIGH_BILL_WARNING
1,679.62,847.41,51542.64,94.12,204.09,Cooling,HIGH_BILL_WARNING
5,176.25,171.91,8118.11,19.69,63.43,Lighting,REDUCE_LIGHTING_USAGE
3,267.56,281.98,8193.07,89.83,117.34,Refrigeration,OPTIMIZE_REFRIGERATION
2,232.02,243.84,5489.75,26.51,49.01,Lighting,REDUCE_LIGHTING_USAGE
8,116.77,127.12,6493.14,11.51,33.23,Lighting,REDUCE_LIGHTING_USAGE
11,246.9,268.93,8897.78,77.58,119.48,Water Heating,REDUCE_HEATING_USAGE
1,460.96,543.84,62739.66,33.56,71.48,Entertainment,HIGH_BILL_WARNING
9,297.28,373.18,15251.63,71.28,83.48,Water Heating,REDUCE_HEATING_USAGE
12,318.56,341.17,5479.85,47.14,112.61,Lighting,REDUCE_LIGHTING_USAGE
2,436.84,496.61,21760.61,153.05,229.16,Laundry,REDUCE_HIGH_USAGE_APPLIANCE
4,410.08,444.83,9711.03,150.68,215.2,Cooling,REDUCE_COOLING_USAGE
1,81.13,80.87,2289.66,4.58,8.84,Other,GENERAL_ENERGY_SAVING
1,333.83,353.51,15911.54,142.18,151.03,Kitchen,REDUCE_HIGH_USAGE_APPLIANCE
12,119.92,103.19,5541.26,5.34,15.88,Lighting,GENERAL_ENERGY_SAVING
1,145.6,160.72,10962.52,11.59,45.07,Lighting,REDUCE_LIGHTING_USAGE
1,208.09,210.02,9778.24,87.0,96.8,Other,REDUCE_HIGH_USAGE_APPLIANCE
2,305.23,296.35,13555.59,75.28,88.89,Refrigeration,OPTIMIZE_REFRIGERATION
5,716.84,892.92,23995.55,105.24,225.7,Laundry,HIGH_BILL_WARNING
4,100.31,87.66,6013.45,14.19,29.03,Other,GENERAL_ENERGY_SAVING
11,321.1,355.68,7460.73,89.21,124.83,Air Conditioning,REDUCE_COOLING_USAGE
1,295.18,322.38,7420.67,27.25,101.19,Lighting,REDUCE_LIGHTING_USAGE
10,227.31,223.18,23127.5,97.95,113.65,Entertainment,REDUCE_HIGH_USAGE_APPLIANCE
9,906.06,1099.01,23406.79,162.42,265.55,Kitchen,HIGH_BILL_WARNING
3,221.2,239.63,7957.2,14.1,49.4,Lighting,REDUCE_LIGHTING_USAGE
3,140.99,150.27,20227.74,33.17,63.06,Heating,REDUCE_HEATING_USAGE
12,333.78,378.09,25852.2,84.79,116.53,Air Conditioning,REDUCE_COOLING_USAGE
12,420.96,448.76,23281.1,36.87,119.54,Kitchen,HIGH_BILL_WARNING
1,313.28,376.89,24876.16,60.6,134.02,Cooling,REDUCE_COOLING_USAGE
10,182.78,202.13,15259.69,59.37,67.32,Refrigeration,OPTIMIZE_REFRIGERATION
8,470.83,568.03,8763.37,140.64,203.46,Air Conditioning,REDUCE_COOLING_USAGE
10,152.17,149.92,5846.69,32.22,56.37,Refrigeration,OPTIMIZE_REFRIGERATION
5,755.99,875.47,35798.29,78.69,242.53,Cooling,HIGH_BILL_WARNING
5,161.35,192.57,11379.21,49.97,81.97,Heating,REDUCE_HEATING_USAGE
7,225.89,236.66,8507.69,68.6,104.94,Entertainment,REDUCE_HIGH_USAGE_APPLIANCE
7,466.3,481.91,6239.45,216.96,237.17,Kitchen,REDUCE_HIGH_USAGE_APPLIANCE
5,224.59,242.01,10538.52,23.53,47.47,Lighting,REDUCE_LIGHTING_USAGE
7,313.65,325.4,14536.41,114.62,154.48,Heating,REDUCE_HEATING_USAGE
10,186.62,219.81,23706.63,45.98,75.76,Heating,REDUCE_HEATING_USAGE
10,382.07,440.23,25815.53,100.64,188.81,Cooling,REDUCE_COOLING_USAGE
1,255.47,260.27,17312.62,95.54,122.4,Kitchen,OPTIMIZE_REFRIGERATION
8,220.24,250.13,17513.56,57.21,95.48,Refrigeration,OPTIMIZE_REFRIGERATION
12,343.11,433.82,12860.57,89.17,117.95,Heating,REDUCE_HEATING_USAGE
11,173.48,194.54,16475.04,38.18,52.11,Kitchen,OPTIMIZE_REFRIGERATION
12,301.46,348.58,8312.16,104.5,153.4,Entertainment,REDUCE_HIGH_USAGE_APPLIANCE
12,305.56,339.54,9120.89,36.91,82.69,Lighting,REDUCE_LIGHTING_USAGE
3,174.79,205.47,5812.85,10.65,39.05,Lighting,REDUCE_LIGHTING_USAGE
7,171.76,189.35,20278.41,58.16,90.75,Heating,REDUCE_HEATING_USAGE
6,778.32,929.34,60600.45,136.93,205.3,Cooling,HIGH_BILL_WARNING
12,392.62,494.5,16157.21,141.85,228.49,Cooling,REDUCE_COOLING_USAGE
12,279.12,302.93,14502.84,25.73,98.39,Lighting,REDUCE_LIGHTING_USAGE
5,205.75,232.23,20491.75,49.22,63.16,Heating,REDUCE_HEATING_USAGE
1,304.46,380.11,13295.6,100.62,139.96,Cooling,REDUCE_COOLING_USAGE
1,353.77,343.9,6041.22,78.57,123.16,Refrigeration,OPTIMIZE_REFRIGERATION
12,361.99,413.44,13118.94,110.85,175.78,Kitchen,OPTIMIZE_REFRIGERATION
8,160.47,194.11,13267.99,30.07,48.09,Heating,REDUCE_HEATING_USAGE
7,489.58,491.97,16586.88,133.5,283.38,Cooling,REDUCE_COOLING_USAGE
1,292.05,364.19,9464.9,101.07,139.04,Heating,REDUCE_HEATING_USAGE
3,386.7,483.28,12262.69,109.1,115.02,Entertainment,REDUCE_HIGH_USAGE_APPLIANCE
1,68.78,71.44,1993.75,2.11,8.07,Other,GENERAL_ENERGY_SAVING
5,242.56,246.32,20110.66,110.65,144.83,Air Conditioning,REDUCE_COOLING_USAGE
9,289.68,346.3,9015.09,50.15,114.74,Cooling,REDUCE_COOLING_USAGE
6,255.59,252.33,10181.99,90.91,111.22,Entertainment,REDUCE_HIGH_USAGE_APPLIANCE
8,228.56,229.75,9919.29,65.72,92.44,Cooling,REDUCE_COOLING_USAGE
8,416.43,478.65,27089.65,107.81,203.28,Cooling,REDUCE_COOLING_USAGE
3,526.61,598.71,61252.51,29.58,82.98,Kitchen,HIGH_BILL_WARNING
3,318.29,387.31,7648.48,96.3,127.92,Refrigeration,OPTIMIZE_REFRIGERATION
7,108.78,105.58,4721.52,12.88,27.27,Lighting,GENERAL_ENERGY_SAVING
12,235.32,295.79,15992.17,88.9,112.35,Heating,REDUCE_HEATING_USAGE
3,101.63,86.69,3179.67,15.86,26.52,Entertainment,GENERAL_ENERGY_SAVING
7,158.62,167.84,6953.21,5.92,25.75,Kitchen,GENERAL_ENERGY_SAVING
8,479.27,573.86,9496.1,217.54,235.57,Laundry,REDUCE_HIGH_USAGE_APPLIANCE
11,110.37,117.97,6242.56,2.97,12.3,Lighting,GENERAL_ENERGY_SAVING
1,103.44,111.51,13027.2,19.19,35.35,Lighting,REDUCE_LIGHTING_USAGE
7,175.37,181.46,7219.26,49.55,75.68,Kitchen,REDUCE_HIGH_USAGE_APPLIANCE
5,222.21,261.43,5464.06,41.18,66.89,Refrigeration,OPTIMIZE_REFRIGERATION
10,533.6,573.96,52674.24,41.82,116.02,Other,HIGH_BILL_WARNING
8,124.7,129.81,1214.09,10.29,20.6,Entertainment,GENERAL_ENERGY_SAVING
4,281.48,276.25,4718.08,51.68,87.92,Lighting,REDUCE_LIGHTING_USAGE
9,204.26,220.23,4347.88,59.99,83.59,Refrigeration,OPTIMIZE_REFRIGERATION
7,405.4,480.84,13348.08,168.84,195.08,Water Heating,REDUCE_HEATING_USAGE
9,60.22,54.32,3428.47,7.33,15.31,Other,GENERAL_ENERGY_SAVING
5,258.51,267.4,9716.44,98.13,133.21,Other,REDUCE_HIGH_USAGE_APPLIANCE
2,151.86,163.75,6760.57,11.02,38.37,Lighting,REDUCE_LIGHTING_USAGE
11,353.33,446.95,15754.08,105.14,182.64,Cooling,REDUCE_COOLING_USAGE
10,157.06,155.77,2496.65,11.19,38.14,Entertainment,GENERAL_ENERGY_SAVING
9,303.74,323.73,11074.91,47.91,77.77,Kitchen,OPTIMIZE_REFRIGERATION
12,131.51,146.2,5948.16,35.73,64.0,Kitchen,OPTIMIZE_REFRIGERATION
11,358.3,406.57,8808.42,134.2,173.85,Refrigeration,OPTIMIZE_REFRIGERATION
6,274.72,319.61,7776.61,39.48,108.8,Lighting,REDUCE_LIGHTING_USAGE
10,295.58,349.26,20701.93,59.02,128.5,Cooling,REDUCE_COOLING_USAGE
11,161.29,163.71,12357.02,34.06,44.96,Kitchen,REDUCE_HIGH_USAGE_APPLIANCE
8,359.45,403.43,6142.31,114.72,144.94,Entertainment,REDUCE_HIGH_USAGE_APPLIANCE
4,247.17,240.89,8728.37,31.32,85.28,Lighting,REDUCE_LIGHTING_USAGE
7,242.91,251.89,15806.92,39.39,85.0,Water Heating,REDUCE_HEATING_USAGE
2,92.45,98.05,7379.88,6.2,30.65,Lighting,REDUCE_LIGHTING_USAGE
3,414.74,514.65,61280.97,73.84,125.63,Entertainment,HIGH_BILL_WARNING
10,138.32,144.57,3593.37,3.17,15.73,Kitchen,GENERAL_ENERGY_SAVING
1,721.83,863.18,29766.1,60.16,119.0,Laundry,HIGH_BILL_WARNING
10,331.29,328.99,8743.52,122.11,136.3,Other,REDUCE_HIGH_USAGE_APPLIANCE
12,758.11,832.69,51808.82,156.04,234.27,Laundry,HIGH_BILL_WARNING
5,345.09,357.21,16063.04,70.55,91.28,Water Heating,REDUCE_HEATING_USAGE
5,655.68,704.52,48040.95,75.03,115.17,Kitchen,HIGH_BILL_WARNING
11,355.83,391.73,14453.13,75.29,103.34,Other,REDUCE_HIGH_USAGE_APPLIANCE
1,402.15,420.16,18912.1,112.58,236.23,Air Conditioning,REDUCE_COOLING_USAGE
8,321.5,353.33,21749.32,61.94,83.99,Water Heating,REDUCE_HEATING_USAGE
12,78.61,71.88,1385.31,6.33,11.39,Kitchen,GENERAL_ENERGY_SAVING
2,404.89,508.47,9539.36,106.37,161.08,Heating,REDUCE_HEATING_USAGE
6,786.51,1056.67,34866.35,152.44,256.22,Other,HIGH_BILL_WARNING
3,442.71,534.79,61474.29,75.68,116.95,Other,HIGH_BILL_WARNING
9,438.69,505.86,20098.57,91.69,130.03,Water Heating,REDUCE_HEATING_USAGE
8,330.38,385.41,21948.69,75.51,122.93,Cooling,REDUCE_COOLING_USAGE
10,239.61,243.09,17820.39,42.53,74.58,Kitchen,OPTIMIZE_REFRIGERATION
5,65.0,62.49,2599.98,8.44,18.1,Entertainment,GENERAL_ENERGY_SAVING
11,345.45,366.76,23681.28,104.07,194.57,Cooling,REDUCE_COOLING_USAGE
5,78.39,79.71,6255.22,11.82,19.94,Lighting,GENERAL_ENERGY_SAVING
8,626.43,639.8,57633.18,111.68,165.97,Entertainment,HIGH_BILL_WARNING
8,124.33,143.49,9902.1,49.83,59.9,Kitchen,OPTIMIZE_REFRIGERATION
11,377.41,439.5,13975.06,123.67,147.76,Kitchen,OPTIMIZE_REFRIGERATION
1,174.72,179.05,11578.55,60.38,74.85,Refrigeration,OPTIMIZE_REFRIGERATION
12,159.92,175.94,9097.35,47.94,70.45,Heating,REDUCE_HEATING_USAGE
11,268.11,313.49,6356.71,19.34,68.11,Lighting,REDUCE_LIGHTING_USAGE
1,369.64,442.13,8823.27,76.02,152.26,Heating,REDUCE_HEATING_USAGE
3,149.02,128.27,4995.94,12.72,36.66,Kitchen,GENERAL_ENERGY_SAVING
10,333.12,383.71,24846.66,141.91,174.65,Laundry,REDUCE_HIGH_USAGE_APPLIANCE
4,310.32,311.96,19570.8,86.4,105.31,Other,REDUCE_HIGH_USAGE_APPLIANCE
6,323.95,337.61,13953.55,124.02,137.31,Refrigeration,OPTIMIZE_REFRIGERATION
10,388.4,490.65,7086.64,119.95,141.27,Cooling,REDUCE_COOLING_USAGE
3,164.9,176.21,5246.73,10.27,28.2,Lighting,GENERAL_ENERGY_SAVING
11,231.4,271.72,22898.63,93.13,121.83,Cooling,REDUCE_COOLING_USAGE
8,87.88,84.44,3599.19,4.42,11.63,Other,GENERAL_ENERGY_SAVING
1,481.29,576.94,49767.69,66.94,125.48,Entertainment,HIGH_BILL_WARNING
11,466.4,509.27,21757.84,158.16,196.58,Heating,REDUCE_HEATING_USAGE
1,433.25,433.18,11451.72,192.41,228.25,Kitchen,REDUCE_HIGH_USAGE_APPLIANCE
5,479.94,510.91,10485.12,122.23,138.17,Heating,REDUCE_HEATING_USAGE
5,459.39,534.72,27250.09,165.57,220.97,Air Conditioning,REDUCE_COOLING_USAGE
3,152.88,181.15,9010.94,47.01,72.43,Kitchen,OPTIMIZE_REFRIGERATION
3,619.01,711.58,40041.91,144.21,216.25,Cooling,HIGH_BILL_WARNING
6,66.15,57.02,6391.43,8.07,16.0,Kitchen,GENERAL_ENERGY_SAVING
8,726.7,834.36,62568.0,37.23,123.61,Entertainment,HIGH_BILL_WARNING
5,455.53,462.23,25987.26,136.88,219.53,Cooling,REDUCE_COOLING_USAGE
4,724.51,943.43,45258.2,57.92,171.52,Kitchen,HIGH_BILL_WARNING
4,300.22,366.11,18952.33,129.78,156.2,Cooling,REDUCE_COOLING_USAGE
11,59.68,52.16,1790.32,3.5,8.33,Other,GENERAL_ENERGY_SAVING
3,110.03,123.68,12344.3,45.31,53.22,Refrigeration,OPTIMIZE_REFRIGERATION
6,204.73,200.9,11985.27,55.55,84.7,Refrigeration,OPTIMIZE_REFRIGERATION
7,139.44,133.21,3269.0,5.23,23.02,Kitchen,GENERAL_ENERGY_SAVING
11,767.91,911.03,63603.75,150.78,223.04,Kitchen,HIGH_BILL_WARNING
2,693.58,732.68,39263.03,112.28,169.25,Other,HIGH_BILL_WARNING
6,322.4,354.7,4750.7,138.13,150.1,Kitchen,OPTIMIZE_REFRIGERATION
6,159.64,180.81,18647.58,45.06,68.42,Heating,REDUCE_HEATING_USAGE
7,241.49,241.46,16660.27,82.58,120.91,Laundry,REDUCE_HIGH_USAGE_APPLIANCE
8,162.69,139.52,5885.34,17.11,29.41,Other,GENERAL_ENERGY_SAVING
8,383.45,456.51,23263.49,145.25,167.63,Kitchen,REDUCE_HIGH_USAGE_APPLIANCE
12,317.52,318.98,15361.76,61.9,91.42,Kitchen,OPTIMIZE_REFRIGERATION
11,471.58,576.9,19062.87,152.96,191.04,Kitchen,REDUCE_HIGH_USAGE_APPLIANCE
5,436.69,551.96,15543.68,86.44,130.91,Heating,REDUCE_HEATING_USAGE
8,361.71,425.17,54398.09,27.6,61.32,Kitchen,HIGH_BILL_WARNING
7,379.07,416.31,63607.33,24.65,72.96,Kitchen,HIGH_BILL_WARNING
8,152.3,132.51,2367.09,13.43,42.75,Kitchen,GENERAL_ENERGY_SAVING
3,267.37,324.99,7252.54,67.17,95.09,Kitchen,REDUCE_HIGH_USAGE_APPLIANCE
12,165.63,184.97,3661.58,14.92,43.53,Lighting,REDUCE_LIGHTING_USAGE
5,246.95,269.52,7352.74,82.86,120.54,Kitchen,OPTIMIZE_REFRIGERATION
11,392.57,444.49,21849.82,79.42,161.31,Cooling,REDUCE_COOLING_USAGE
6,126.89,138.98,1241.61,7.84,19.93,Entertainment,GENERAL_ENERGY_SAVING
10,228.52,268.19,13462.69,53.92,94.12,Refrigeration,OPTIMIZE_REFRIGERATION
8,161.26,182.23,23447.15,47.82,71.94,Laundry,REDUCE_HIGH_USAGE_APPLIANCE
4,426.29,526.88,9872.18,124.77,188.3,Heating,REDUCE_HEATING_USAGE
8,414.56,492.55,25668.11,131.22,146.69,Kitchen,REDUCE_HIGH_USAGE_APPLIANCE
10,269.47,291.66,8593.06,88.77,110.13,Kitchen,OPTIMIZE_REFRIGERATION
7,163.63,163.51,15878.25,26.19,65.56,Lighting,REDUCE_LIGHTING_USAGE
5,432.39,570.62,22104.52,76.96,135.49,Entertainment,HIGH_BILL_WARNING
2,404.49,397.4,18371.01,118.68,134.76,Other,REDUCE_HIGH_USAGE_APPLIANCE
9,322.86,324.04,16357.1,70.17,130.27,Cooling,REDUCE_COOLING_USAGE
2,473.16,528.34,16155.23,114.07,157.18,Heating,REDUCE_HEATING_USAGE
8,212.98,254.62,23955.65,70.8,120.56,Cooling,REDUCE_COOLING_USAGE
9,262.83,266.02,14373.16,39.03,82.26,Lighting,REDUCE_LIGHTING_USAGE
9,606.56,773.54,42170.92,66.47,156.62,Other,HIGH_BILL_WARNING
2,138.92,124.68,7146.21,11.9,29.58,Other,GENERAL_ENERGY_SAVING
12,590.09,690.96,37076.65,84.39,125.16,Cooling,HIGH_BILL_WARNING
12,251.1,247.15,20134.67,77.97,95.88,Laundry,REDUCE_HIGH_USAGE_APPLIANCE
12,76.44,77.87,6343.63,3.88,8.81,Entertainment,GENERAL_ENERGY_SAVING
12,82.32,86.34,1923.75,4.68,14.09,Lighting,GENERAL_ENERGY_SAVING
3,170.76,180.78,13967.96,14.73,64.17,Lighting,REDUCE_LIGHTING_USAGE
7,439.46,481.92,6256.7,159.33,187.09,Heating,REDUCE_HEATING_USAGE
5,141.34,141.38,3872.78,13.46,34.46,Lighting,GENERAL_ENERGY_SAVING
11,614.36,709.6,54142.84,61.92,147.5,Laundry,HIGH_BILL_WARNING
3,313.91,348.61,11468.43,92.8,127.62,Other,REDUCE_HIGH_USAGE_APPLIANCE
12,416.4,461.49,22177.86,174.39,217.8,Cooling,REDUCE_COOLING_USAGE
1,812.38,858.86,50264.35,63.78,158.26,Laundry,HIGH_BILL_WARNING
10,334.12,408.33,17971.49,79.08,107.05,Heating,REDUCE_HEATING_USAGE
9,126.19,143.87,11118.78,34.72,62.45,Refrigeration,OPTIMIZE_REFRIGERATION
3,244.19,243.49,16062.26,60.06,69.02,Other,REDUCE_HIGH_USAGE_APPLIANCE
9,116.4,127.7,2196.36,9.36,19.11,Lighting,GENERAL_ENERGY_SAVING
7,731.05,869.94,62388.03,70.49,225.92,Entertainment,HIGH_BILL_WARNING
12,386.8,461.47,21759.45,70.53,154.16,Cooling,REDUCE_COOLING_USAGE
7,512.74,583.54,16692.75,148.53,167.97,Kitchen,REDUCE_HIGH_USAGE_APPLIANCE
3,357.95,354.82,25138.65,113.11,151.67,Kitchen,REDUCE_HIGH_USAGE_APPLIANCE
2,42.6,45.78,6452.93,2.14,4.85,Kitchen,GENERAL_ENERGY_SAVING
11,227.81,269.42,17760.03,47.01,71.85,Kitchen,REDUCE_HIGH_USAGE_APPLIANCE
12,800.57,930.11,31585.57,93.33,136.25,Other,HIGH_BILL_WARNING
12,264.53,268.41,21465.44,88.35,127.08,Kitchen,REDUCE_HIGH_USAGE_APPLIANCE
2,165.68,180.63,19893.26,34.34,52.25,Heating,REDUCE_HEATING_USAGE
6,175.99,226.16,19185.68,34.33,47.68,Water Heating,REDUCE_HEATING_USAGE
9,210.0,252.6,11728.18,14.19,68.39,Lighting,REDUCE_LIGHTING_USAGE
10,115.85,118.42,3120.45,18.16,34.38,Entertainment,GENERAL_ENERGY_SAVING
9,320.68,306.09,18853.87,52.4,83.55,Refrigeration,OPTIMIZE_REFRIGERATION
4,155.48,169.87,13785.97,8.75,35.31,Lighting,REDUCE_LIGHTING_USAGE
4,280.87,324.03,22665.24,122.39,140.66,Heating,REDUCE_HEATING_USAGE
7,564.06,707.42,36073.24,42.66,97.54,Entertainment,HIGH_BILL_WARNING
12,150.35,172.5,5046.16,43.86,49.15,Refrigeration,OPTIMIZE_REFRIGERATION
10,752.67,803.68,46747.41,138.41,228.53,Kitchen,HIGH_BILL_WARNING
7,193.26,237.82,24225.56,61.65,76.69,Cooling,REDUCE_COOLING_USAGE
1,499.55,501.69,8203.35,134.5,198.38,Other,REDUCE_HIGH_USAGE_APPLIANCE
6,341.02,362.63,18663.85,55.53,120.05,Air Conditioning,REDUCE_COOLING_USAGE
3,275.24,296.0,21404.1,88.29,106.78,Heating,REDUCE_HEATING_USAGE
3,467.61,460.61,17966.93,188.34,211.34,Other,REDUCE_HIGH_USAGE_APPLIANCE
11,226.84,220.02,26825.88,38.14,71.76,Air Conditioning,REDUCE_COOLING_USAGE
2,389.47,390.96,23746.03,115.13,163.26,Entertainment,REDUCE_HIGH_USAGE_APPLIANCE
5,253.63,231.01,25988.41,60.66,65.01,Kitchen,REDUCE_HIGH_USAGE_APPLIANCE
4,330.74,408.22,15576.99,125.23,132.39,Entertainment,REDUCE_HIGH_USAGE_APPLIANCE
4,250.36,305.72,12573.51,47.2,92.75,Cooling,REDUCE_COOLING_USAGE
3,142.52,138.23,5787.58,10.9,40.55,Entertainment,GENERAL_ENERGY_SAVING
3,445.63,474.06,20499.89,159.96,200.43,Cooling,REDUCE_COOLING_USAGE
5,293.84,373.07,19535.1,112.74,165.03,Cooling,REDUCE_COOLING_USAGE
2,45.89,47.19,4634.5,5.03,9.74,Kitchen,GENERAL_ENERGY_SAVING
9,292.44,375.31,22228.61,76.32,172.01,Air Conditioning,REDUCE_COOLING_USAGE
3,328.57,350.54,17911.7,105.85,135.87,Kitchen,OPTIMIZE_REFRIGERATION
4,184.57,232.65,22199.24,62.02,84.43,Cooling,REDUCE_COOLING_USAGE
6,286.09,320.99,5554.71,32.79,69.39,Lighting,REDUCE_LIGHTING_USAGE
2,326.77,328.45,13372.6,101.21,133.67,Refrigeration,OPTIMIZE_REFRIGERATION
10,377.81,413.98,14592.42,93.85,110.09,Kitchen,OPTIMIZE_REFRIGERATION
8,106.85,116.01,2047.77,4.39,11.8,Other,GENERAL_ENERGY_SAVING
9,608.38,718.79,39507.65,80.13,203.7,Other,HIGH_BILL_WARNING
4,77.89,83.01,5120.49,6.68,11.29,Kitchen,GENERAL_ENERGY_SAVING
9,150.01,155.06,1494.14,7.69,18.5,Lighting,GENERAL_ENERGY_SAVING
10,354.34,468.61,54316.6,26.14,53.43,Cooling,HIGH_BILL_WARNING
3,390.29,463.09,53628.32,52.2,117.9,Cooling,HIGH_BILL_WARNING
11,369.72,416.5,15906.34,135.62,181.5,Refrigeration,OPTIMIZE_REFRIGERATION
12,259.04,255.44,14066.46,32.52,78.21,Lighting,REDUCE_LIGHTING_USAGE
6,91.82,96.9,4752.6,11.96,26.05,Lighting,REDUCE_LIGHTING_USAGE
2,269.66,291.2,19096.38,81.92,115.69,Air Conditioning,REDUCE_COOLING_USAGE
8,503.89,522.45,7957.23,233.86,276.55,Other,REDUCE_HIGH_USAGE_APPLIANCE
8,621.66,820.17,40414.12,48.8,98.91,Laundry,HIGH_BILL_WARNING
11,221.26,282.23,18907.1,73.72,86.34,Other,REDUCE_HIGH_USAGE_APPLIANCE
11,788.33,1042.92,36765.98,78.65,170.33,Entertainment,HIGH_BILL_WARNING
8,469.17,591.19,50508.13,69.91,147.97,Entertainment,HIGH_BILL_WARNING
8,450.61,585.87,19874.0,105.37,166.31,Heating,REDUCE_HEATING_USAGE
1,285.68,332.66,6809.38,30.61,77.85,Lighting,REDUCE_LIGHTING_USAGE
5,266.77,301.78,5408.88,11.57,56.27,Lighting,REDUCE_LIGHTING_USAGE
1,432.3,496.13,35533.55,23.79,65.08,Kitchen,HIGH_BILL_WARNING
5,810.24,888.36,36231.18,49.29,133.86,Other,HIGH_BILL_WARNING
11,521.94,603.28,25149.18,174.39,256.06,Cooling,REDUCE_COOLING_USAGE
6,205.39,252.54,25263.6,36.98,74.38,Cooling,REDUCE_COOLING_USAGE
6,296.29,339.78,9500.35,66.8,141.54,Heating,REDUCE_HEATING_USAGE
5,157.98,159.58,16781.95,53.74,56.87,Refrigeration,OPTIMIZE_REFRIGERATION
10,717.54,878.48,63452.85,75.39,248.52,Kitchen,HIGH_BILL_WARNING
4,418.63,435.73,6578.72,184.81,224.62,Kitchen,REDUCE_HIGH_USAGE_APPLIANCE
12,167.15,204.81,23817.88,55.04,59.78,Kitchen,REDUCE_HIGH_USAGE_APPLIANCE
1,301.27,353.82,9430.79,79.09,103.06,Refrigeration,OPTIMIZE_REFRIGERATION
11,224.69,255.33,21426.48,72.66,89.05,Other,REDUCE_HIGH_USAGE_APPLIANCE
8,177.53,173.16,6126.6,38.72,65.26,Kitchen,OPTIMIZE_REFRIGERATION
9,401.93,469.31,24469.37,146.67,168.45,Entertainment,REDUCE_HIGH_USAGE_APPLIANCE
4,315.32,355.35,7809.03,39.33,84.59,Lighting,REDUCE_LIGHTING_USAGE
3,182.05,206.61,16669.5,47.34,60.72,Heating,REDUCE_HEATING_USAGE
4,433.37,453.02,17455.22,145.01,196.36,Other,REDUCE_HIGH_USAGE_APPLIANCE
10,182.85,188.51,21652.45,35.83,63.87,Heating,REDUCE_HEATING_USAGE
3,436.62,558.29,19367.95,117.14,234.07,Air Conditioning,REDUCE_COOLING_USAGE
12,167.18,197.28,12860.4,48.29,68.11,Heating,REDUCE_HEATING_USAGE
7,351.48,347.54,14779.51,124.62,161.14,Entertainment,REDUCE_HIGH_USAGE_APPLIANCE
2,418.39,423.69,8161.87,162.58,216.2,Cooling,REDUCE_COOLING_USAGE
4,301.99,300.15,9624.09,65.09,91.92,Entertainment,REDUCE_HIGH_USAGE_APPLIANCE
8,260.53,258.48,7157.76,19.6,95.84,Lighting,REDUCE_LIGHTING_USAGE
1,224.43,261.49,16273.46,66.15,82.58,Heating,REDUCE_HEATING_USAGE
8,287.78,301.68,23744.82,94.77,132.64,Heating,REDUCE_HEATING_USAGE
4,329.9,361.26,14666.02,105.38,162.24,Refrigeration,OPTIMIZE_REFRIGERATION
12,427.08,539.62,42103.7,64.41,114.97,Entertainment,HIGH_BILL_WARNING
4,330.13,415.33,23924.7,109.46,148.09,Heating,REDUCE_HEATING_USAGE
1,248.45,266.8,6707.69,50.07,79.37,Refrigeration,OPTIMIZE_REFRIGERATION
2,174.98,189.49,2984.57,16.62,45.27,Entertainment,GENERAL_ENERGY_SAVING
4,275.68,321.95,5601.24,39.41,101.21,Lighting,REDUCE_LIGHTING_USAGE
8,213.63,225.58,3512.51,34.8,91.41,Lighting,REDUCE_LIGHTING_USAGE
6,455.06,511.71,24773.43,127.75,195.13,Entertainment,REDUCE_HIGH_USAGE_APPLIANCE
5,247.79,249.4,9982.39,50.81,70.22,Heating,REDUCE_HEATING_USAGE
1,191.02,192.15,17637.55,67.59,86.79,Heating,REDUCE_HEATING_USAGE
2,150.29,154.54,6724.18,20.82,37.36,Lighting,REDUCE_LIGHTING_USAGE
4,388.25,420.59,13518.81,121.16,239.59,Cooling,REDUCE_COOLING_USAGE
4,332.57,334.35,22017.47,114.32,181.23,Water Heating,REDUCE_HEATING_USAGE
1,425.75,483.85,15830.2,151.21,171.01,Water Heating,REDUCE_HEATING_USAGE
2,219.33,216.61,18056.01,47.68,58.83,Kitchen,OPTIMIZE_REFRIGERATION
6,169.3,150.54,5311.94,22.14,41.17,Entertainment,GENERAL_ENERGY_SAVING
10,143.56,145.53,14404.27,22.49,39.68,Heating,REDUCE_HEATING_USAGE
8,402.89,494.77,23229.81,95.99,200.1,Air Conditioning,REDUCE_COOLING_USAGE
8,196.45,232.78,14871.79,37.26,62.21,Kitchen,OPTIMIZE_REFRIGERATION
3,334.35,425.07,11875.65,91.58,123.86,Heating,REDUCE_HEATING_USAGE
10,90.4,108.14,7328.3,6.07,18.36,Lighting,REDUCE_LIGHTING_USAGE
5,408.63,435.92,38748.93,19.75,65.45,Other,HIGH_BILL_WARNING
5,352.03,411.75,60776.08,18.69,56.49,Entertainment,HIGH_BILL_WARNING
2,63.73,63.5,1873.54,6.33,15.78,Lighting,GENERAL_ENERGY_SAVING
11,146.33,145.47,9103.39,12.05,38.37,Lighting,REDUCE_LIGHTING_USAGE
9,512.3,647.7,10840.31,126.71,241.99,Cooling,REDUCE_COOLING_USAGE
2,95.06,103.47,4213.03,11.19,23.87,Entertainment,GENERAL_ENERGY_SAVING
12,136.09,160.19,11848.25,18.15,53.93,Lighting,REDUCE_LIGHTING_USAGE
7,62.76,66.7,5125.25,2.94,7.59,Kitchen,GENERAL_ENERGY_SAVING
4,378.01,480.63,34803.79,43.32,102.38,Cooling,HIGH_BILL_WARNING
7,540.99,555.08,19336.44,120.05,207.08,Cooling,REDUCE_COOLING_USAGE
5,184.17,194.92,10144.13,34.4,52.0,Laundry,REDUCE_HIGH_USAGE_APPLIANCE
8,434.69,485.13,13094.63,95.88,163.25,Water Heating,REDUCE_HEATING_USAGE
6,434.35,433.68,12663.63,159.41,201.49,Other,REDUCE_HIGH_USAGE_APPLIANCE
9,299.92,352.88,13288.59,66.19,122.97,Lighting,REDUCE_LIGHTING_USAGE
1,276.82,305.36,27004.19,99.76,154.44,Air Conditioning,REDUCE_COOLING_USAGE
5,689.08,855.94,60379.18,110.63,217.32,Laundry,HIGH_BILL_WARNING
3,450.99,485.89,24241.38,196.75,219.41,Entertainment,REDUCE_HIGH_USAGE_APPLIANCE
2,307.72,335.94,14581.13,77.17,129.67,Lighting,REDUCE_LIGHTING_USAGE
3,168.09,173.18,16000.76,49.27,66.69,Heating,REDUCE_HEATING_USAGE
11,374.52,422.07,14293.07,90.37,217.93,Cooling,REDUCE_COOLING_USAGE
1,133.29,126.42,6751.06,12.79,23.43,Entertainment,GENERAL_ENERGY_SAVING
9,450.44,512.39,8329.94,126.2,224.88,Air Conditioning,REDUCE_COOLING_USAGE
11,151.91,130.92,2903.15,12.19,41.45,Other,GENERAL_ENERGY_SAVING
3,519.77,629.54,15149.53,147.01,167.54,Entertainment,REDUCE_HIGH_USAGE_APPLIANCE
8,156.07,186.09,4947.74,20.42,43.91,Lighting,REDUCE_LIGHTING_USAGE
5,270.2,302.56,9272.45,100.16,133.55,Kitchen,OPTIMIZE_REFRIGERATION
9,162.75,152.99,3499.35,14.77,39.86,Other,GENERAL_ENERGY_SAVING
5,260.58,269.41,10514.57,69.7,127.65,Cooling,REDUCE_COOLING_USAGE
7,178.37,204.99,4471.53,58.04,88.29,Refrigeration,OPTIMIZE_REFRIGERATION
9,139.17,141.8,3414.94,14.5,27.16,Lighting,GENERAL_ENERGY_SAVING
10,365.5,464.36,17007.25,64.48,107.45,Water Heating,REDUCE_HEATING_USAGE
9,117.66,132.74,9157.06,9.24,27.25,Lighting,REDUCE_LIGHTING_USAGE
12,497.48,619.61,21788.29,217.51,238.89,Other,REDUCE_HIGH_USAGE_APPLIANCE
5,57.55,55.16,3549.99,8.69,17.02,Other,GENERAL_ENERGY_SAVING
9,435.75,476.41,10630.27,159.63,202.82,Other,REDUCE_HIGH_USAGE_APPLIANCE
11,451.44,546.66,27926.55,69.09,135.49,Laundry,HIGH_BILL_WARNING
9,207.0,219.05,13764.27,15.62,72.37,Lighting,REDUCE_LIGHTING_USAGE
10,259.77,266.95,6987.04,24.11,76.59,Lighting,REDUCE_LIGHTING_USAGE
2,281.53,326.04,19853.13,91.83,128.77,Cooling,REDUCE_COOLING_USAGE
12,178.93,227.09,15717.76,32.66,68.92,Heating,REDUCE_HEATING_USAGE
2,145.13,146.24,6957.66,20.36,42.29,Other,GENERAL_ENERGY_SAVING
7,279.68,305.41,16188.4,74.47,132.77,Heating,REDUCE_HEATING_USAGE
10,373.81,388.98,10048.2,187.79,223.8,Cooling,REDUCE_COOLING_USAGE
6,261.71,336.88,27765.6,70.19,116.06,Air Conditioning,REDUCE_COOLING_USAGE
7,75.77,66.99,6367.43,8.2,21.78,Other,GENERAL_ENERGY_SAVING
3,155.87,176.41,11136.58,30.92,48.57,Water Heating,REDUCE_HEATING_USAGE
7,213.93,272.37,26539.91,93.05,116.59,Cooling,REDUCE_COOLING_USAGE
12,263.68,252.52,12126.55,49.08,74.15,Refrigeration,OPTIMIZE_REFRIGERATION
5,254.21,276.06,21093.6,87.38,116.86,Cooling,REDUCE_COOLING_USAGE
6,281.74,322.08,18457.38,64.87,75.66,Water Heating,REDUCE_HEATING_USAGE
6,296.56,299.85,24344.67,102.47,134.29,Entertainment,REDUCE_HIGH_USAGE_APPLIANCE
8,379.49,432.23,11337.6,165.55,198.28,Water Heating,REDUCE_HEATING_USAGE
12,409.34,403.3,11305.39,139.11,154.72,Laundry,REDUCE_HIGH_USAGE_APPLIANCE
3,270.23,302.34,5036.49,52.28,69.47,Refrigeration,OPTIMIZE_REFRIGERATION
2,228.85,252.65,13121.85,68.41,99.13,Cooling,REDUCE_COOLING_USAGE
10,323.16,344.27,16086.66,73.43,109.58,Refrigeration,OPTIMIZE_REFRIGERATION
12,173.62,211.91,14370.99,33.82,59.02,Heating,REDUCE_HEATING_USAGE
12,585.01,654.75,48359.94,60.28,117.51,Other,HIGH_BILL_WARNING
12,201.39,220.14,11392.39,61.71,72.99,Kitchen,OPTIMIZE_REFRIGERATION
6,506.19,536.21,64526.3,94.59,165.69,Kitchen,HIGH_BILL_WARNING
7,148.98,168.51,8876.67,59.69,66.5,Refrigeration,OPTIMIZE_REFRIGERATION
4,525.56,549.86,23177.72,199.8,235.86,Air Conditioning,REDUCE_COOLING_USAGE
7,303.69,320.87,4136.94,25.42,107.54,Lighting,REDUCE_LIGHTING_USAGE
11,324.9,353.11,22742.32,131.12,143.9,Entertainment,REDUCE_HIGH_USAGE_APPLIANCE
2,208.76,247.41,11870.51,33.6,62.79,Lighting,REDUCE_LIGHTING_USAGE
9,146.51,168.49,7280.41,26.55,47.42,Refrigeration,OPTIMIZE_REFRIGERATION
7,455.93,614.88,25558.26,39.81,75.25,Kitchen,HIGH_BILL_WARNING
7,327.09,382.16,8011.13,120.21,131.48,Entertainment,REDUCE_HIGH_USAGE_APPLIANCE
8,131.73,118.94,2029.35,16.43,31.67,Lighting,GENERAL_ENERGY_SAVING
3,471.2,573.04,15812.72,88.49,148.17,Air Conditioning,REDUCE_COOLING_USAGE
12,148.19,168.1,5721.98,30.37,50.23,Refrigeration,OPTIMIZE_REFRIGERATION
3,282.43,346.63,12676.89,99.64,140.7,Laundry,REDUCE_HIGH_USAGE_APPLIANCE
1,440.67,497.69,16118.21,147.19,218.61,Cooling,REDUCE_COOLING_USAGE
10,367.85,427.42,20900.51,122.21,191.87,Cooling,REDUCE_COOLING_USAGE
6,363.79,385.23,18145.38,64.91,107.05,Kitchen,OPTIMIZE_REFRIGERATION
11,309.31,362.4,10675.78,96.87,122.13,Refrigeration,OPTIMIZE_REFRIGERATION
5,112.05,98.6,3177.15,4.88,14.44,Lighting,GENERAL_ENERGY_SAVING
1,177.64,176.68,3999.6,12.36,23.5,Kitchen,GENERAL_ENERGY_SAVING
8,71.78,77.19,3799.98,2.74,11.33,Other,GENERAL_ENERGY_SAVING
9,203.3,220.39,12436.51,12.22,52.36,Lighting,REDUCE_LIGHTING_USAGE
12,321.12,400.32,11617.18,46.71,99.3,Air Conditioning,REDUCE_COOLING_USAGE
3,329.39,385.38,22034.15,70.14,98.96,Entertainment,REDUCE_HIGH_USAGE_APPLIANCE
11,386.46,429.32,16724.33,80.46,141.56,Cooling,REDUCE_COOLING_USAGE
9,366.42,470.35,25100.64,86.3,114.69,Cooling,REDUCE_COOLING_USAGE
12,315.24,372.44,18471.99,84.98,98.41,Kitchen,REDUCE_HIGH_USAGE_APPLIANCE
7,231.9,232.76,9285.91,37.56,80.08,Water Heating,REDUCE_HEATING_USAGE
7,65.64,66.17,6838.21,7.38,18.88,Entertainment,GENERAL_ENERGY_SAVING
9,530.97,600.16,45449.94,106.87,171.65,Kitchen,HIGH_BILL_WARNING
7,194.15,241.89,22590.37,82.28,93.82,Heating,REDUCE_HEATING_USAGE
6,134.42,142.68,5603.91,7.8,18.19,Kitchen,GENERAL_ENERGY_SAVING
5,226.92,231.69,13683.25,43.83,73.43,Heating,REDUCE_HEATING_USAGE
2,263.04,285.42,11610.67,76.74,139.92,Heating,REDUCE_HEATING_USAGE
5,260.93,294.67,6622.23,31.49,70.6,Lighting,REDUCE_LIGHTING_USAGE
9,235.26,296.16,19790.61,32.86,66.53,Water Heating,REDUCE_HEATING_USAGE
12,332.85,350.01,8165.28,125.98,133.92,Kitchen,OPTIMIZE_REFRIGERATION
10,508.33,512.29,15277.57,181.09,256.4,Cooling,REDUCE_COOLING_USAGE
4,326.76,322.49,12003.71,124.81,153.31,Kitchen,REDUCE_HIGH_USAGE_APPLIANCE
12,428.19,435.13,24761.28,184.33,216.5,Entertainment,REDUCE_HIGH_USAGE_APPLIANCE
5,162.37,192.95,8754.53,66.64,81.75,Other,REDUCE_HIGH_USAGE_APPLIANCE
5,144.96,143.83,5762.07,37.12,41.12,Refrigeration,OPTIMIZE_REFRIGERATION
11,411.37,433.45,9215.8,126.68,215.87,Cooling,REDUCE_COOLING_USAGE
12,104.05,108.32,2702.4,5.46,19.44,Entertainment,GENERAL_ENERGY_SAVING
11,814.22,880.39,49553.0,90.34,158.57,Kitchen,HIGH_BILL_WARNING
2,358.65,417.32,24408.51,160.2,176.28,Other,REDUCE_HIGH_USAGE_APPLIANCE
9,142.84,147.54,2913.12,8.58,35.23,Kitchen,GENERAL_ENERGY_SAVING
11,143.4,124.59,6088.34,5.04,19.38,Entertainment,GENERAL_ENERGY_SAVING
6,261.58,285.08,9355.45,56.54,107.36,Lighting,REDUCE_LIGHTING_USAGE
9,494.06,598.73,16743.7,180.21,198.13,Other,REDUCE_HIGH_USAGE_APPLIANCE
4,294.21,355.46,15038.73,95.33,110.27,Kitchen,REDUCE_HIGH_USAGE_APPLIANCE
11,376.32,398.21,27122.69,111.89,200.53,Cooling,REDUCE_COOLING_USAGE
8,704.75,717.94,36463.53,126.56,249.12,Cooling,HIGH_BILL_WARNING
2,170.79,166.38,2471.12,16.41,44.74,Lighting,GENERAL_ENERGY_SAVING
9,470.11,534.28,27903.88,166.73,200.69,Air Conditioning,REDUCE_COOLING_USAGE
9,57.11,60.53,6063.19,6.07,14.75,Entertainment,GENERAL_ENERGY_SAVING
2,113.78,131.77,6329.65,39.48,48.18,Refrigeration,OPTIMIZE_REFRIGERATION
2,472.76,542.93,10985.38,194.02,228.29,Heating,REDUCE_HEATING_USAGE
8,602.99,783.01,56855.13,57.76,106.73,Kitchen,HIGH_BILL_WARNING
9,348.73,431.27,10775.74,99.29,167.85,Air Conditioning,REDUCE_COOLING_USAGE
7,253.12,266.33,13149.75,61.29,75.02,Laundry,REDUCE_HIGH_USAGE_APPLIANCE
1,646.44,741.42,52971.13,59.8,140.9,Cooling,HIGH_BILL_WARNING
10,333.88,379.17,20307.39,91.35,126.2,Heating,REDUCE_HEATING_USAGE
9,77.86,71.19,2133.02,8.99,20.89,Entertainment,GENERAL_ENERGY_SAVING
5,475.52,525.86,21431.2,186.52,211.36,Heating,REDUCE_HEATING_USAGE
5,53.1,46.71,3413.77,3.9,10.39,Lighting,GENERAL_ENERGY_SAVING
9,175.9,177.09,7102.14,76.8,81.08,Kitchen,OPTIMIZE_REFRIGERATION
1,42.54,43.6,4009.56,1.91,9.08,Lighting,GENERAL_ENERGY_SAVING
10,293.87,319.96,8417.31,78.05,90.08,Other,REDUCE_HIGH_USAGE_APPLIANCE
10,323.8,346.02,17711.58,140.12,152.04,Kitchen,OPTIMIZE_REFRIGERATION
6,519.16,525.79,22356.39,140.96,153.45,Entertainment,REDUCE_HIGH_USAGE_APPLIANCE
8,210.37,219.73,15670.63,41.7,90.78,Lighting,REDUCE_LIGHTING_USAGE
12,679.09,874.42,29241.31,141.24,217.3,Cooling,HIGH_BILL_WARNING
6,57.45,54.24,4747.77,3.4,12.53,Lighting,GENERAL_ENERGY_SAVING
4,832.57,892.18,48203.91,79.82,238.09,Other,HIGH_BILL_WARNING
10,177.25,206.37,9060.45,42.59,63.32,Refrigeration,OPTIMIZE_REFRIGERATION
8,390.1,436.72,24090.18,84.48,197.84,Cooling,REDUCE_COOLING_USAGE
5,98.65,89.9,5286.52,5.02,17.26,Kitchen,GENERAL_ENERGY_SAVING
6,364.57,366.53,16219.89,72.76,107.25,Water Heating,REDUCE_HEATING_USAGE
8,353.22,355.85,5697.47,139.6,150.14,Refrigeration,OPTIMIZE_REFRIGERATION
2,126.13,117.03,6722.06,18.66,31.7,Lighting,GENERAL_ENERGY_SAVING
8,165.64,188.29,14988.95,8.8,35.04,Lighting,REDUCE_LIGHTING_USAGE
9,304.67,351.14,5374.03,99.51,129.97,Refrigeration,OPTIMIZE_REFRIGERATION
8,252.44,251.96,14261.24,42.21,96.66,Lighting,REDUCE_LIGHTING_USAGE
5,431.88,536.0,27104.09,101.22,163.82,Cooling,REDUCE_COOLING_USAGE
8,96.92,95.44,12722.56,13.07,40.55,Lighting,REDUCE_LIGHTING_USAGE
8,499.15,630.92,17676.06,207.25,258.65,Cooling,REDUCE_COOLING_USAGE
10,402.24,423.59,43463.72,36.66,106.62,Other,HIGH_BILL_WARNING
4,365.75,468.06,16042.18,125.65,157.27,Heating,REDUCE_HEATING_USAGE
8,184.68,207.95,14605.95,49.13,82.56,Cooling,REDUCE_COOLING_USAGE
2,410.94,437.44,16056.47,140.97,168.83,Heating,REDUCE_HEATING_USAGE
11,187.8,190.65,6236.85,15.82,40.13,Lighting,REDUCE_LIGHTING_USAGE
10,604.95,802.28,34162.82,66.86,124.39,Other,HIGH_BILL_WARNING
10,255.59,293.14,16505.26,100.43,108.42,Kitchen,REDUCE_HIGH_USAGE_APPLIANCE
10,335.37,422.05,18371.89,65.4,98.51,Heating,REDUCE_HEATING_USAGE
12,122.6,133.03,15993.32,41.51,44.7,Refrigeration,OPTIMIZE_REFRIGERATION
11,110.27,103.05,6414.92,12.9,29.28,Lighting,GENERAL_ENERGY_SAVING
7,248.05,248.77,19858.1,61.36,135.55,Water Heating,REDUCE_HEATING_USAGE
12,145.99,139.77,2040.78,16.42,39.54,Other,GENERAL_ENERGY_SAVING
4,152.27,130.29,5180.48,13.97,30.05,Kitchen,GENERAL_ENERGY_SAVING
3,700.78,974.79,44627.65,74.69,139.38,Kitchen,HIGH_BILL_WARNING
1,147.26,129.68,2552.31,10.27,23.18,Other,GENERAL_ENERGY_SAVING
5,149.47,170.25,1999.47,11.95,25.86,Entertainment,GENERAL_ENERGY_SAVING
11,291.4,301.93,23719.35,81.38,113.29,Entertainment,REDUCE_HIGH_USAGE_APPLIANCE
2,196.37,218.95,13213.63,38.95,85.61,Heating,REDUCE_HEATING_USAGE
11,44.82,40.76,1200.22,4.26,7.26,Kitchen,GENERAL_ENERGY_SAVING
9,296.46,345.28,8086.67,29.59,92.17,Lighting,REDUCE_LIGHTING_USAGE
7,187.07,189.39,17619.71,41.89,52.6,Refrigeration,OPTIMIZE_REFRIGERATION
12,435.98,469.86,8654.11,140.49,187.29,Kitchen,REDUCE_HIGH_USAGE_APPLIANCE
12,461.76,472.53,17631.91,136.27,169.97,Heating,REDUCE_HEATING_USAGE
7,723.21,872.18,47347.58,80.61,168.31,Other,HIGH_BILL_WARNING
7,778.44,1026.36,24430.4,145.24,262.97,Cooling,HIGH_BILL_WARNING
4,700.09,804.59,60587.4,67.39,135.22,Other,HIGH_BILL_WARNING
9,154.46,192.51,14424.64,32.72,48.05,Water Heating,REDUCE_HEATING_USAGE
8,266.05,281.01,11010.75,59.18,115.93,Heating,REDUCE_HEATING_USAGE
1,368.78,404.13,13073.73,68.52,93.11,Refrigeration,OPTIMIZE_REFRIGERATION
2,150.03,178.35,9966.86,13.2,36.74,Lighting,REDUCE_LIGHTING_USAGE
6,321.03,310.81,10431.31,72.06,82.72,Refrigeration,OPTIMIZE_REFRIGERATION
1,112.92,104.57,2999.18,12.59,22.39,Kitchen,GENERAL_ENERGY_SAVING
5,711.21,749.3,47538.5,44.76,142.62,Entertainment,HIGH_BILL_WARNING
3,336.47,371.66,16221.49,122.91,163.18,Refrigeration,OPTIMIZE_REFRIGERATION
7,166.11,202.61,19925.1,30.69,60.8,Heating,REDUCE_HEATING_USAGE
1,251.41,313.56,19550.17,79.2,137.69,Water Heating,REDUCE_HEATING_USAGE
2,325.24,359.04,10629.53,57.6,126.64,Heating,REDUCE_HEATING_USAGE
6,234.05,241.91,6479.49,14.94,61.46,Lighting,REDUCE_LIGHTING_USAGE
11,233.27,257.02,8174.51,30.6,71.69,Lighting,REDUCE_LIGHTING_USAGE
2,182.86,224.98,4247.01,26.73,45.49,Lighting,REDUCE_LIGHTING_USAGE
6,195.87,231.44,18290.58,92.47,103.95,Water Heating,REDUCE_HEATING_USAGE
7,316.38,387.92,19421.89,108.56,140.73,Kitchen,REDUCE_HIGH_USAGE_APPLIANCE
6,434.8,495.29,23433.43,80.25,148.15,Heating,REDUCE_HEATING_USAGE
5,449.57,497.69,16796.65,170.29,204.52,Other,REDUCE_HIGH_USAGE_APPLIANCE
7,305.48,330.55,12052.61,84.91,97.54,Refrigeration,OPTIMIZE_REFRIGERATION
2,145.32,161.07,8337.86,44.03,64.32,Refrigeration,OPTIMIZE_REFRIGERATION
9,104.0,110.79,9263.01,15.58,36.03,Lighting,REDUCE_LIGHTING_USAGE
7,195.59,196.15,15959.32,35.7,49.95,Refrigeration,OPTIMIZE_REFRIGERATION
11,195.93,208.29,7722.52,33.08,85.84,Lighting,REDUCE_LIGHTING_USAGE
1,54.13,54.96,2536.67,4.09,11.81,Kitchen,GENERAL_ENERGY_SAVING
9,98.2,102.05,3334.17,11.63,27.35,Entertainment,GENERAL_ENERGY_SAVING
11,380.3,388.95,21623.96,50.01,96.92,Water Heating,REDUCE_HEATING_USAGE
5,302.51,310.47,10388.04,85.25,100.63,Cooling,REDUCE_COOLING_USAGE
10,812.51,1091.41,36242.48,108.46,241.31,Other,HIGH_BILL_WARNING
1,344.38,409.22,16763.09,89.01,97.02,Kitchen,OPTIMIZE_REFRIGERATION
10,261.57,258.05,10301.92,46.67,68.51,Kitchen,OPTIMIZE_REFRIGERATION
6,293.51,380.56,9647.63,93.19,109.63,Heating,REDUCE_HEATING_USAGE
9,242.77,272.32,9778.81,39.53,86.98,Lighting,REDUCE_LIGHTING_USAGE
11,147.22,162.0,5765.48,15.59,57.37,Lighting,REDUCE_LIGHTING_USAGE
2,455.49,438.88,24557.45,95.44,146.57,Laundry,REDUCE_HIGH_USAGE_APPLIANCE
4,147.3,142.3,6782.6,9.75,28.83,Kitchen,GENERAL_ENERGY_SAVING
9,204.34,216.41,10499.48,24.05,89.56,Lighting,REDUCE_LIGHTING_USAGE
4,245.19,242.15,10876.91,39.98,69.7,Lighting,REDUCE_LIGHTING_USAGE
6,358.88,423.39,24004.49,83.91,119.64,Entertainment,REDUCE_HIGH_USAGE_APPLIANCE
11,292.06,337.24,21795.02,70.94,89.55,Heating,REDUCE_HEATING_USAGE
10,389.97,496.92,37992.8,44.59,106.63,Entertainment,HIGH_BILL_WARNING
10,467.86,590.73,63164.62,80.8,116.86,Other,HIGH_BILL_WARNING
5,140.23,156.69,6403.52,53.32,75.64,Heating,REDUCE_HEATING_USAGE
2,249.85,274.39,5902.11,52.89,63.88,Heating,REDUCE_HEATING_USAGE
2,344.4,343.02,7200.89,99.09,160.94,Refrigeration,OPTIMIZE_REFRIGERATION
2,327.62,357.06,8031.09,131.78,157.09,Heating,REDUCE_HEATING_USAGE
1,431.31,481.2,22305.76,171.44,234.2,Entertainment,REDUCE_HIGH_USAGE_APPLIANCE
6,832.81,1091.84,54800.79,77.97,142.02,Laundry,HIGH_BILL_WARNING
4,352.48,432.8,22980.3,87.79,134.4,Laundry,REDUCE_HIGH_USAGE_APPLIANCE
4,259.21,300.73,8750.77,57.58,74.63,Refrigeration,OPTIMIZE_REFRIGERATION
4,146.71,163.64,7026.78,24.43,42.17,Kitchen,OPTIMIZE_REFRIGERATION
9,538.97,604.32,20810.87,206.86,244.9,Air Conditioning,REDUCE_COOLING_USAGE
3,535.51,665.96,27596.26,38.0,82.46,Kitchen,HIGH_BILL_WARNING
2,572.12,651.07,46227.92,53.39,114.97,Other,HIGH_BILL_WARNING
7,296.15,371.49,13494.98,81.76,152.79,Cooling,REDUCE_COOLING_USAGE
4,312.52,319.52,15655.92,30.77,137.18,Lighting,REDUCE_LIGHTING_USAGE
9,445.06,472.51,15926.69,124.98,150.59,Entertainment,REDUCE_HIGH_USAGE_APPLIANCE
8,547.93,657.87,54087.02,85.85,142.34,Other,HIGH_BILL_WARNING
4,268.78,321.72,5809.22,62.74,84.08,Refrigeration,OPTIMIZE_REFRIGERATION
8,539.45,625.36,12396.37,239.6,309.67,Cooling,REDUCE_COOLING_USAGE
7,109.27,128.27,11617.56,13.25,38.07,Lighting,REDUCE_LIGHTING_USAGE
10,124.67,131.15,6755.81,29.42,36.69,Refrigeration,OPTIMIZE_REFRIGERATION
1,163.16,157.93,3686.56,21.7,38.45,Other,GENERAL_ENERGY_SAVING
12,95.55,113.37,13523.69,12.2,21.47,Lighting,REDUCE_LIGHTING_USAGE
9,255.34,298.74,6171.68,35.09,84.29,Lighting,REDUCE_LIGHTING_USAGE
1,663.35,755.04,45629.18,102.61,179.47,Laundry,HIGH_BILL_WARNING
4,267.15,317.63,4437.57,75.47,81.36,Kitchen,OPTIMIZE_REFRIGERATION
8,438.4,520.87,21730.46,96.85,139.97,Laundry,REDUCE_HIGH_USAGE_APPLIANCE
10,340.69,435.77,22811.96,85.52,114.53,Cooling,REDUCE_COOLING_USAGE
12,332.8,353.16,16903.71,101.23,149.94,Cooling,REDUCE_COOLING_USAGE
11,80.99,86.6,4831.34,4.14,10.26,Entertainment,GENERAL_ENERGY_SAVING
5,245.58,261.52,16178.05,38.64,62.42,Kitchen,OPTIMIZE_REFRIGERATION
4,438.59,455.59,10622.78,133.94,158.56,Entertainment,REDUCE_HIGH_USAGE_APPLIANCE
12,472.5,550.05,6322.66,89.03,120.5,Heating,REDUCE_HEATING_USAGE
5,534.8,599.35,27290.6,68.15,105.72,Entertainment,HIGH_BILL_WARNING
1,154.5,154.47,7540.27,48.39,70.8,Refrigeration,OPTIMIZE_REFRIGERATION
3,170.26,181.69,4863.99,29.97,56.83,Lighting,REDUCE_LIGHTING_USAGE
1,442.25,553.9,7877.91,162.94,241.71,Heating,REDUCE_HEATING_USAGE
2,444.75,496.81,8736.72,102.64,127.87,Water Heating,REDUCE_HEATING_USAGE
5,132.85,133.61,17275.27,35.76,51.21,Refrigeration,OPTIMIZE_REFRIGERATION
2,65.11,63.93,2634.56,6.58,14.36,Kitchen,GENERAL_ENERGY_SAVING
6,143.24,126.8,6920.76,5.16,15.98,Entertainment,GENERAL_ENERGY_SAVING
5,209.43,232.59,13207.46,32.52,69.11,Heating,REDUCE_HEATING_USAGE
8,200.17,200.4,20126.91,50.34,65.31,Cooling,REDUCE_COOLING_USAGE
4,554.43,747.7,28655.86,48.75,124.16,Laundry,HIGH_BILL_WARNING
2,325.44,383.98,13230.04,61.32,83.48,Refrigeration,OPTIMIZE_REFRIGERATION
12,624.39,706.79,45655.9,142.19,215.15,Other,HIGH_BILL_WARNING
2,122.44,129.57,8030.09,40.99,58.06,Refrigeration,OPTIMIZE_REFRIGERATION
3,347.51,369.58,7961.56,137.7,176.56,Entertainment,REDUCE_HIGH_USAGE_APPLIANCE
4,292.85,309.16,11327.38,54.74,100.34,Lighting,REDUCE_LIGHTING_USAGE
1,143.0,147.57,21620.19,32.38,46.11,Water Heating,REDUCE_HEATING_USAGE
9,715.67,914.09,31664.87,65.5,212.89,Cooling,HIGH_BILL_WARNING
7,535.85,645.63,20385.91,136.05,167.35,Cooling,REDUCE_COOLING_USAGE
9,456.66,511.62,7968.94,86.4,141.61,Cooling,REDUCE_COOLING_USAGE
8,167.32,201.86,9478.17,45.15,76.11,Heating,REDUCE_HEATING_USAGE
5,390.76,491.64,11685.4,131.44,160.28,Heating,REDUCE_HEATING_USAGE
6,705.34,886.56,41291.48,56.0,126.62,Kitchen,HIGH_BILL_WARNING
11,309.5,329.98,7652.09,90.05,118.8,Water Heating,REDUCE_HEATING_USAGE
2,271.16,338.53,11479.76,92.14,143.33,Water Heating,REDUCE_HEATING_USAGE
5,276.84,322.34,17754.02,92.16,97.29,Kitchen,REDUCE_HIGH_USAGE_APPLIANCE
7,178.93,194.85,10557.53,73.18,80.12,Refrigeration,OPTIMIZE_REFRIGERATION
3,496.77,615.38,11041.4,159.59,195.99,Other,REDUCE_HIGH_USAGE_APPLIANCE
1,465.82,584.65,28476.96,101.64,223.65,Cooling,REDUCE_COOLING_USAGE
5,136.01,156.78,11063.52,19.13,33.6,Lighting,REDUCE_LIGHTING_USAGE
10,358.74,411.91,12701.08,115.51,159.76,Kitchen,REDUCE_HIGH_USAGE_APPLIANCE
7,100.42,93.94,3446.77,12.15,21.49,Kitchen,GENERAL_ENERGY_SAVING
11,211.69,228.07,6575.16,69.21,99.94,Kitchen,REDUCE_HIGH_USAGE_APPLIANCE
10,418.53,470.22,13852.43,116.46,168.6,Air Conditioning,REDUCE_COOLING_USAGE
6,311.44,332.3,15771.92,36.85,118.59,Lighting,REDUCE_LIGHTING_USAGE
1,272.53,280.18,11762.31,54.85,95.55,Heating,REDUCE_HEATING_USAGE
11,153.65,140.4,5847.36,3.81,18.23,Entertainment,GENERAL_ENERGY_SAVING
8,159.23,163.9,13182.67,10.58,45.61,Lighting,REDUCE_LIGHTING_USAGE
9,293.94,304.69,10091.2,84.97,125.87,Refrigeration,OPTIMIZE_REFRIGERATION
2,387.08,456.06,20301.14,64.89,115.35,Heating,REDUCE_HEATING_USAGE
9,341.66,389.61,15834.16,132.33,154.33,Entertainment,REDUCE_HIGH_USAGE_APPLIANCE
7,479.21,498.05,14299.11,78.43,132.29,Water Heating,REDUCE_HEATING_USAGE
12,67.86,59.35,6044.68,2.76,6.81,Lighting,GENERAL_ENERGY_SAVING
1,104.45,96.16,2328.19,14.71,26.0,Other,GENERAL_ENERGY_SAVING
6,86.98,83.08,1263.35,5.63,11.63,Kitchen,GENERAL_ENERGY_SAVING
6,175.94,208.27,14101.21,73.7,82.36,Entertainment,REDUCE_HIGH_USAGE_APPLIANCE
8,196.94,209.82,15653.45,45.7,84.85,Lighting,REDUCE_LIGHTING_USAGE
1,451.51,508.54,13003.2,201.62,265.57,Cooling,REDUCE_COOLING_USAGE
1,185.54,189.74,11578.25,64.02,73.09,Refrigeration,OPTIMIZE_REFRIGERATION
5,122.7,130.84,2023.14,14.86,30.64,Entertainment,GENERAL_ENERGY_SAVING
6,169.67,202.03,17522.15,52.69,65.72,Kitchen,REDUCE_HIGH_USAGE_APPLIANCE
11,299.93,353.59,19539.96,102.81,130.4,Heating,REDUCE_HEATING_USAGE
1,811.76,1036.07,22430.51,81.54,215.7,Kitchen,HIGH_BILL_WARNING
8,178.7,189.07,13381.34,59.93,88.81,Heating,REDUCE_HEATING_USAGE
6,136.55,133.16,16227.66,20.89,35.63,Refrigeration,OPTIMIZE_REFRIGERATION
6,396.5,446.53,52951.74,61.29,123.68,Entertainment,HIGH_BILL_WARNING
5,411.01,524.83,18062.78,145.83,180.55,Cooling,REDUCE_COOLING_USAGE
10,302.71,354.46,12875.24,105.47,115.85,Refrigeration,OPTIMIZE_REFRIGERATION
8,361.77,435.42,20369.7,137.65,168.84,Cooling,REDUCE_COOLING_USAGE
10,371.28,438.7,19158.17,153.11,170.95,Heating,REDUCE_HEATING_USAGE
5,275.52,333.99,24139.95,108.81,146.27,Other,REDUCE_HIGH_USAGE_APPLIANCE
3,217.16,251.53,6243.66,94.76,108.4,Kitchen,REDUCE_HIGH_USAGE_APPLIANCE
3,448.97,571.4,32790.14,45.85,126.62,Laundry,HIGH_BILL_WARNING
12,130.28,111.59,2724.5,12.79,29.9,Lighting,GENERAL_ENERGY_SAVING
12,157.6,154.19,2307.55,11.08,20.95,Other,GENERAL_ENERGY_SAVING
4,362.05,368.56,8953.56,156.22,216.9,Air Conditioning,REDUCE_COOLING_USAGE
3,224.18,224.88,19711.47,65.32,95.38,Entertainment,REDUCE_HIGH_USAGE_APPLIANCE
4,487.42,500.64,24930.25,63.45,150.24,Cooling,REDUCE_COOLING_USAGE
8,146.29,140.99,3013.51,6.07,15.02,Lighting,GENERAL_ENERGY_SAVING
12,314.94,306.03,7680.84,57.85,98.59,Kitchen,OPTIMIZE_REFRIGERATION
9,569.17,597.75,54891.97,66.95,101.3,Kitchen,HIGH_BILL_WARNING
10,379.52,505.86,41764.52,50.94,79.73,Laundry,HIGH_BILL_WARNING
8,390.82,419.63,14088.85,149.91,181.81,Air Conditioning,REDUCE_COOLING_USAGE
5,736.16,1009.94,50585.26,91.64,145.93,Laundry,HIGH_BILL_WARNING
1,185.32,196.92,25810.65,66.26,93.1,Kitchen,REDUCE_HIGH_USAGE_APPLIANCE
4,256.76,285.9,8962.03,59.68,101.75,Lighting,REDUCE_LIGHTING_USAGE
12,260.7,278.98,7200.17,42.81,84.71,Lighting,REDUCE_LIGHTING_USAGE
8,464.68,516.96,22621.99,104.98,157.82,Heating,REDUCE_HEATING_USAGE
12,85.87,78.51,4263.84,7.5,22.85,Kitchen,GENERAL_ENERGY_SAVING
1,179.89,165.64,7164.44,8.18,39.61,Kitchen,GENERAL_ENERGY_SAVING
1,189.15,182.16,7847.56,21.77,52.26,Lighting,REDUCE_LIGHTING_USAGE
10,315.8,313.02,18269.06,150.0,166.62,Other,REDUCE_HIGH_USAGE_APPLIANCE
11,426.06,493.79,7234.06,136.96,153.42,Other,REDUCE_HIGH_USAGE_APPLIANCE
7,429.5,538.69,21568.24,96.08,163.33,Heating,REDUCE_HEATING_USAGE
7,95.0,109.47,8937.11,12.84,29.84,Lighting,REDUCE_LIGHTING_USAGE
7,322.33,336.23,6255.51,73.32,86.9,Other,REDUCE_HIGH_USAGE_APPLIANCE
8,464.49,549.17,25423.66,173.76,243.83,Air Conditioning,REDUCE_COOLING_USAGE
7,491.97,532.8,15235.8,175.41,213.48,Laundry,REDUCE_HIGH_USAGE_APPLIANCE
11,131.57,144.79,13780.51,35.1,58.24,Refrigeration,OPTIMIZE_REFRIGERATION
9,282.66,308.94,23969.26,62.98,128.16,Cooling,REDUCE_COOLING_USAGE
2,418.76,500.06,32837.34,77.72,113.26,Kitchen,HIGH_BILL_WARNING
1,347.87,390.79,18868.58,83.24,149.46,Water Heating,REDUCE_HEATING_USAGE
10,484.9,572.15,17444.9,199.9,229.99,Other,REDUCE_HIGH_USAGE_APPLIANCE
12,236.64,278.66,16932.4,91.59,113.8,Entertainment,REDUCE_HIGH_USAGE_APPLIANCE
5,161.88,155.84,5482.48,14.93,43.75,Entertainment,GENERAL_ENERGY_SAVING
2,363.14,437.73,16312.7,119.98,154.22,Cooling,REDUCE_COOLING_USAGE
1,310.19,366.22,16518.5,123.53,168.75,Cooling,REDUCE_COOLING_USAGE
6,202.67,222.88,21713.91,66.21,76.13,Other,REDUCE_HIGH_USAGE_APPLIANCE
1,250.18,278.38,6529.41,53.38,107.99,Lighting,REDUCE_LIGHTING_USAGE
12,218.89,245.41,7200.04,53.04,58.48,Refrigeration,OPTIMIZE_REFRIGERATION
4,73.6,76.28,5198.23,7.62,14.5,Lighting,GENERAL_ENERGY_SAVING
4,143.76,168.42,11938.72,22.5,38.43,Lighting,REDUCE_LIGHTING_USAGE
10,306.29,390.65,8642.63,82.33,166.32,Cooling,REDUCE_COOLING_USAGE
1,602.16,701.95,63880.02,70.49,135.65,Entertainment,HIGH_BILL_WARNING
6,463.24,538.05,59963.74,44.38,100.71,Cooling,HIGH_BILL_WARNING
5,265.65,321.99,21435.08,82.02,135.72,Cooling,REDUCE_COOLING_USAGE
10,251.85,277.84,8551.27,97.95,136.83,Entertainment,REDUCE_HIGH_USAGE_APPLIANCE
12,48.11,43.25,4967.76,4.87,8.64,Lighting,GENERAL_ENERGY_SAVING
12,314.53,309.8,9230.18,72.1,113.22,Kitchen,OPTIMIZE_REFRIGERATION
3,320.35,348.66,12004.86,68.14,109.63,Refrigeration,OPTIMIZE_REFRIGERATION
4,404.83,403.2,11768.25,143.8,163.35,Laundry,REDUCE_HIGH_USAGE_APPLIANCE
2,284.26,327.94,5642.21,102.77,131.84,Refrigeration,OPTIMIZE_REFRIGERATION
2,173.08,166.12,2551.05,6.71,30.25,Entertainment,GENERAL_ENERGY_SAVING
3,428.37,445.36,10766.82,101.77,243.17,Air Conditioning,REDUCE_COOLING_USAGE
6,139.45,150.01,6539.22,14.02,57.75,Lighting,REDUCE_LIGHTING_USAGE
4,341.77,415.89,24761.3,123.75,148.49,Kitchen,REDUCE_HIGH_USAGE_APPLIANCE
5,481.62,501.21,8245.0,147.98,252.86,Cooling,REDUCE_COOLING_USAGE
2,148.77,142.28,5833.95,16.83,39.75,Kitchen,GENERAL_ENERGY_SAVING
11,230.78,253.3,12832.62,50.66,92.95,Heating,REDUCE_HEATING_USAGE
10,228.02,287.77,9073.83,50.85,82.23,Air Conditioning,REDUCE_COOLING_USAGE
2,360.33,403.55,11978.5,51.61,109.99,Heating,REDUCE_HEATING_USAGE
3,136.57,156.39,3213.1,4.18,17.27,Lighting,GENERAL_ENERGY_SAVING
10,300.37,334.41,8735.63,40.05,105.52,Lighting,REDUCE_LIGHTING_USAGE
2,156.06,176.46,11587.79,60.04,75.75,Refrigeration,OPTIMIZE_REFRIGERATION
10,722.94,906.72,47614.96,147.75,219.4,Kitchen,HIGH_BILL_WARNING
5,126.81,121.35,6516.75,22.12,50.62,Lighting,REDUCE_LIGHTING_USAGE
3,359.56,406.75,10985.29,99.67,139.66,Cooling,REDUCE_COOLING_USAGE
11,77.5,74.73,2849.11,6.94,19.76,Kitchen,GENERAL_ENERGY_SAVING
8,327.44,425.66,17612.28,78.67,92.02,Entertainment,REDUCE_HIGH_USAGE_APPLIANCE
4,315.29,304.6,17647.86,97.37,121.6,Kitchen,OPTIMIZE_REFRIGERATION
3,149.54,157.93,16240.97,53.16,61.97,Refrigeration,OPTIMIZE_REFRIGERATION
10,427.01,500.52,38454.99,72.08,117.42,Other,HIGH_BILL_WARNING
12,174.4,190.01,13716.37,25.53,60.4,Lighting,REDUCE_LIGHTING_USAGE
5,206.72,242.37,13147.48,18.35,81.8,Lighting,REDUCE_LIGHTING_USAGE
1,98.39,89.5,1930.28,2.84,10.34,Kitchen,GENERAL_ENERGY_SAVING
11,761.29,922.08,51719.34,79.88,225.58,Kitchen,HIGH_BILL_WARNING
8,139.37,141.64,2287.72,6.84,26.26,Lighting,GENERAL_ENERGY_SAVING
12,377.74,454.94,23490.62,81.8,95.14,Water Heating,REDUCE_HEATING_USAGE
2,219.69,242.21,7823.07,46.96,89.8,Lighting,REDUCE_LIGHTING_USAGE
7,761.41,886.22,33930.62,158.0,239.18,Cooling,HIGH_BILL_WARNING
12,375.26,386.18,4054.75,92.64,157.26,Refrigeration,OPTIMIZE_REFRIGERATION
5,797.28,1048.18,25407.07,46.02,139.73,Other,HIGH_BILL_WARNING
11,272.54,274.46,8857.28,68.57,82.37,Heating,REDUCE_HEATING_USAGE
10,363.78,372.93,4769.3,169.82,179.41,Refrigeration,OPTIMIZE_REFRIGERATION
9,389.71,421.4,12133.01,159.27,224.96,Cooling,REDUCE_COOLING_USAGE
7,480.62,644.3,49213.51,68.85,137.67,Other,HIGH_BILL_WARNING
4,448.12,538.07,7549.49,184.68,233.17,Heating,REDUCE_HEATING_USAGE
4,92.15,104.66,12364.97,16.95,35.9,Lighting,REDUCE_LIGHTING_USAGE
11,144.03,167.35,8989.12,16.99,38.18,Lighting,REDUCE_LIGHTING_USAGE
1,381.3,439.89,16133.58,123.77,186.82,Laundry,REDUCE_HIGH_USAGE_APPLIANCE
9,474.78,608.75,42251.31,30.86,75.15,Cooling,HIGH_BILL_WARNING
2,158.08,169.63,6153.4,13.69,36.0,Kitchen,GENERAL_ENERGY_SAVING
3,213.1,249.8,26670.06,71.19,98.14,Air Conditioning,REDUCE_COOLING_USAGE
12,269.73,300.38,20259.95,77.46,113.16,Entertainment,REDUCE_HIGH_USAGE_APPLIANCE
10,517.99,608.19,37969.92,85.49,174.49,Laundry,HIGH_BILL_WARNING
4,439.67,529.83,18216.94,96.91,141.32,Cooling,REDUCE_COOLING_USAGE
10,677.1,884.88,60576.43,64.4,106.57,Cooling,HIGH_BILL_WARNING
11,433.77,469.15,9266.82,127.2,193.74,Water Heating,REDUCE_HEATING_USAGE
5,300.38,326.27,11304.35,109.38,129.91,Laundry,REDUCE_HIGH_USAGE_APPLIANCE
12,478.85,616.57,23498.86,90.81,167.88,Air Conditioning,REDUCE_COOLING_USAGE
10,108.49,93.96,1285.33,13.66,30.64,Kitchen,GENERAL_ENERGY_SAVING
7,188.62,224.12,19387.84,76.43,96.18,Water Heating,REDUCE_HEATING_USAGE
6,265.26,259.22,11948.33,55.07,85.7,Refrigeration,OPTIMIZE_REFRIGERATION
1,269.05,274.48,21112.5,77.31,128.66,Cooling,REDUCE_COOLING_USAGE
7,97.51,99.7,9182.87,8.61,29.76,Lighting,REDUCE_LIGHTING_USAGE
3,314.01,350.78,14544.79,44.65,103.62,Lighting,REDUCE_LIGHTING_USAGE
4,434.19,488.54,69115.0,35.95,99.64,Other,HIGH_BILL_WARNING
2,144.91,152.96,2620.99,10.19,35.62,Lighting,GENERAL_ENERGY_SAVING
5,433.66,525.78,17534.09,113.29,228.25,Water Heating,REDUCE_HEATING_USAGE
12,90.74,92.41,10602.17,8.78,26.1,Lighting,REDUCE_LIGHTING_USAGE
8,384.29,385.78,23399.42,97.99,144.26,Cooling,REDUCE_COOLING_USAGE
6,463.51,539.16,22737.04,129.91,182.93,Water Heating,REDUCE_HEATING_USAGE
9,233.96,252.18,16606.81,60.87,81.25,Refrigeration,OPTIMIZE_REFRIGERATION
4,378.06,501.52,49322.81,54.46,102.52,Laundry,HIGH_BILL_WARNING
1,459.9,571.79,15946.36,132.57,222.67,Cooling,REDUCE_COOLING_USAGE
5,289.63,296.69,14748.91,35.63,79.46,Lighting,REDUCE_LIGHTING_USAGE
9,334.14,347.14,10353.69,62.45,95.36,Heating,REDUCE_HEATING_USAGE
10,755.64,942.8,22244.77,82.4,125.95,Laundry,HIGH_BILL_WARNING
1,545.55,646.57,32804.08,48.7,147.41,Other,HIGH_BILL_WARNING
11,201.76,213.47,4532.79,9.55,39.06,Lighting,REDUCE_LIGHTING_USAGE
8,88.38,76.71,1882.14,6.81,15.96,Entertainment,GENERAL_ENERGY_SAVING
10,711.77,889.81,45882.46,67.69,217.67,Kitchen,HIGH_BILL_WARNING
10,282.66,319.71,13870.23,112.48,134.79,Kitchen,OPTIMIZE_REFRIGERATION
2,348.46,350.18,7073.75,148.34,184.61,Laundry,REDUCE_HIGH_USAGE_APPLIANCE
2,460.37,456.6,14869.39,124.13,149.04,Laundry,REDUCE_HIGH_USAGE_APPLIANCE
10,569.48,672.17,56120.18,103.28,155.4,Cooling,HIGH_BILL_WARNING
2,469.22,485.06,19236.22,105.99,161.83,Cooling,REDUCE_COOLING_USAGE
8,390.07,388.28,25652.24,137.13,190.91,Other,REDUCE_HIGH_USAGE_APPLIANCE
6,274.5,272.42,8603.8,36.52,80.62,Heating,REDUCE_HEATING_USAGE
5,556.02,712.03,66946.58,91.17,131.39,Other,HIGH_BILL_WARNING
2,229.5,245.26,7678.53,23.94,60.37,Lighting,REDUCE_LIGHTING_USAGE
6,261.15,284.45,23095.04,68.14,100.51,Heating,REDUCE_HEATING_USAGE
11,269.01,258.12,14871.83,43.73,98.96,Lighting,REDUCE_LIGHTING_USAGE
4,285.91,316.11,13277.0,83.67,133.91,Heating,REDUCE_HEATING_USAGE
12,91.2,94.37,10769.92,11.77,23.62,Lighting,REDUCE_LIGHTING_USAGE
8,131.12,141.09,3762.3,6.52,21.2,Kitchen,GENERAL_ENERGY_SAVING
10,126.24,135.74,7374.76,7.32,33.91,Kitchen,GENERAL_ENERGY_SAVING
8,369.03,405.31,15957.58,67.3,130.06,Heating,REDUCE_HEATING_USAGE
8,215.18,242.73,10205.42,61.1,107.49,Cooling,REDUCE_COOLING_USAGE
6,472.95,579.23,20201.69,140.61,195.0,Kitchen,REDUCE_HIGH_USAGE_APPLIANCE
2,509.94,527.1,23949.76,220.62,261.61,Laundry,REDUCE_HIGH_USAGE_APPLIANCE
2,291.58,282.55,13130.55,18.55,88.75,Lighting,REDUCE_LIGHTING_USAGE
7,223.8,245.12,23074.14,91.77,126.2,Air Conditioning,REDUCE_COOLING_USAGE
2,235.26,286.19,6696.17,42.87,91.89,Heating,REDUCE_HEATING_USAGE
11,156.28,169.49,2832.52,4.72,21.29,Kitchen,GENERAL_ENERGY_SAVING
1,146.8,133.04,2907.04,7.42,25.72,Entertainment,GENERAL_ENERGY_SAVING
1,133.55,120.8,3024.46,6.2,18.05,Other,GENERAL_ENERGY_SAVING
6,107.43,104.64,5471.95,9.36,22.01,Kitchen,GENERAL_ENERGY_SAVING
3,155.24,174.43,2876.24,12.0,41.9,Entertainment,GENERAL_ENERGY_SAVING
7,290.16,346.13,8301.88,35.04,70.04,Lighting,REDUCE_LIGHTING_USAGE
2,479.44,490.74,18923.58,205.76,276.56,Air Conditioning,REDUCE_COOLING_USAGE
2,375.23,423.77,21475.52,149.89,198.34,Cooling,REDUCE_COOLING_USAGE
9,77.71,73.23,4388.92,3.97,8.51,Kitchen,GENERAL_ENERGY_SAVING
7,195.88,200.7,12530.42,15.1,44.42,Lighting,REDUCE_LIGHTING_USAGE
5,173.96,192.1,13335.72,41.22,81.2,Heating,REDUCE_HEATING_USAGE
1,232.84,263.06,15336.6,68.94,90.06,Refrigeration,OPTIMIZE_REFRIGERATION
7,352.66,383.75,23457.85,134.67,189.58,Heating,REDUCE_HEATING_USAGE
8,123.44,126.43,9540.92,29.57,54.46,Lighting,REDUCE_LIGHTING_USAGE
8,279.36,348.78,19365.66,74.0,112.11,Cooling,REDUCE_COOLING_USAGE
11,50.28,51.29,7180.16,2.79,6.15,Kitchen,GENERAL_ENERGY_SAVING
5,349.34,380.09,7880.02,53.58,109.39,Air Conditioning,REDUCE_COOLING_USAGE
1,291.74,342.96,11714.92,95.85,130.77,Cooling,REDUCE_COOLING_USAGE
11,503.11,553.43,14346.24,110.76,238.89,Air Conditioning,REDUCE_COOLING_USAGE
2,362.79,438.03,9940.45,87.59,139.61,Refrigeration,OPTIMIZE_REFRIGERATION
4,531.19,629.85,42866.9,43.85,98.45,Kitchen,HIGH_BILL_WARNING
3,231.32,259.57,9335.26,54.64,73.77,Refrigeration,OPTIMIZE_REFRIGERATION
1,103.55,111.15,13929.04,15.57,31.37,Lighting,REDUCE_LIGHTING_USAGE
6,374.49,371.72,12592.24,72.3,105.59,Laundry,REDUCE_HIGH_USAGE_APPLIANCE
4,135.24,128.98,2444.93,8.5,19.98,Other,GENERAL_ENERGY_SAVING
8,110.03,127.42,9335.04,29.39,49.41,Lighting,REDUCE_LIGHTING_USAGE
12,307.52,356.46,7258.68,51.15,94.88,Lighting,REDUCE_LIGHTING_USAGE
8,309.74,338.59,20813.03,92.8,124.2,Entertainment,REDUCE_HIGH_USAGE_APPLIANCE
6,110.5,125.43,4951.33,23.89,47.99,Lighting,REDUCE_LIGHTING_USAGE
6,208.89,248.6,8108.26,60.92,112.68,Cooling,REDUCE_COOLING_USAGE
11,453.26,517.58,9823.91,80.96,137.3,Cooling,REDUCE_COOLING_USAGE
12,158.49,144.89,4818.37,30.55,63.65,Lighting,REDUCE_LIGHTING_USAGE
4,221.02,272.77,17822.89,43.13,105.87,Cooling,REDUCE_COOLING_USAGE
12,258.32,297.74,12267.1,68.43,74.17,Laundry,REDUCE_HIGH_USAGE_APPLIANCE
7,445.24,541.62,10938.41,99.79,147.86,Cooling,REDUCE_COOLING_USAGE
2,874.31,953.15,52491.16,102.04,222.86,Other,HIGH_BILL_WARNING
12,207.29,260.95,9738.52,59.71,96.69,Water Heating,REDUCE_HEATING_USAGE
4,235.93,270.0,6271.94,26.83,58.19,Lighting,REDUCE_LIGHTING_USAGE
6,419.46,515.92,35614.29,61.27,121.47,Entertainment,HIGH_BILL_WARNING
11,259.17,247.22,16006.8,93.12,109.26,Refrigeration,OPTIMIZE_REFRIGERATION
11,267.14,235.26,5506.77,97.05,126.81,Refrigeration,OPTIMIZE_REFRIGERATION
4,419.09,426.71,9294.65,165.19,217.28,Cooling,REDUCE_COOLING_USAGE
7,451.77,528.01,15362.05,111.73,149.89,Kitchen,REDUCE_HIGH_USAGE_APPLIANCE
8,342.36,359.13,22912.51,152.71,172.82,Laundry,REDUCE_HIGH_USAGE_APPLIANCE
6,772.43,1018.11,51833.02,42.85,116.39,Kitchen,HIGH_BILL_WARNING
5,191.64,204.86,10978.67,18.79,43.11,Lighting,REDUCE_LIGHTING_USAGE
6,131.07,131.48,3924.22,13.2,32.4,Entertainment,GENERAL_ENERGY_SAVING
4,60.72,56.68,2472.78,8.29,13.93,Other,GENERAL_ENERGY_SAVING
11,342.23,326.44,6154.44,105.75,150.97,Refrigeration,OPTIMIZE_REFRIGERATION
12,306.94,293.42,5654.26,32.97,77.23,Lighting,REDUCE_LIGHTING_USAGE
12,335.43,355.17,6667.6,122.51,163.58,Laundry,REDUCE_HIGH_USAGE_APPLIANCE
10,434.94,514.31,9081.05,63.99,114.83,Heating,REDUCE_HEATING_USAGE
5,830.47,1053.28,55581.17,62.84,169.5,Kitchen,HIGH_BILL_WARNING
2,375.4,437.86,6661.84,93.36,147.75,Refrigeration,OPTIMIZE_REFRIGERATION
1,290.08,318.81,11448.37,67.73,81.82,Refrigeration,OPTIMIZE_REFRIGERATION
8,461.29,588.7,9131.12,129.39,167.89,Water Heating,REDUCE_HEATING_USAGE
3,525.69,637.88,8761.38,109.04,239.07,Cooling,REDUCE_COOLING_USAGE
3,98.19,96.02,8452.68,15.51,37.6,Lighting,REDUCE_LIGHTING_USAGE
12,442.25,457.0,22108.03,164.1,255.48,Cooling,REDUCE_COOLING_USAGE
12,499.1,612.8,25834.39,46.01,146.16,Kitchen,HIGH_BILL_WARNING
2,152.35,163.75,14837.31,13.63,44.53,Lighting,REDUCE_LIGHTING_USAGE
6,65.7,65.11,3553.76,2.34,9.57,Other,GENERAL_ENERGY_SAVING
5,285.59,285.99,13443.88,63.95,93.99,Heating,REDUCE_HEATING_USAGE
5,114.55,135.54,12696.28,14.51,28.8,Lighting,REDUCE_LIGHTING_USAGE
1,314.97,364.64,22925.99,105.15,126.45,Kitchen,REDUCE_HIGH_USAGE_APPLIANCE
11,448.15,477.11,25929.12,110.61,159.17,Laundry,REDUCE_HIGH_USAGE_APPLIANCE
8,67.83,59.79,7034.56,6.98,11.83,Other,GENERAL_ENERGY_SAVING
5,134.38,119.7,3504.59,4.16,13.94,Lighting,GENERAL_ENERGY_SAVING
9,440.05,522.78,25856.59,126.51,232.46,Air Conditioning,REDUCE_COOLING_USAGE
2,269.79,322.3,27648.62,56.21,82.1,Air Conditioning,REDUCE_COOLING_USAGE
9,90.17,96.4,7535.96,11.6,38.31,Lighting,REDUCE_LIGHTING_USAGE
7,229.68,234.62,17220.73,50.71,69.99,Cooling,REDUCE_COOLING_USAGE
12,302.48,313.27,18348.67,98.28,155.38,Heating,REDUCE_HEATING_USAGE
10,293.64,315.94,12266.29,90.2,143.95,Water Heating,REDUCE_HEATING_USAGE
3,198.67,196.88,10387.8,25.25,72.45,Lighting,REDUCE_LIGHTING_USAGE
7,101.86,101.18,1611.47,9.77,17.81,Entertainment,GENERAL_ENERGY_SAVING
12,170.64,195.97,11560.74,30.37,53.92,Lighting,REDUCE_LIGHTING_USAGE
11,174.68,220.68,14611.55,60.85,94.39,Water Heating,REDUCE_HEATING_USAGE
10,233.35,290.8,13284.81,104.27,127.47,Cooling,REDUCE_COOLING_USAGE
4,52.24,53.82,3117.7,2.99,7.67,Entertainment,GENERAL_ENERGY_SAVING
3,156.66,195.62,22484.96,41.24,70.93,Heating,REDUCE_HEATING_USAGE
10,669.89,840.25,33359.7,75.49,159.84,Other,HIGH_BILL_WARNING
4,718.22,812.22,64440.57,77.85,169.28,Other,HIGH_BILL_WARNING
10,183.26,220.04,19887.72,64.14,79.48,Cooling,REDUCE_COOLING_USAGE
11,192.81,239.72,18828.54,51.6,70.1,Water Heating,REDUCE_HEATING_USAGE
12,281.95,302.91,12941.08,107.17,121.89,Refrigeration,OPTIMIZE_REFRIGERATION
3,151.87,139.13,3580.25,28.19,58.78,Lighting,REDUCE_LIGHTING_USAGE
8,297.05,299.81,6736.2,84.6,108.0,Kitchen,REDUCE_HIGH_USAGE_APPLIANCE
8,426.7,541.76,22077.8,96.61,151.66,Heating,REDUCE_HEATING_USAGE
11,357.66,425.34,23031.06,33.38,65.92,Kitchen,HIGH_BILL_WARNING
12,173.79,189.03,13799.8,33.13,53.72,Refrigeration,OPTIMIZE_REFRIGERATION
10,152.14,145.03,6945.53,9.16,28.13,Entertainment,GENERAL_ENERGY_SAVING
2,172.59,150.23,4229.06,10.29,21.45,Other,GENERAL_ENERGY_SAVING
7,291.69,306.61,10160.35,37.71,77.54,Lighting,REDUCE_LIGHTING_USAGE
2,346.43,443.92,18149.83,147.41,159.22,Refrigeration,OPTIMIZE_REFRIGERATION
1,373.28,388.56,10103.06,118.21,139.82,Refrigeration,OPTIMIZE_REFRIGERATION
12,372.18,487.76,63051.18,45.63,85.97,Laundry,HIGH_BILL_WARNING
12,777.06,818.22,38962.84,59.45,147.71,Other,HIGH_BILL_WARNING
12,286.93,304.77,14324.87,79.64,146.76,Cooling,REDUCE_COOLING_USAGE
8,464.49,502.37,22711.87,137.48,162.05,Laundry,REDUCE_HIGH_USAGE_APPLIANCE
6,309.9,304.01,8003.64,54.4,129.21,Lighting,REDUCE_LIGHTING_USAGE
7,71.3,64.07,3378.4,3.73,8.91,Lighting,GENERAL_ENERGY_SAVING
12,750.88,822.64,34769.46,81.29,149.22,Entertainment,HIGH_BILL_WARNING
1,123.69,122.6,14699.42,17.05,51.78,Lighting,REDUCE_LIGHTING_USAGE
5,233.97,222.88,6996.12,33.27,67.59,Lighting,REDUCE_LIGHTING_USAGE
2,444.91,547.29,7215.58,171.5,181.37,Entertainment,REDUCE_HIGH_USAGE_APPLIANCE
10,811.58,923.04,32667.63,115.32,185.96,Cooling,HIGH_BILL_WARNING
5,183.65,186.9,9541.0,21.78,65.71,Lighting,REDUCE_LIGHTING_USAGE
10,332.76,340.47,10173.15,88.8,94.52,Refrigeration,OPTIMIZE_REFRIGERATION
9,220.47,238.72,25374.86,69.97,112.25,Cooling,REDUCE_COOLING_USAGE
4,516.19,655.53,30839.15,31.86,80.07,Cooling,HIGH_BILL_WARNING
3,52.1,51.91,5892.76,2.0,5.54,Entertainment,GENERAL_ENERGY_SAVING
8,232.43,266.75,23576.4,60.73,78.09,Other,REDUCE_HIGH_USAGE_APPLIANCE
5,176.55,218.52,8120.91,44.58,57.87,Other,REDUCE_HIGH_USAGE_APPLIANCE
4,164.26,183.18,10571.1,53.47,78.31,Water Heating,REDUCE_HEATING_USAGE
2,164.76,165.47,2120.19,14.45,37.68,Kitchen,GENERAL_ENERGY_SAVING
11,154.73,162.12,5114.07,12.19,24.05,Kitchen,GENERAL_ENERGY_SAVING
10,194.02,200.74,25969.63,63.12,86.54,Entertainment,REDUCE_HIGH_USAGE_APPLIANCE
8,336.06,419.32,19915.45,157.31,182.19,Kitchen,REDUCE_HIGH_USAGE_APPLIANCE
6,65.09,62.08,4428.41,5.48,9.46,Kitchen,GENERAL_ENERGY_SAVING
5,281.48,295.09,25085.39,113.58,140.46,Entertainment,REDUCE_HIGH_USAGE_APPLIANCE
12,373.63,424.44,17329.62,118.41,201.48,Cooling,REDUCE_COOLING_USAGE
8,544.04,583.85,18756.83,90.48,191.68,Cooling,REDUCE_COOLING_USAGE
5,749.61,813.45,35178.76,139.42,248.53,Laundry,HIGH_BILL_WARNING
8,297.89,296.92,11659.34,133.56,159.52,Entertainment,REDUCE_HIGH_USAGE_APPLIANCE
5,379.8,416.29,35742.36,90.93,130.57,Entertainment,HIGH_BILL_WARNING
11,59.31,56.02,4726.78,7.55,17.6,Kitchen,GENERAL_ENERGY_SAVING
12,274.22,294.48,7115.73,109.74,124.07,Other,REDUCE_HIGH_USAGE_APPLIANCE
2,415.09,466.44,11984.56,160.96,171.06,Other,REDUCE_HIGH_USAGE_APPLIANCE
2,252.72,265.83,13217.63,61.87,76.57,Refrigeration,OPTIMIZE_REFRIGERATION
12,268.91,276.5,10062.34,97.17,117.62,Kitchen,OPTIMIZE_REFRIGERATION
11,316.81,355.17,8698.33,72.68,84.86,Refrigeration,OPTIMIZE_REFRIGERATION
10,166.18,182.35,5882.16,22.51,72.51,Lighting,REDUCE_LIGHTING_USAGE
10,274.05,372.72,18838.41,118.24,161.55,Heating,REDUCE_HEATING_USAGE
3,271.37,334.13,10052.38,64.69,119.34,Heating,REDUCE_HEATING_USAGE
11,323.33,345.83,8776.92,75.06,95.36,Kitchen,REDUCE_HIGH_USAGE_APPLIANCE
3,85.84,87.48,5399.58,12.45,22.15,Other,GENERAL_ENERGY_SAVING
9,506.12,605.52,20069.49,186.86,239.95,Other,REDUCE_HIGH_USAGE_APPLIANCE
4,179.74,182.6,10345.59,59.22,69.03,Heating,REDUCE_HEATING_USAGE
7,449.26,510.77,11309.28,169.19,224.78,Water Heating,REDUCE_HEATING_USAGE
9,717.2,787.24,52867.12,96.8,142.73,Entertainment,HIGH_BILL_WARNING
11,194.82,212.74,19138.66,90.07,102.2,Entertainment,REDUCE_HIGH_USAGE_APPLIANCE
5,849.45,1081.55,57447.98,152.75,249.62,Entertainment,HIGH_BILL_WARNING
4,266.33,324.24,13290.31,64.49,106.81,Water Heating,REDUCE_HEATING_USAGE
3,614.74,724.39,40639.15,93.95,151.62,Entertainment,HIGH_BILL_WARNING
9,157.76,177.84,18586.18,30.32,43.38,Refrigeration,OPTIMIZE_REFRIGERATION
9,234.39,251.82,14380.72,24.17,94.03,Lighting,REDUCE_LIGHTING_USAGE
10,306.55,360.08,6238.23,80.03,143.13,Refrigeration,OPTIMIZE_REFRIGERATION
7,545.39,721.23,38008.19,72.17,116.74,Kitchen,HIGH_BILL_WARNING
9,423.02,471.79,11129.17,71.82,141.71,Heating,REDUCE_HEATING_USAGE
12,522.67,562.51,15338.9,184.98,307.59,Cooling,REDUCE_COOLING_USAGE
7,399.06,473.42,16441.08,175.89,220.58,Air Conditioning,REDUCE_COOLING_USAGE
9,233.94,235.14,18917.54,80.78,111.9,Heating,REDUCE_HEATING_USAGE
10,298.46,354.33,18620.87,63.5,81.44,Refrigeration,OPTIMIZE_REFRIGERATION
9,367.58,400.62,15212.24,119.91,133.53,Kitchen,REDUCE_HIGH_USAGE_APPLIANCE
8,72.89,74.04,6288.67,2.24,7.98,Entertainment,GENERAL_ENERGY_SAVING
12,99.24,94.71,2134.6,12.3,26.71,Other,GENERAL_ENERGY_SAVING
11,368.37,368.04,17571.95,78.57,101.0,Laundry,REDUCE_HIGH_USAGE_APPLIANCE
4,129.45,117.01,4688.27,11.47,37.05,Other,GENERAL_ENERGY_SAVING
6,559.13,734.17,34355.24,71.14,142.68,Cooling,HIGH_BILL_WARNING
9,246.1,252.39,16583.44,56.17,86.81,Kitchen,OPTIMIZE_REFRIGERATION
2,431.01,579.62,23877.87,55.11,100.86,Cooling,HIGH_BILL_WARNING
1,442.67,490.78,11293.49,153.36,235.93,Water Heating,REDUCE_HEATING_USAGE
9,455.73,482.13,20347.5,74.84,114.08,Heating,REDUCE_HEATING_USAGE
9,246.38,288.02,14989.38,44.36,83.41,Lighting,REDUCE_LIGHTING_USAGE
2,493.43,492.9,6848.1,173.97,206.7,Entertainment,REDUCE_HIGH_USAGE_APPLIANCE
1,74.28,76.03,2136.42,9.01,18.39,Lighting,GENERAL_ENERGY_SAVING
11,364.38,375.81,15632.77,111.23,147.45,Kitchen,OPTIMIZE_REFRIGERATION
11,414.6,485.52,25209.92,195.84,234.7,Cooling,REDUCE_COOLING_USAGE
8,135.11,143.77,1461.68,12.86,35.22,Entertainment,GENERAL_ENERGY_SAVING
4,139.68,154.87,14439.18,34.86,57.62,Refrigeration,OPTIMIZE_REFRIGERATION
2,239.16,264.89,8768.69,52.83,93.58,Heating,REDUCE_HEATING_USAGE
5,196.45,224.1,4558.24,34.67,64.73,Lighting,REDUCE_LIGHTING_USAGE
10,455.36,435.91,23905.68,169.17,215.2,Water Heating,REDUCE_HEATING_USAGE
6,794.95,993.31,26318.36,101.86,244.69,Laundry,HIGH_BILL_WARNING
6,843.87,1112.46,63577.59,118.01,236.93,Cooling,HIGH_BILL_WARNING
6,353.71,456.56,20646.57,101.09,142.04,Air Conditioning,REDUCE_COOLING_USAGE
10,265.44,267.52,9815.82,64.55,85.96,Air Conditioning,REDUCE_COOLING_USAGE
2,294.65,313.52,9947.25,87.45,99.1,Water Heating,REDUCE_HEATING_USAGE
1,61.27,54.24,4355.93,6.37,10.8,Other,GENERAL_ENERGY_SAVING
11,229.39,229.7,16554.1,38.13,65.64,Refrigeration,OPTIMIZE_REFRIGERATION
10,162.03,179.46,11089.26,50.47,72.28,Refrigeration,OPTIMIZE_REFRIGERATION
7,257.79,277.74,12992.41,76.6,112.47,Refrigeration,OPTIMIZE_REFRIGERATION
4,223.88,232.52,13455.99,80.75,113.79,Cooling,REDUCE_COOLING_USAGE
4,47.87,46.79,5912.28,2.9,10.97,Entertainment,GENERAL_ENERGY_SAVING
4,612.67,789.08,41787.84,94.09,155.6,Entertainment,HIGH_BILL_WARNING
3,323.88,388.87,24650.62,126.82,174.71,Cooling,REDUCE_COOLING_USAGE
12,333.84,354.55,19265.67,114.8,142.23,Cooling,REDUCE_COOLING_USAGE
1,332.49,406.35,6802.97,106.42,154.89,Kitchen,REDUCE_HIGH_USAGE_APPLIANCE
7,411.03,482.95,17990.69,68.39,121.98,Heating,REDUCE_HEATING_USAGE
4,140.33,139.99,1602.19,16.2,27.49,Lighting,GENERAL_ENERGY_SAVING
3,154.95,162.63,12571.1,19.3,38.54,Lighting,REDUCE_LIGHTING_USAGE
11,246.67,314.71,25421.64,86.91,115.84,Entertainment,REDUCE_HIGH_USAGE_APPLIANCE
2,663.33,744.72,26404.91,67.24,158.65,Kitchen,HIGH_BILL_WARNING
8,93.32,87.79,4713.95,10.02,19.71,Entertainment,GENERAL_ENERGY_SAVING
11,473.0,480.3,15536.56,153.83,220.2,Entertainment,REDUCE_HIGH_USAGE_APPLIANCE
2,254.34,273.14,10650.08,60.23,127.96,Cooling,REDUCE_COOLING_USAGE
7,325.98,350.04,8598.34,129.27,156.13,Refrigeration,OPTIMIZE_REFRIGERATION
11,174.36,190.76,9097.27,60.45,77.94,Other,REDUCE_HIGH_USAGE_APPLIANCE
4,411.64,453.82,63491.78,34.53,99.66,Cooling,HIGH_BILL_WARNING
9,361.25,456.61,48800.61,32.2,72.6,Entertainment,HIGH_BILL_WARNING
11,110.44,116.38,7302.95,7.59,15.0,Kitchen,GENERAL_ENERGY_SAVING
8,79.49,72.91,6411.93,3.58,13.11,Other,GENERAL_ENERGY_SAVING
7,221.78,243.79,19650.88,49.02,62.53,Heating,REDUCE_HEATING_USAGE
6,511.61,509.44,19266.04,128.4,147.09,Entertainment,REDUCE_HIGH_USAGE_APPLIANCE
10,258.88,264.95,9996.53,16.57,64.4,Lighting,REDUCE_LIGHTING_USAGE
6,449.99,468.69,14611.56,160.59,182.36,Other,REDUCE_HIGH_USAGE_APPLIANCE
6,158.86,150.05,3321.99,15.93,46.31,Entertainment,GENERAL_ENERGY_SAVING
10,381.07,433.13,22706.92,73.27,151.11,Air Conditioning,REDUCE_COOLING_USAGE
9,778.34,893.31,69607.68,85.31,167.51,Laundry,HIGH_BILL_WARNING
2,74.73,81.41,3955.03,8.84,15.05,Kitchen,GENERAL_ENERGY_SAVING
3,412.07,449.63,15829.69,107.11,212.59,Water Heating,REDUCE_HEATING_USAGE
11,450.93,553.27,20338.34,102.13,123.19,Heating,REDUCE_HEATING_USAGE
2,431.61,503.87,12229.84,72.21,152.09,Water Heating,REDUCE_HEATING_USAGE
5,335.57,411.9,19925.81,136.15,168.86,Air Conditioning,REDUCE_COOLING_USAGE
7,426.8,530.25,22229.68,88.96,138.55,Heating,REDUCE_HEATING_USAGE
7,124.37,148.28,5063.2,21.0,37.3,Kitchen,OPTIMIZE_REFRIGERATION
10,278.49,326.05,18509.77,126.83,156.96,Heating,REDUCE_HEATING_USAGE
8,268.89,265.3,13460.63,24.13,63.71,Lighting,REDUCE_LIGHTING_USAGE
11,105.71,97.03,1943.32,7.67,29.61,Entertainment,GENERAL_ENERGY_SAVING
6,405.49,427.15,11077.25,101.25,167.08,Cooling,REDUCE_COOLING_USAGE
9,59.66,59.57,1410.75,2.89,11.29,Lighting,GENERAL_ENERGY_SAVING
2,280.51,316.55,16185.08,52.68,91.49,Heating,REDUCE_HEATING_USAGE
11,443.95,576.77,27718.07,201.44,241.13,Cooling,REDUCE_COOLING_USAGE
8,223.22,248.98,15250.99,56.85,66.27,Entertainment,REDUCE_HIGH_USAGE_APPLIANCE
3,260.47,293.0,19185.1,82.85,127.66,Water Heating,REDUCE_HEATING_USAGE
2,400.64,458.94,5858.64,106.03,160.18,Water Heating,REDUCE_HEATING_USAGE
7,263.8,290.73,15159.9,61.08,127.17,Water Heating,REDUCE_HEATING_USAGE
4,52.18,50.84,4489.07,2.24,9.44,Kitchen,GENERAL_ENERGY_SAVING
10,287.52,344.36,23209.65,35.22,77.33,Heating,REDUCE_HEATING_USAGE
2,387.18,484.69,53866.1,24.36,73.87,Laundry,HIGH_BILL_WARNING
2,130.8,155.59,6484.73,30.03,43.84,Refrigeration,OPTIMIZE_REFRIGERATION
1,173.15,165.5,7267.73,4.97,21.14,Kitchen,GENERAL_ENERGY_SAVING
11,307.29,343.9,6047.04,34.4,133.69,Lighting,REDUCE_LIGHTING_USAGE
1,161.13,183.92,5566.78,24.74,64.51,Lighting,REDUCE_LIGHTING_USAGE
8,367.23,427.45,17898.97,68.02,117.15,Refrigeration,OPTIMIZE_REFRIGERATION
5,184.92,191.1,21258.55,54.24,60.8,Other,REDUCE_HIGH_USAGE_APPLIANCE
11,83.66,85.11,4969.66,2.49,9.59,Other,GENERAL_ENERGY_SAVING
7,95.64,101.1,9376.51,7.13,25.49,Lighting,REDUCE_LIGHTING_USAGE
2,237.4,268.45,11844.12,81.39,124.97,Laundry,REDUCE_HIGH_USAGE_APPLIANCE
4,261.25,293.24,17064.39,75.81,100.88,Heating,REDUCE_HEATING_USAGE
11,151.85,168.56,17374.11,39.67,55.32,Refrigeration,OPTIMIZE_REFRIGERATION
1,61.6,65.76,6767.6,7.39,17.47,Other,GENERAL_ENERGY_SAVING
2,505.68,519.63,21009.12,220.31,260.67,Other,REDUCE_HIGH_USAGE_APPLIANCE
2,304.33,324.69,16472.16,114.15,136.1,Heating,REDUCE_HEATING_USAGE
10,216.82,222.74,10013.71,65.36,90.27,Refrigeration,OPTIMIZE_REFRIGERATION
12,240.62,242.71,12156.35,77.45,82.38,Laundry,REDUCE_HIGH_USAGE_APPLIANCE
6,94.34,100.65,6269.59,8.65,31.52,Lighting,REDUCE_LIGHTING_USAGE
9,348.81,361.21,14942.44,103.33,124.71,Refrigeration,OPTIMIZE_REFRIGERATION
7,399.42,438.67,14719.59,67.27,153.59,Air Conditioning,REDUCE_COOLING_USAGE
5,330.69,373.01,14408.04,130.14,192.05,Cooling,REDUCE_COOLING_USAGE
12,115.12,98.7,5383.09,13.99,25.74,Lighting,GENERAL_ENERGY_SAVING
11,329.87,355.26,25870.93,97.77,122.58,Kitchen,REDUCE_HIGH_USAGE_APPLIANCE
6,164.49,163.59,11545.26,29.3,58.11,Lighting,REDUCE_LIGHTING_USAGE
10,65.86,64.56,1499.68,5.76,17.88,Kitchen,GENERAL_ENERGY_SAVING
4,253.35,253.08,4719.68,46.12,65.64,Refrigeration,OPTIMIZE_REFRIGERATION
7,50.51,47.28,6231.15,5.77,11.86,Entertainment,GENERAL_ENERGY_SAVING
1,411.2,488.86,16166.07,116.94,128.75,Kitchen,REDUCE_HIGH_USAGE_APPLIANCE
9,224.35,260.82,11852.94,43.25,95.1,Lighting,REDUCE_LIGHTING_USAGE
5,726.76,935.26,56431.49,119.95,232.54,Laundry,HIGH_BILL_WARNING
9,105.02,101.97,1695.61,3.16,12.45,Other,GENERAL_ENERGY_SAVING
2,252.62,294.39,9090.53,87.86,119.88,Water Heating,REDUCE_HEATING_USAGE
6,211.32,210.26,16291.74,41.59,54.53,Kitchen,OPTIMIZE_REFRIGERATION
7,137.42,145.74,11372.51,10.87,38.62,Lighting,REDUCE_LIGHTING_USAGE
8,139.4,141.99,1880.51,6.9,17.69,Other,GENERAL_ENERGY_SAVING
6,490.19,615.89,26397.1,92.13,161.3,Cooling,HIGH_BILL_WARNING
8,126.8,127.36,13383.09,26.18,47.45,Lighting,REDUCE_LIGHTING_USAGE
7,219.65,254.28,10826.58,100.22,118.43,Entertainment,REDUCE_HIGH_USAGE_APPLIANCE
4,412.86,439.24,7636.03,105.82,213.44,Heating,REDUCE_HEATING_USAGE
1,546.78,616.01,12726.95,153.45,312.59,Cooling,REDUCE_COOLING_USAGE
7,218.31,261.37,25509.2,57.31,105.19,Cooling,REDUCE_COOLING_USAGE
12,344.79,384.16,15392.42,127.27,157.77,Kitchen,OPTIMIZE_REFRIGERATION
3,333.37,388.96,9875.47,126.55,171.04,Air Conditioning,REDUCE_COOLING_USAGE
4,351.59,422.65,57667.37,59.81,96.71,Entertainment,HIGH_BILL_WARNING
3,210.13,266.67,6801.92,77.83,107.28,Refrigeration,OPTIMIZE_REFRIGERATION
4,377.33,408.01,7711.51,110.05,143.45,Entertainment,REDUCE_HIGH_USAGE_APPLIANCE
8,448.08,549.22,15186.09,120.48,158.25,Heating,REDUCE_HEATING_USAGE
6,348.8,384.47,24730.67,146.59,191.0,Air Conditioning,REDUCE_COOLING_USAGE
12,712.55,916.72,35576.45,80.89,130.34,Cooling,HIGH_BILL_WARNING
8,297.24,323.22,12696.21,77.99,113.02,Cooling,REDUCE_COOLING_USAGE
8,520.1,585.64,23838.02,83.44,138.63,Entertainment,HIGH_BILL_WARNING
6,161.0,139.53,3034.6,12.84,28.14,Entertainment,GENERAL_ENERGY_SAVING
9,462.91,576.95,11940.4,136.05,163.4,Entertainment,REDUCE_HIGH_USAGE_APPLIANCE
12,317.43,345.37,14499.01,111.99,144.47,Kitchen,OPTIMIZE_REFRIGERATION
12,419.06,430.43,19115.66,90.73,188.66,Cooling,REDUCE_COOLING_USAGE
6,502.14,539.06,24910.57,55.29,110.59,Entertainment,HIGH_BILL_WARNING
1,842.22,1080.74,46232.68,159.17,277.02,Other,HIGH_BILL_WARNING
9,487.65,630.01,10367.85,116.09,198.66,Air Conditioning,REDUCE_COOLING_USAGE
12,216.93,265.12,8642.74,86.09,107.72,Kitchen,REDUCE_HIGH_USAGE_APPLIANCE
6,498.49,644.35,18794.68,95.84,169.1,Cooling,REDUCE_COOLING_USAGE
7,201.56,204.37,19755.69,50.61,84.41,Water Heating,REDUCE_HEATING_USAGE
1,351.04,345.4,17323.99,95.7,130.85,Kitchen,OPTIMIZE_REFRIGERATION
6,403.85,464.59,24030.3,142.96,237.19,Cooling,REDUCE_COOLING_USAGE
8,318.56,306.13,14245.5,64.62,94.19,Refrigeration,OPTIMIZE_REFRIGERATION
7,61.64,66.39,1458.38,3.77,18.47,Lighting,GENERAL_ENERGY_SAVING
7,371.63,401.15,8609.24,136.14,173.22,Other,REDUCE_HIGH_USAGE_APPLIANCE
12,165.52,171.96,20461.43,39.75,59.42,Heating,REDUCE_HEATING_USAGE
1,497.62,559.86,37548.68,63.81,96.92,Entertainment,HIGH_BILL_WARNING
6,343.35,395.06,5307.06,94.52,110.17,Refrigeration,OPTIMIZE_REFRIGERATION
7,69.22,71.62,3861.21,7.77,15.91,Other,GENERAL_ENERGY_SAVING
4,260.3,276.61,26088.88,79.89,148.92,Cooling,REDUCE_COOLING_USAGE
12,282.95,363.69,16876.44,93.6,120.67,Cooling,REDUCE_COOLING_USAGE
3,238.24,294.08,6202.16,61.83,88.45,Heating,REDUCE_HEATING_USAGE
5,310.04,370.59,13246.94,58.08,112.66,Lighting,REDUCE_LIGHTING_USAGE
11,245.37,235.68,18017.58,37.35,67.71,Refrigeration,OPTIMIZE_REFRIGERATION
5,550.44,647.93,35258.4,99.91,161.15,Entertainment,HIGH_BILL_WARNING
9,118.91,127.1,6051.51,6.5,22.75,Other,GENERAL_ENERGY_SAVING
4,135.42,126.91,2201.31,14.53,38.19,Other,GENERAL_ENERGY_SAVING
10,221.68,219.83,15348.47,25.1,55.76,Lighting,REDUCE_LIGHTING_USAGE
1,580.71,766.59,32376.48,50.36,90.88,Entertainment,HIGH_BILL_WARNING
10,207.0,210.72,11284.48,55.24,89.4,Cooling,REDUCE_COOLING_USAGE
9,260.61,297.55,18027.61,82.78,91.36,Refrigeration,OPTIMIZE_REFRIGERATION
4,533.41,541.21,8613.36,142.11,206.7,Cooling,REDUCE_COOLING_USAGE
2,218.47,249.27,16998.82,56.14,74.15,Heating,REDUCE_HEATING_USAGE
9,312.51,356.88,7717.48,67.31,91.96,Refrigeration,OPTIMIZE_REFRIGERATION
4,122.38,109.68,13092.31,10.97,27.43,Lighting,REDUCE_LIGHTING_USAGE
7,450.63,539.27,64492.16,62.26,125.02,Entertainment,HIGH_BILL_WARNING
1,302.84,311.96,26119.28,74.57,167.63,Cooling,REDUCE_COOLING_USAGE
2,349.14,437.29,19822.02,52.09,116.36,Cooling,REDUCE_COOLING_USAGE
6,482.71,474.15,25270.68,228.53,262.18,Kitchen,REDUCE_HIGH_USAGE_APPLIANCE
11,142.37,149.3,8653.52,18.56,58.23,Lighting,REDUCE_LIGHTING_USAGE
7,313.38,343.46,22929.25,75.15,128.66,Heating,REDUCE_HEATING_USAGE
12,94.8,91.22,3459.22,6.84,25.34,Entertainment,GENERAL_ENERGY_SAVING
7,328.37,382.29,12138.59,111.03,128.77,Laundry,REDUCE_HIGH_USAGE_APPLIANCE
6,253.81,259.45,22846.12,48.99,90.67,Heating,REDUCE_HEATING_USAGE
11,504.37,495.27,22477.58,124.61,153.63,Entertainment,REDUCE_HIGH_USAGE_APPLIANCE
2,309.99,316.33,8006.17,22.65,67.91,Lighting,REDUCE_LIGHTING_USAGE
3,245.42,292.14,22985.06,38.69,73.97,Cooling,REDUCE_COOLING_USAGE
4,364.51,422.66,14450.32,82.98,116.86,Kitchen,OPTIMIZE_REFRIGERATION
12,318.53,324.49,24761.52,129.36,170.62,Kitchen,REDUCE_HIGH_USAGE_APPLIANCE
1,597.22,633.72,54288.97,75.39,133.57,Other,HIGH_BILL_WARNING
3,519.33,578.14,25365.63,140.34,168.3,Cooling,REDUCE_COOLING_USAGE
3,709.59,952.11,57414.76,92.78,148.61,Other,HIGH_BILL_WARNING
6,380.31,447.77,50404.52,29.02,82.03,Cooling,HIGH_BILL_WARNING
1,483.62,582.21,32782.92,36.15,107.25,Kitchen,HIGH_BILL_WARNING
3,780.92,828.22,60641.93,132.57,224.9,Entertainment,HIGH_BILL_WARNING
10,94.64,107.48,4694.46,18.02,31.74,Lighting,REDUCE_LIGHTING_USAGE
4,318.58,344.6,15108.8,102.58,118.75,Water Heating,REDUCE_HEATING_USAGE
8,258.7,284.18,5253.79,28.15,56.06,Lighting,REDUCE_LIGHTING_USAGE
5,406.33,468.16,17715.39,160.76,213.07,Other,REDUCE_HIGH_USAGE_APPLIANCE
3,163.19,203.66,25105.62,55.9,82.47,Laundry,REDUCE_HIGH_USAGE_APPLIANCE
5,446.3,525.69,18351.59,85.41,199.39,Air Conditioning,REDUCE_COOLING_USAGE
3,332.99,361.32,19268.05,102.33,125.95,Entertainment,REDUCE_HIGH_USAGE_APPLIANCE
1,167.43,177.84,6494.57,20.67,36.48,Lighting,GENERAL_ENERGY_SAVING
2,275.36,323.26,7534.5,62.48,107.03,Lighting,REDUCE_LIGHTING_USAGE
11,303.49,322.67,22441.87,52.79,108.41,Water Heating,REDUCE_HEATING_USAGE
6,135.69,120.12,5371.76,11.65,20.25,Other,GENERAL_ENERGY_SAVING
10,407.07,524.26,43517.38,22.02,68.03,Laundry,HIGH_BILL_WARNING
8,352.1,444.07,41441.0,30.36,77.46,Kitchen,HIGH_BILL_WARNING
8,336.97,353.06,4176.15,123.8,134.72,Refrigeration,OPTIMIZE_REFRIGERATION
10,272.83,272.7,24226.12,97.98,137.12,Entertainment,REDUCE_HIGH_USAGE_APPLIANCE
3,368.98,386.06,6114.43,82.77,110.89,Kitchen,REDUCE_HIGH_USAGE_APPLIANCE
8,420.2,436.6,26727.78,117.48,200.94,Air Conditioning,REDUCE_COOLING_USAGE
7,325.59,314.22,8826.36,56.04,81.98,Refrigeration,OPTIMIZE_REFRIGERATION
7,780.89,994.66,44785.75,178.67,272.92,Laundry,HIGH_BILL_WARNING
4,464.69,570.95,10403.22,123.28,209.52,Cooling,REDUCE_COOLING_USAGE
8,266.28,273.71,9597.9,61.71,106.12,Lighting,REDUCE_LIGHTING_USAGE
2,473.61,602.96,7888.84,98.74,213.5,Water Heating,REDUCE_HEATING_USAGE
12,471.33,521.0,13012.86,111.48,185.22,Heating,REDUCE_HEATING_USAGE
6,363.16,419.81,13898.79,139.01,184.58,Water Heating,REDUCE_HEATING_USAGE
2,358.38,423.34,10477.72,74.69,161.47,Cooling,REDUCE_COOLING_USAGE
2,430.09,541.58,6110.14,110.96,159.67,Water Heating,REDUCE_HEATING_USAGE
2,174.35,185.47,12508.4,28.02,52.7,Heating,REDUCE_HEATING_USAGE
1,230.04,259.98,17366.89,61.87,72.83,Entertainment,REDUCE_HIGH_USAGE_APPLIANCE
9,428.76,504.66,59466.07,71.5,110.43,Kitchen,HIGH_BILL_WARNING
9,324.95,400.88,7094.7,82.31,111.72,Other,REDUCE_HIGH_USAGE_APPLIANCE
6,203.63,247.15,16559.15,41.87,96.32,Cooling,REDUCE_COOLING_USAGE
5,44.08,44.37,3303.91,3.28,7.29,Other,GENERAL_ENERGY_SAVING
11,363.37,395.7,22762.4,49.19,76.03,Entertainment,HIGH_BILL_WARNING
10,165.95,163.35,6344.45,26.48,48.67,Other,GENERAL_ENERGY_SAVING
5,306.62,335.07,13887.97,47.96,117.44,Lighting,REDUCE_LIGHTING_USAGE
9,295.91,296.85,15636.22,38.55,89.53,Cooling,REDUCE_COOLING_USAGE
10,201.3,227.16,7537.39,40.02,82.28,Heating,REDUCE_HEATING_USAGE
12,225.98,220.68,12447.1,18.58,57.14,Lighting,REDUCE_LIGHTING_USAGE
5,506.77,510.73,14221.47,185.47,280.58,Other,REDUCE_HIGH_USAGE_APPLIANCE
5,473.64,638.12,64720.35,63.83,122.43,Cooling,HIGH_BILL_WARNING
6,141.54,166.67,11165.3,41.31,57.02,Refrigeration,OPTIMIZE_REFRIGERATION
5,308.23,302.33,4882.91,26.22,92.14,Lighting,REDUCE_LIGHTING_USAGE
11,182.86,183.36,11003.58,22.06,45.96,Water Heating,REDUCE_HEATING_USAGE
3,297.69,328.2,16734.58,76.84,99.83,Refrigeration,OPTIMIZE_REFRIGERATION
11,126.22,125.35,12774.58,32.11,54.79,Lighting,REDUCE_LIGHTING_USAGE
12,497.88,470.66,8043.55,103.62,153.68,Heating,REDUCE_HEATING_USAGE
3,194.52,214.92,14816.72,84.76,96.98,Kitchen,REDUCE_HIGH_USAGE_APPLIANCE
6,383.56,423.8,11916.3,171.22,201.35,Other,REDUCE_HIGH_USAGE_APPLIANCE
5,399.81,484.33,45143.84,24.47,69.78,Entertainment,HIGH_BILL_WARNING
6,718.16,801.29,55116.21,52.83,117.8,Cooling,HIGH_BILL_WARNING
6,265.5,258.59,5169.08,31.14,61.63,Lighting,REDUCE_LIGHTING_USAGE
10,137.3,143.5,5688.71,13.14,55.42,Lighting,REDUCE_LIGHTING_USAGE
11,274.63,298.9,9201.69,42.71,73.19,Kitchen,OPTIMIZE_REFRIGERATION
12,268.94,326.25,21880.61,83.25,133.73,Water Heating,REDUCE_HEATING_USAGE
1,483.65,600.64,17070.77,192.55,219.51,Entertainment,REDUCE_HIGH_USAGE_APPLIANCE
10,347.85,364.28,26769.56,74.73,136.88,Cooling,REDUCE_COOLING_USAGE
11,197.19,239.2,8373.07,68.38,82.0,Heating,REDUCE_HEATING_USAGE
4,79.11,70.53,2043.99,2.87,10.44,Entertainment,GENERAL_ENERGY_SAVING
8,281.35,320.23,15274.33,82.12,119.47,Kitchen,REDUCE_HIGH_USAGE_APPLIANCE
3,161.92,194.56,10479.14,67.74,75.66,Kitchen,OPTIMIZE_REFRIGERATION
2,781.3,831.8,31213.47,167.42,270.88,Cooling,HIGH_BILL_WARNING
1,488.21,548.38,62644.19,90.04,148.7,Laundry,HIGH_BILL_WARNING
5,459.88,546.16,19015.57,119.37,242.82,Air Conditioning,REDUCE_COOLING_USAGE
4,327.45,325.23,15055.69,110.74,126.34,Refrigeration,OPTIMIZE_REFRIGERATION
10,219.64,215.62,8286.83,33.25,72.61,Lighting,REDUCE_LIGHTING_USAGE
7,679.48,812.07,59692.51,107.63,193.43,Other,HIGH_BILL_WARNING
6,191.01,230.85,15218.67,53.89,89.15,Water Heating,REDUCE_HEATING_USAGE
10,204.31,224.03,21959.22,63.31,88.48,Water Heating,REDUCE_HEATING_USAGE
5,415.69,513.5,13781.43,91.27,142.53,Heating,REDUCE_HEATING_USAGE
1,214.49,248.6,11158.3,85.63,97.41,Laundry,REDUCE_HIGH_USAGE_APPLIANCE
11,380.74,458.34,5842.3,74.25,110.29,Heating,REDUCE_HEATING_USAGE
1,207.35,235.28,8460.98,43.86,71.06,Heating,REDUCE_HEATING_USAGE
1,414.49,522.99,25971.91,127.87,179.52,Cooling,REDUCE_COOLING_USAGE
2,817.86,934.05,42290.15,72.31,132.07,Other,HIGH_BILL_WARNING
2,111.33,117.33,12001.52,25.95,40.92,Kitchen,OPTIMIZE_REFRIGERATION
3,377.1,373.99,22677.23,120.1,179.76,Laundry,REDUCE_HIGH_USAGE_APPLIANCE
1,94.74,87.78,4870.53,11.22,22.16,Kitchen,GENERAL_ENERGY_SAVING
4,553.57,610.5,61050.7,133.52,191.4,Laundry,HIGH_BILL_WARNING
6,151.33,178.32,10949.04,15.21,65.03,Lighting,REDUCE_LIGHTING_USAGE
12,685.96,774.46,28749.38,53.0,114.1,Laundry,HIGH_BILL_WARNING
3,259.61,268.22,14721.71,53.49,95.54,Lighting,REDUCE_LIGHTING_USAGE
11,226.98,235.51,12435.68,31.63,61.54,Lighting,REDUCE_LIGHTING_USAGE
5,228.23,234.56,9050.54,69.77,77.22,Other,REDUCE_HIGH_USAGE_APPLIANCE
11,193.91,220.35,7265.67,64.96,77.36,Refrigeration,OPTIMIZE_REFRIGERATION
2,57.9,60.16,1284.88,4.22,8.63,Lighting,GENERAL_ENERGY_SAVING
12,387.72,494.18,22051.72,60.87,142.06,Cooling,REDUCE_COOLING_USAGE
12,395.38,448.34,12144.15,117.72,126.13,Other,REDUCE_HIGH_USAGE_APPLIANCE
7,509.72,607.17,28342.56,109.49,171.26,Cooling,HIGH_BILL_WARNING
7,282.34,302.13,15639.08,98.06,129.31,Kitchen,OPTIMIZE_REFRIGERATION
6,463.11,607.12,59131.16,85.39,128.84,Other,HIGH_BILL_WARNING
1,146.55,153.07,13243.12,51.25,70.71,Heating,REDUCE_HEATING_USAGE
7,237.06,289.08,19805.33,59.21,101.38,Heating,REDUCE_HEATING_USAGE
5,138.58,146.74,8821.39,18.22,39.48,Lighting,REDUCE_LIGHTING_USAGE
3,436.97,458.49,11413.24,144.27,152.53,Laundry,REDUCE_HIGH_USAGE_APPLIANCE
11,374.87,490.58,53326.98,58.3,86.17,Cooling,HIGH_BILL_WARNING
8,238.69,290.84,9564.97,80.87,124.93,Cooling,REDUCE_COOLING_USAGE
2,149.36,189.54,21231.22,55.73,70.46,Heating,REDUCE_HEATING_USAGE
4,165.85,163.98,12922.02,52.99,58.85,Entertainment,REDUCE_HIGH_USAGE_APPLIANCE
6,288.12,365.8,22160.73,44.01,94.47,Water Heating,REDUCE_HEATING_USAGE
4,636.23,824.61,47988.45,55.21,176.39,Cooling,HIGH_BILL_WARNING
4,228.03,272.94,21072.34,100.75,111.1,Kitchen,REDUCE_HIGH_USAGE_APPLIANCE
11,43.21,41.26,7381.31,3.29,9.33,Other,GENERAL_ENERGY_SAVING
8,319.46,351.45,7765.27,129.74,137.33,Laundry,REDUCE_HIGH_USAGE_APPLIANCE
7,531.01,594.41,23109.31,147.7,204.94,Air Conditioning,REDUCE_COOLING_USAGE
4,226.26,256.02,7309.22,30.15,68.43,Cooling,REDUCE_COOLING_USAGE
7,680.59,750.53,34794.0,109.85,195.82,Entertainment,HIGH_BILL_WARNING
6,381.65,409.84,19463.95,171.69,193.01,Entertainment,REDUCE_HIGH_USAGE_APPLIANCE
10,155.81,138.79,3966.43,17.08,30.39,Lighting,GENERAL_ENERGY_SAVING
11,327.76,354.24,19564.88,72.65,95.48,Laundry,REDUCE_HIGH_USAGE_APPLIANCE
6,403.78,445.01,15924.54,61.06,121.27,Heating,REDUCE_HEATING_USAGE
3,185.94,212.07,8243.83,32.88,55.97,Lighting,REDUCE_LIGHTING_USAGE
4,334.87,373.88,19012.89,74.74,104.01,Cooling,REDUCE_COOLING_USAGE
7,326.37,336.26,10307.58,58.81,127.46,Air Conditioning,REDUCE_COOLING_USAGE
1,134.06,140.48,3517.94,12.62,23.74,Entertainment,GENERAL_ENERGY_SAVING
11,334.44,404.56,22434.01,78.57,98.95,Heating,REDUCE_HEATING_USAGE
1,510.13,592.86,25969.14,66.42,160.8,Cooling,REDUCE_COOLING_USAGE
7,162.36,152.42,1488.98,18.2,36.33,Other,GENERAL_ENERGY_SAVING
11,349.3,335.27,12911.78,140.84,151.5,Kitchen,OPTIMIZE_REFRIGERATION
12,257.72,292.22,8351.38,13.46,55.22,Lighting,REDUCE_LIGHTING_USAGE
9,163.73,177.13,8427.31,23.23,56.29,Lighting,REDUCE_LIGHTING_USAGE
12,543.4,713.49,39846.34,88.59,153.56,Cooling,HIGH_BILL_WARNING
1,519.73,619.4,52101.19,45.68,149.11,Laundry,HIGH_BILL_WARNING
8,827.05,883.01,26282.91,65.66,172.61,Entertainment,HIGH_BILL_WARNING
2,363.73,452.79,18409.0,174.22,188.68,Other,REDUCE_HIGH_USAGE_APPLIANCE
8,812.79,1046.68,38720.15,74.68,130.67,Cooling,HIGH_BILL_WARNING
6,436.35,518.13,7917.54,180.46,249.07,Cooling,REDUCE_COOLING_USAGE
7,394.44,486.21,21600.71,93.45,105.11,Heating,REDUCE_HEATING_USAGE
5,785.54,987.65,51447.95,80.89,133.99,Other,HIGH_BILL_WARNING
4,197.69,194.52,13557.6,55.51,60.66,Refrigeration,OPTIMIZE_REFRIGERATION
11,643.78,772.6,24317.34,51.03,132.97,Laundry,HIGH_BILL_WARNING
3,560.19,672.66,17931.63,166.25,246.24,Cooling,REDUCE_COOLING_USAGE
3,597.28,652.94,52080.12,63.23,127.29,Laundry,HIGH_BILL_WARNING
5,225.74,239.4,14124.42,101.09,113.62,Other,REDUCE_HIGH_USAGE_APPLIANCE
4,422.09,457.73,36908.8,72.45,122.88,Other,HIGH_BILL_WARNING
12,682.76,742.19,62913.47,70.91,114.35,Entertainment,HIGH_BILL_WARNING
1,91.02,84.63,5124.91,5.12,14.59,Lighting,GENERAL_ENERGY_SAVING
4,195.46,229.04,8787.66,52.84,81.75,Cooling,REDUCE_COOLING_USAGE
11,183.19,216.88,6163.37,56.09,89.96,Refrigeration,OPTIMIZE_REFRIGERATION
2,248.88,276.65,6749.85,56.83,96.52,Refrigeration,OPTIMIZE_REFRIGERATION
3,101.33,109.08,2217.1,7.98,14.66,Lighting,GENERAL_ENERGY_SAVING
12,279.93,347.8,16147.06,79.77,129.17,Cooling,REDUCE_COOLING_USAGE
11,180.94,196.36,13029.36,44.22,79.53,Lighting,REDUCE_LIGHTING_USAGE
5,165.48,179.49,8846.73,40.57,55.14,Other,REDUCE_HIGH_USAGE_APPLIANCE
7,154.86,157.61,7474.95,7.63,34.81,Lighting,REDUCE_LIGHTING_USAGE
10,198.48,211.33,6168.38,21.96,85.04,Lighting,REDUCE_LIGHTING_USAGE
3,114.2,123.23,9178.87,14.49,28.34,Lighting,REDUCE_LIGHTING_USAGE
5,367.67,371.83,24660.49,92.75,137.86,Entertainment,REDUCE_HIGH_USAGE_APPLIANCE
8,225.5,239.16,7138.34,99.42,133.25,Cooling,REDUCE_COOLING_USAGE
8,158.18,136.27,5376.56,7.58,22.15,Lighting,GENERAL_ENERGY_SAVING
9,455.15,475.13,17048.63,119.48,177.21,Laundry,REDUCE_HIGH_USAGE_APPLIANCE
4,125.56,110.43,2042.46,5.24,16.68,Entertainment,GENERAL_ENERGY_SAVING
1,286.48,310.17,16054.69,75.0,83.22,Refrigeration,OPTIMIZE_REFRIGERATION
9,323.57,384.75,21139.27,56.7,139.11,Cooling,REDUCE_COOLING_USAGE
3,147.28,150.05,9000.55,16.21,50.12,Lighting,REDUCE_LIGHTING_USAGE
3,112.05,116.4,9746.02,23.29,42.22,Lighting,REDUCE_LIGHTING_USAGE
12,204.5,206.77,7992.75,46.43,78.78,Lighting,REDUCE_LIGHTING_USAGE
7,100.57,102.96,6887.16,9.18,27.31,Lighting,GENERAL_ENERGY_SAVING
9,234.65,235.72,18481.2,47.74,75.77,Water Heating,REDUCE_HEATING_USAGE
5,267.55,270.75,16248.67,117.56,126.9,Refrigeration,OPTIMIZE_REFRIGERATION
5,610.49,748.7,29424.31,74.93,118.18,Kitchen,HIGH_BILL_WARNING
2,244.14,257.72,12775.81,19.3,52.16,Lighting,REDUCE_LIGHTING_USAGE
10,54.61,58.43,5711.42,2.03,9.41,Kitchen,GENERAL_ENERGY_SAVING
12,838.92,960.26,63313.79,105.68,182.04,Other,HIGH_BILL_WARNING
5,233.41,278.15,7507.75,57.56,83.59,Entertainment,REDUCE_HIGH_USAGE_APPLIANCE
1,458.82,579.6,23496.45,158.94,228.58,Water Heating,REDUCE_HEATING_USAGE
3,175.79,175.35,1790.03,13.19,29.16,Other,GENERAL_ENERGY_SAVING
4,265.27,268.12,9612.61,14.64,64.8,Lighting,REDUCE_LIGHTING_USAGE
10,130.53,115.19,4869.03,7.19,15.19,Lighting,GENERAL_ENERGY_SAVING
2,344.16,357.31,4685.21,57.08,95.16,Kitchen,OPTIMIZE_REFRIGERATION
2,445.47,504.35,8223.14,194.14,218.19,Laundry,REDUCE_HIGH_USAGE_APPLIANCE
9,220.11,248.81,19730.39,61.77,114.14,Cooling,REDUCE_COOLING_USAGE
6,295.4,348.59,8947.7,27.79,103.17,Lighting,REDUCE_LIGHTING_USAGE
7,401.77,491.72,23226.18,59.1,136.98,Cooling,REDUCE_COOLING_USAGE
4,156.17,177.13,9928.62,46.65,69.15,Refrigeration,OPTIMIZE_REFRIGERATION
10,62.41,57.89,3343.47,8.31,15.42,Entertainment,GENERAL_ENERGY_SAVING
2,143.51,166.51,10520.47,24.14,45.71,Heating,REDUCE_HEATING_USAGE
12,481.73,605.95,13733.97,131.6,285.31,Cooling,REDUCE_COOLING_USAGE
9,731.12,928.84,39304.43,133.35,240.19,Other,HIGH_BILL_WARNING
10,471.32,489.6,8575.85,157.31,185.75,Laundry,REDUCE_HIGH_USAGE_APPLIANCE
8,755.6,892.88,58449.21,85.8,135.81,Kitchen,HIGH_BILL_WARNING
6,534.55,607.61,50860.07,95.63,181.45,Laundry,HIGH_BILL_WARNING
2,359.85,342.68,16833.63,125.17,173.8,Refrigeration,OPTIMIZE_REFRIGERATION
2,257.92,259.54,6544.32,25.46,68.55,Lighting,REDUCE_LIGHTING_USAGE
11,412.44,430.92,22227.8,201.13,214.01,Kitchen,REDUCE_HIGH_USAGE_APPLIANCE
10,162.03,184.45,12337.49,30.83,43.33,Water Heating,REDUCE_HEATING_USAGE
5,256.31,249.12,4883.32,53.3,110.2,Lighting,REDUCE_LIGHTING_USAGE
6,101.26,87.57,1480.21,5.91,23.6,Entertainment,GENERAL_ENERGY_SAVING
1,321.1,323.15,11609.14,70.97,98.47,Refrigeration,OPTIMIZE_REFRIGERATION
10,656.27,782.07,50833.48,138.8,220.86,Cooling,HIGH_BILL_WARNING
9,356.27,368.21,15849.32,129.53,167.13,Refrigeration,OPTIMIZE_REFRIGERATION
6,464.16,482.23,21546.95,209.03,249.34,Heating,REDUCE_HEATING_USAGE
4,280.57,362.2,17179.74,71.91,105.51,Refrigeration,OPTIMIZE_REFRIGERATION
10,71.3,71.87,6614.03,6.48,19.47,Kitchen,GENERAL_ENERGY_SAVING
2,417.21,417.59,19092.0,80.74,150.21,Cooling,REDUCE_COOLING_USAGE
1,312.24,310.02,6604.21,64.26,138.72,Lighting,REDUCE_LIGHTING_USAGE
5,154.62,161.4,20412.49,38.22,81.13,Water Heating,REDUCE_HEATING_USAGE
1,511.43,620.46,10076.0,154.35,206.38,Cooling,REDUCE_COOLING_USAGE
10,204.75,217.79,4352.02,15.8,49.64,Lighting,REDUCE_LIGHTING_USAGE
12,473.04,503.14,15037.99,125.74,133.92,Laundry,REDUCE_HIGH_USAGE_APPLIANCE
5,263.51,270.83,5342.61,56.64,111.02,Lighting,REDUCE_LIGHTING_USAGE
1,70.2,64.78,5073.2,3.04,10.91,Lighting,GENERAL_ENERGY_SAVING
8,230.93,266.29,5222.04,16.56,61.77,Lighting,REDUCE_LIGHTING_USAGE
8,491.01,549.92,16835.16,176.86,213.88,Other,REDUCE_HIGH_USAGE_APPLIANCE
1,278.25,324.68,17925.15,81.87,94.19,Laundry,REDUCE_HIGH_USAGE_APPLIANCE
8,172.96,204.94,19550.62,78.39,90.89,Other,REDUCE_HIGH_USAGE_APPLIANCE
7,389.77,445.59,9869.48,76.59,131.93,Heating,REDUCE_HEATING_USAGE
5,226.69,238.83,9555.7,76.64,112.12,Refrigeration,OPTIMIZE_REFRIGERATION
5,40.15,35.32,2481.35,2.92,8.31,Kitchen,GENERAL_ENERGY_SAVING
6,44.12,39.61,6447.25,4.58,10.18,Entertainment,GENERAL_ENERGY_SAVING
12,151.53,170.39,15971.3,10.94,49.38,Lighting,REDUCE_LIGHTING_USAGE
10,431.19,533.22,16495.5,60.93,128.78,Heating,REDUCE_HEATING_USAGE
9,294.97,360.01,4189.23,96.76,139.94,Refrigeration,OPTIMIZE_REFRIGERATION
10,258.93,271.95,8727.25,39.16,78.23,Lighting,REDUCE_LIGHTING_USAGE
10,326.81,403.17,13711.7,101.76,140.51,Entertainment,REDUCE_HIGH_USAGE_APPLIANCE
6,548.36,688.18,52096.24,32.6,90.69,Entertainment,HIGH_BILL_WARNING
6,70.26,70.91,6165.26,10.79,20.72,Other,GENERAL_ENERGY_SAVING
8,363.29,454.94,10915.09,89.36,111.1,Heating,REDUCE_HEATING_USAGE
5,235.21,261.77,24836.16,75.9,123.8,Cooling,REDUCE_COOLING_USAGE
8,760.4,944.72,41785.51,93.26,243.12,Cooling,HIGH_BILL_WARNING
9,286.07,272.34,6299.12,18.92,76.42,Lighting,REDUCE_LIGHTING_USAGE
12,286.0,309.9,6536.65,59.48,122.02,Water Heating,REDUCE_HEATING_USAGE
4,140.38,123.47,3926.32,18.68,33.35,Kitchen,GENERAL_ENERGY_SAVING
2,75.16,68.95,6667.82,8.8,22.48,Lighting,GENERAL_ENERGY_SAVING
2,442.42,443.55,11440.02,119.76,199.89,Heating,REDUCE_HEATING_USAGE
11,47.43,45.23,4475.13,1.53,5.36,Lighting,GENERAL_ENERGY_SAVING
7,374.73,367.97,21757.5,117.85,156.22,Entertainment,REDUCE_HIGH_USAGE_APPLIANCE
11,221.32,268.6,20204.32,36.07,70.04,Water Heating,REDUCE_HEATING_USAGE
11,136.21,137.04,1471.28,11.04,32.09,Kitchen,GENERAL_ENERGY_SAVING
11,251.89,258.94,7460.82,59.81,79.27,Kitchen,OPTIMIZE_REFRIGERATION
11,329.97,418.79,9567.95,47.62,82.79,Water Heating,REDUCE_HEATING_USAGE
8,448.03,546.67,15069.69,159.19,202.84,Entertainment,REDUCE_HIGH_USAGE_APPLIANCE
9,431.71,507.86,32422.11,83.21,120.12,Kitchen,HIGH_BILL_WARNING
1,180.18,198.1,8165.46,42.37,61.09,Laundry,REDUCE_HIGH_USAGE_APPLIANCE
1,89.4,85.1,5190.74,5.6,23.38,Lighting,GENERAL_ENERGY_SAVING
4,151.53,171.42,7766.03,34.4,61.91,Kitchen,OPTIMIZE_REFRIGERATION
7,599.77,644.04,55193.78,59.15,115.41,Other,HIGH_BILL_WARNING
11,254.74,302.27,10674.35,47.96,102.37,Lighting,REDUCE_LIGHTING_USAGE
4,349.37,409.31,18429.3,113.74,190.75,Water Heating,REDUCE_HEATING_USAGE
8,400.99,527.88,24181.17,37.14,66.06,Cooling,HIGH_BILL_WARNING
6,156.26,194.88,11076.88,66.5,78.36,Heating,REDUCE_HEATING_USAGE
7,47.99,50.26,4963.19,5.98,11.29,Lighting,GENERAL_ENERGY_SAVING
1,306.27,345.78,17005.94,105.97,125.82,Kitchen,REDUCE_HIGH_USAGE_APPLIANCE
12,302.6,308.33,11757.76,82.22,151.44,Water Heating,REDUCE_HEATING_USAGE
8,551.14,600.74,24300.71,77.88,182.39,Laundry,HIGH_BILL_WARNING
6,55.54,52.14,7471.59,5.93,14.54,Kitchen,GENERAL_ENERGY_SAVING
1,226.71,242.76,26938.81,62.99,111.89,Cooling,REDUCE_COOLING_USAGE
3,616.71,708.84,62906.8,112.92,168.4,Kitchen,HIGH_BILL_WARNING
12,177.14,186.95,6421.47,45.04,55.3,Kitchen,REDUCE_HIGH_USAGE_APPLIANCE
1,469.06,560.77,11186.57,204.23,246.85,Cooling,REDUCE_COOLING_USAGE
10,317.0,387.8,10723.04,70.94,113.38,Water Heating,REDUCE_HEATING_USAGE
1,320.34,389.81,19854.61,93.7,109.5,Other,REDUCE_HIGH_USAGE_APPLIANCE
7,295.86,298.79,18706.05,111.57,121.62,Refrigeration,OPTIMIZE_REFRIGERATION
9,86.27,94.51,3380.44,8.18,13.75,Other,GENERAL_ENERGY_SAVING
3,332.3,342.18,14385.04,84.2,115.32,Heating,REDUCE_HEATING_USAGE
3,432.59,481.64,11908.55,141.02,189.45,Laundry,REDUCE_HIGH_USAGE_APPLIANCE
10,242.2,246.01,8865.65,74.71,83.94,Refrigeration,OPTIMIZE_REFRIGERATION
3,519.67,642.08,7797.24,178.45,218.2,Entertainment,REDUCE_HIGH_USAGE_APPLIANCE
4,369.28,445.97,14698.1,67.68,93.25,Water Heating,REDUCE_HEATING_USAGE
8,492.41,507.73,18947.81,174.26,282.33,Cooling,REDUCE_COOLING_USAGE
7,627.04,770.89,57691.97,55.33,183.06,Laundry,HIGH_BILL_WARNING
1,196.9,195.16,4449.4,55.85,62.83,Refrigeration,OPTIMIZE_REFRIGERATION
2,260.7,302.43,6008.75,46.08,102.52,Lighting,REDUCE_LIGHTING_USAGE
5,671.04,824.69,39538.21,120.75,193.21,Laundry,HIGH_BILL_WARNING
4,301.32,340.98,14845.37,106.21,149.15,Laundry,REDUCE_HIGH_USAGE_APPLIANCE
4,373.42,382.81,24031.58,88.68,97.49,Kitchen,REDUCE_HIGH_USAGE_APPLIANCE
11,115.52,136.78,13618.6,9.45,31.91,Lighting,REDUCE_LIGHTING_USAGE
6,296.48,352.31,15233.13,61.18,79.49,Kitchen,REDUCE_HIGH_USAGE_APPLIANCE
5,176.43,164.35,1668.24,6.31,17.69,Lighting,GENERAL_ENERGY_SAVING
2,341.08,421.64,20914.86,80.01,158.04,Air Conditioning,REDUCE_COOLING_USAGE
6,471.85,596.76,16982.02,85.09,205.72,Air Conditioning,REDUCE_COOLING_USAGE
9,257.31,260.29,14126.6,58.76,86.62,Refrigeration,OPTIMIZE_REFRIGERATION
2,379.58,371.68,7030.88,132.42,187.86,Kitchen,OPTIMIZE_REFRIGERATION
4,242.37,287.66,11392.37,82.91,108.85,Kitchen,OPTIMIZE_REFRIGERATION
10,171.59,181.35,20241.35,48.16,65.97,Heating,REDUCE_HEATING_USAGE
12,122.25,130.5,6122.82,11.24,25.64,Lighting,REDUCE_LIGHTING_USAGE
10,308.73,321.05,8783.72,35.3,90.9,Lighting,REDUCE_LIGHTING_USAGE
10,351.26,411.57,34341.1,56.02,112.9,Kitchen,HIGH_BILL_WARNING
8,326.34,373.21,13277.49,148.7,158.22,Entertainment,REDUCE_HIGH_USAGE_APPLIANCE
5,80.0,80.43,5130.33,5.9,13.59,Kitchen,GENERAL_ENERGY_SAVING
12,457.44,549.89,15685.39,169.62,185.31,Kitchen,REDUCE_HIGH_USAGE_APPLIANCE
6,276.9,268.36,4046.49,17.46,64.15,Lighting,REDUCE_LIGHTING_USAGE
3,129.42,119.8,7088.78,20.08,34.33,Other,GENERAL_ENERGY_SAVING
7,153.07,170.35,23447.89,47.59,59.56,Heating,REDUCE_HEATING_USAGE
6,470.67,624.48,23519.63,41.73,110.71,Other,HIGH_BILL_WARNING
11,605.38,703.43,27532.35,53.72,164.3,Kitchen,HIGH_BILL_WARNING
5,117.59,137.84,5210.23,8.93,38.02,Lighting,REDUCE_LIGHTING_USAGE
4,457.03,550.26,8998.86,84.83,192.35,Air Conditioning,REDUCE_COOLING_USAGE
5,202.31,204.71,10590.83,24.26,45.99,Lighting,REDUCE_LIGHTING_USAGE
11,127.63,161.4,8263.62,14.23,29.02,Lighting,REDUCE_LIGHTING_USAGE
10,179.69,171.09,14194.68,13.12,50.42,Lighting,REDUCE_LIGHTING_USAGE
2,514.46,620.27,25195.72,245.92,262.16,Entertainment,REDUCE_HIGH_USAGE_APPLIANCE
7,814.96,963.24,56777.87,79.73,162.02,Entertainment,HIGH_BILL_WARNING
11,307.76,377.37,15065.76,68.35,100.56,Water Heating,REDUCE_HEATING_USAGE
4,453.64,486.65,28185.8,155.92,186.21,Cooling,REDUCE_COOLING_USAGE
10,406.4,400.41,6647.22,199.84,218.28,Kitchen,REDUCE_HIGH_USAGE_APPLIANCE
1,166.25,166.9,3950.94,36.71,63.73,Lighting,REDUCE_LIGHTING_USAGE
8,210.48,194.98,6986.85,50.96,57.59,Refrigeration,OPTIMIZE_REFRIGERATION
12,354.31,446.72,63952.04,31.27,84.69,Laundry,HIGH_BILL_WARNING
3,142.05,128.76,7278.86,10.93,25.43,Entertainment,GENERAL_ENERGY_SAVING
2,239.57,244.07,5000.0,30.2,87.04,Lighting,REDUCE_LIGHTING_USAGE
1,155.35,178.48,8921.51,50.45,82.54,Heating,REDUCE_HEATING_USAGE
11,137.96,148.74,7527.81,39.68,62.49,Refrigeration,OPTIMIZE_REFRIGERATION
11,176.14,170.91,13966.35,20.05,67.12,Lighting,REDUCE_LIGHTING_USAGE
8,331.77,352.0,20513.26,51.32,94.71,Heating,REDUCE_HEATING_USAGE
4,222.85,263.55,12758.87,88.85,99.96,Refrigeration,OPTIMIZE_REFRIGERATION
4,348.86,424.18,13471.8,99.71,134.53,Water Heating,REDUCE_HEATING_USAGE
7,241.33,246.06,14568.25,18.69,85.91,Lighting,REDUCE_LIGHTING_USAGE
11,253.21,279.9,7558.47,74.95,104.37,Refrigeration,OPTIMIZE_REFRIGERATION
5,276.4,328.53,18680.09,63.8,75.4,Refrigeration,OPTIMIZE_REFRIGERATION
6,242.75,274.55,13695.3,20.74,51.22,Lighting,REDUCE_LIGHTING_USAGE
3,380.27,475.81,20870.13,88.14,148.4,Heating,REDUCE_HEATING_USAGE
4,496.1,627.92,55470.63,76.21,108.91,Laundry,HIGH_BILL_WARNING
9,581.54,646.26,46030.37,111.24,198.72,Cooling,HIGH_BILL_WARNING
10,78.68,84.26,7439.9,4.48,13.07,Other,GENERAL_ENERGY_SAVING
3,235.35,276.93,13355.84,31.27,69.34,Water Heating,REDUCE_HEATING_USAGE
3,299.15,336.14,11953.03,83.33,120.65,Other,REDUCE_HIGH_USAGE_APPLIANCE
12,192.2,190.43,3815.98,14.24,54.38,Lighting,REDUCE_LIGHTING_USAGE
7,427.59,497.62,14731.27,58.43,110.59,Heating,REDUCE_HEATING_USAGE
6,276.13,326.71,24806.88,63.54,82.85,Cooling,REDUCE_COOLING_USAGE
12,425.19,429.23,25255.96,149.83,221.27,Entertainment,REDUCE_HIGH_USAGE_APPLIANCE
2,102.18,116.34,4387.67,18.07,35.44,Lighting,REDUCE_LIGHTING_USAGE
12,527.22,603.48,23897.04,156.02,279.74,Cooling,REDUCE_COOLING_USAGE
1,374.26,417.76,10732.38,118.52,177.51,Kitchen,OPTIMIZE_REFRIGERATION
12,375.19,422.15,20933.05,115.98,146.66,Heating,REDUCE_HEATING_USAGE
8,573.86,604.02,43921.37,58.97,130.25,Cooling,HIGH_BILL_WARNING
7,102.83,99.03,11216.27,15.3,42.42,Lighting,REDUCE_LIGHTING_USAGE
3,628.96,836.9,33695.12,80.14,176.55,Laundry,HIGH_BILL_WARNING
8,352.22,453.11,30108.21,19.84,65.07,Entertainment,HIGH_BILL_WARNING
8,81.7,76.2,2693.89,3.22,8.89,Entertainment,GENERAL_ENERGY_SAVING
1,281.63,307.24,16490.19,68.73,127.35,Cooling,REDUCE_COOLING_USAGE
12,375.24,443.53,22860.57,180.89,221.13,Cooling,REDUCE_COOLING_USAGE
10,228.68,227.28,5092.89,39.55,79.36,Lighting,REDUCE_LIGHTING_USAGE
4,243.51,299.03,16910.46,40.56,69.67,Heating,REDUCE_HEATING_USAGE
9,303.42,291.64,9052.58,66.43,76.53,Refrigeration,OPTIMIZE_REFRIGERATION
5,480.04,610.63,43636.4,52.06,167.79,Kitchen,HIGH_BILL_WARNING
11,108.8,99.51,4948.96,16.72,30.22,Entertainment,GENERAL_ENERGY_SAVING
6,187.64,183.69,12411.32,54.79,57.93,Refrigeration,OPTIMIZE_REFRIGERATION
5,459.57,573.56,24438.27,100.69,153.23,Entertainment,REDUCE_HIGH_USAGE_APPLIANCE
12,297.05,308.19,4249.54,93.84,111.21,Kitchen,OPTIMIZE_REFRIGERATION
11,177.16,216.92,10143.38,14.29,46.39,Lighting,REDUCE_LIGHTING_USAGE
3,90.83,84.23,3068.31,3.27,10.32,Kitchen,GENERAL_ENERGY_SAVING
7,329.68,324.45,9641.06,86.33,132.25,Refrigeration,OPTIMIZE_REFRIGERATION
10,356.26,375.91,11583.47,96.44,157.53,Refrigeration,OPTIMIZE_REFRIGERATION
12,138.87,149.46,2817.02,11.28,33.25,Entertainment,GENERAL_ENERGY_SAVING
4,162.0,190.47,18222.83,64.28,73.51,Entertainment,REDUCE_HIGH_USAGE_APPLIANCE
8,138.85,128.81,4940.41,12.86,23.18,Entertainment,GENERAL_ENERGY_SAVING
3,290.17,289.63,4678.06,85.1,132.2,Refrigeration,OPTIMIZE_REFRIGERATION
2,207.51,236.43,9277.65,25.96,98.44,Lighting,REDUCE_LIGHTING_USAGE
2,162.7,200.78,9784.59,33.13,72.26,Heating,REDUCE_HEATING_USAGE
8,425.73,503.77,11821.3,74.66,106.49,Kitchen,REDUCE_HIGH_USAGE_APPLIANCE
7,263.28,290.21,6733.83,104.91,140.75,Water Heating,REDUCE_HEATING_USAGE
3,160.73,160.11,12551.68,24.95,66.61,Lighting,REDUCE_LIGHTING_USAGE
10,283.03,348.85,12730.87,109.89,126.73,Entertainment,REDUCE_HIGH_USAGE_APPLIANCE
6,375.83,380.01,22493.37,63.09,140.17,Heating,REDUCE_HEATING_USAGE
2,406.21,484.16,13954.54,83.86,134.55,Cooling,REDUCE_COOLING_USAGE
12,474.19,553.66,24767.46,199.17,240.36,Cooling,REDUCE_COOLING_USAGE
4,325.96,326.59,8936.11,70.18,148.64,Water Heating,REDUCE_HEATING_USAGE
10,269.95,313.38,19514.74,123.02,145.37,Water Heating,REDUCE_HEATING_USAGE
1,714.81,915.13,33322.61,141.46,228.91,Kitchen,HIGH_BILL_WARNING
7,205.48,239.78,9199.97,35.4,77.02,Lighting,REDUCE_LIGHTING_USAGE
3,175.75,187.77,8060.77,20.65,49.87,Lighting,REDUCE_LIGHTING_USAGE
2,360.38,392.94,23823.88,60.14,95.42,Heating,REDUCE_HEATING_USAGE
5,338.03,373.25,17597.43,84.14,109.18,Air Conditioning,REDUCE_COOLING_USAGE
11,715.12,776.63,43073.73,49.49,164.96,Entertainment,HIGH_BILL_WARNING
10,341.13,371.68,4254.92,119.31,137.99,Kitchen,OPTIMIZE_REFRIGERATION
6,222.25,261.92,11255.46,46.15,107.72,Air Conditioning,REDUCE_COOLING_USAGE
4,680.1,803.48,41997.99,133.47,192.41,Entertainment,HIGH_BILL_WARNING
8,386.48,503.45,36167.48,44.19,127.41,Laundry,HIGH_BILL_WARNING
10,194.33,226.39,9829.77,65.98,102.97,Heating,REDUCE_HEATING_USAGE
9,284.94,336.26,16323.07,94.13,112.15,Air Conditioning,REDUCE_COOLING_USAGE
11,329.31,351.56,15067.93,85.49,142.32,Kitchen,OPTIMIZE_REFRIGERATION
1,398.12,386.73,9945.36,129.61,166.25,Kitchen,OPTIMIZE_REFRIGERATION
1,267.14,327.55,20486.93,83.92,156.6,Cooling,REDUCE_COOLING_USAGE
9,196.71,213.31,13501.04,36.19,51.01,Kitchen,REDUCE_HIGH_USAGE_APPLIANCE
12,344.21,389.55,10543.78,57.69,86.78,Heating,REDUCE_HEATING_USAGE
11,183.6,194.82,12099.03,61.88,77.16,Heating,REDUCE_HEATING_USAGE
4,121.69,128.93,8096.36,30.62,51.63,Lighting,REDUCE_LIGHTING_USAGE
6,302.98,281.48,17416.64,77.0,91.9,Refrigeration,OPTIMIZE_REFRIGERATION
1,221.34,222.59,10682.1,58.55,98.56,Cooling,REDUCE_COOLING_USAGE
10,340.95,363.96,16592.62,108.17,126.82,Kitchen,OPTIMIZE_REFRIGERATION
3,383.81,398.22,17554.04,96.02,150.01,Cooling,REDUCE_COOLING_USAGE
6,72.55,74.42,4254.46,4.89,14.22,Entertainment,GENERAL_ENERGY_SAVING
7,382.4,495.49,50290.82,42.43,74.75,Kitchen,HIGH_BILL_WARNING
11,196.46,204.4,6993.24,82.18,100.93,Kitchen,REDUCE_HIGH_USAGE_APPLIANCE
7,598.53,678.56,32607.71,52.63,106.26,Other,HIGH_BILL_WARNING
4,460.03,533.32,22405.67,56.45,140.48,Cooling,REDUCE_COOLING_USAGE
9,298.77,304.8,15263.42,34.3,110.74,Lighting,REDUCE_LIGHTING_USAGE
12,258.87,312.1,24403.72,70.21,142.56,Air Conditioning,REDUCE_COOLING_USAGE
7,366.08,467.91,18496.54,76.54,103.58,Water Heating,REDUCE_HEATING_USAGE
3,458.4,529.21,38843.47,54.18,105.73,Entertainment,HIGH_BILL_WARNING
5,312.47,320.7,21511.04,77.46,90.84,Other,REDUCE_HIGH_USAGE_APPLIANCE
11,450.0,522.39,17581.02,151.92,266.37,Cooling,REDUCE_COOLING_USAGE
12,349.3,410.35,9329.17,74.54,135.34,Refrigeration,OPTIMIZE_REFRIGERATION
8,407.46,465.71,10358.78,184.68,212.66,Water Heating,REDUCE_HEATING_USAGE
6,332.97,394.99,15060.15,129.62,154.63,Cooling,REDUCE_COOLING_USAGE
10,362.61,358.35,19712.62,157.66,166.96,Entertainment,REDUCE_HIGH_USAGE_APPLIANCE
12,145.9,135.04,13777.79,55.73,71.47,Refrigeration,OPTIMIZE_REFRIGERATION
1,280.54,277.5,8359.18,95.47,136.49,Refrigeration,OPTIMIZE_REFRIGERATION
10,126.1,115.96,3577.3,4.01,13.3,Kitchen,GENERAL_ENERGY_SAVING
9,420.83,418.64,10521.78,139.91,209.62,Other,REDUCE_HIGH_USAGE_APPLIANCE
9,183.45,217.64,17354.9,38.28,86.02,Cooling,REDUCE_COOLING_USAGE
5,456.52,485.83,18802.38,130.69,250.35,Cooling,REDUCE_COOLING_USAGE
8,102.15,107.94,13739.06,12.23,42.73,Lighting,REDUCE_LIGHTING_USAGE
8,327.35,383.6,8226.0,131.61,140.77,Refrigeration,OPTIMIZE_REFRIGERATION
6,479.03,606.93,56656.55,34.61,82.97,Laundry,HIGH_BILL_WARNING
4,212.13,210.03,3515.13,33.23,90.76,Lighting,REDUCE_LIGHTING_USAGE
3,96.63,107.36,13197.46,10.25,29.51,Lighting,REDUCE_LIGHTING_USAGE
2,395.12,435.23,15090.28,127.58,171.22,Kitchen,REDUCE_HIGH_USAGE_APPLIANCE
1,336.32,388.26,16863.7,58.67,143.39,Cooling,REDUCE_COOLING_USAGE
4,510.43,547.6,21096.41,175.05,198.53,Other,REDUCE_HIGH_USAGE_APPLIANCE
12,107.04,120.1,4755.49,9.75,45.29,Lighting,REDUCE_LIGHTING_USAGE
7,327.89,335.98,4704.37,105.05,161.59,Refrigeration,OPTIMIZE_REFRIGERATION
11,40.06,43.34,7318.49,2.0,7.66,Other,GENERAL_ENERGY_SAVING
5,357.1,422.09,64960.21,44.84,104.79,Laundry,HIGH_BILL_WARNING
6,217.01,231.88,16638.4,63.66,69.8,Refrigeration,OPTIMIZE_REFRIGERATION
4,179.35,194.02,4146.2,8.75,22.19,Entertainment,GENERAL_ENERGY_SAVING
11,302.29,341.06,6278.16,50.8,107.52,Heating,REDUCE_HEATING_USAGE
10,378.4,468.25,13977.71,83.08,111.99,Kitchen,REDUCE_HIGH_USAGE_APPLIANCE
9,43.45,45.87,6840.83,4.52,9.73,Entertainment,GENERAL_ENERGY_SAVING
4,313.84,373.07,14227.93,93.32,122.2,Refrigeration,OPTIMIZE_REFRIGERATION
11,326.78,315.35,6785.71,50.89,85.04,Refrigeration,OPTIMIZE_REFRIGERATION
12,330.91,377.46,5090.19,94.49,114.68,Refrigeration,OPTIMIZE_REFRIGERATION
2,566.06,730.56,63341.51,84.05,151.74,Kitchen,HIGH_BILL_WARNING
1,315.78,398.55,9824.49,123.94,173.08,Water Heating,REDUCE_HEATING_USAGE
1,187.16,235.94,22136.65,67.99,95.11,Heating,REDUCE_HEATING_USAGE
1,118.56,126.4,10397.06,19.89,34.76,Refrigeration,OPTIMIZE_REFRIGERATION
1,301.14,299.82,11332.81,21.82,66.73,Lighting,REDUCE_LIGHTING_USAGE
7,151.33,150.29,12108.96,14.17,31.95,Lighting,REDUCE_LIGHTING_USAGE
12,375.98,431.33,16311.41,146.31,165.2,Refrigeration,OPTIMIZE_REFRIGERATION
11,475.3,488.03,15860.23,192.82,222.22,Entertainment,REDUCE_HIGH_USAGE_APPLIANCE
11,124.62,132.68,4871.44,16.11,29.52,Lighting,REDUCE_LIGHTING_USAGE
7,470.19,582.87,26456.18,126.96,181.63,Air Conditioning,REDUCE_COOLING_USAGE
8,156.98,186.21,9441.06,17.06,37.61,Lighting,REDUCE_LIGHTING_USAGE
4,228.22,244.34,15112.37,14.81,68.53,Lighting,REDUCE_LIGHTING_USAGE
11,122.98,106.58,2608.99,8.24,21.42,Entertainment,GENERAL_ENERGY_SAVING
9,235.17,254.4,8217.6,63.45,76.37,Entertainment,REDUCE_HIGH_USAGE_APPLIANCE
5,563.91,569.83,34333.32,57.33,94.25,Laundry,HIGH_BILL_WARNING
1,561.01,670.92,49773.68,81.89,167.71,Kitchen,HIGH_BILL_WARNING
3,252.91,285.96,19414.63,55.03,71.48,Heating,REDUCE_HEATING_USAGE
1,175.82,188.55,8609.84,27.57,63.34,Lighting,REDUCE_LIGHTING_USAGE
6,178.91,175.82,5161.04,13.97,50.67,Kitchen,GENERAL_ENERGY_SAVING
11,161.96,169.26,6682.57,27.17,48.93,Kitchen,OPTIMIZE_REFRIGERATION
11,281.79,274.47,9797.69,44.64,93.45,Lighting,REDUCE_LIGHTING_USAGE
10,361.1,454.28,22581.95,112.05,143.04,Heating,REDUCE_HEATING_USAGE
8,114.31,99.19,4819.79,4.07,19.17,Other,GENERAL_ENERGY_SAVING
3,316.56,377.91,22243.97,147.93,174.17,Water Heating,REDUCE_HEATING_USAGE
10,312.33,350.79,19145.37,156.05,171.02,Entertainment,REDUCE_HIGH_USAGE_APPLIANCE
10,326.9,392.88,8263.8,51.96,94.11,Heating,REDUCE_HEATING_USAGE
2,228.37,258.74,6396.36,85.69,118.6,Kitchen,REDUCE_HIGH_USAGE_APPLIANCE
3,517.53,605.33,25245.19,120.47,257.66,Cooling,REDUCE_COOLING_USAGE
8,275.99,271.4,23769.01,99.42,130.39,Water Heating,REDUCE_HEATING_USAGE
3,139.45,140.79,7126.94,12.76,30.47,Lighting,GENERAL_ENERGY_SAVING
12,436.24,574.34,64491.12,74.15,117.79,Kitchen,HIGH_BILL_WARNING
3,487.57,497.69,21132.53,204.81,270.28,Cooling,REDUCE_COOLING_USAGE
12,209.29,217.77,10196.24,13.73,52.24,Lighting,REDUCE_LIGHTING_USAGE
6,548.49,567.6,15161.56,130.42,203.18,Air Conditioning,REDUCE_COOLING_USAGE
4,141.78,148.83,2998.3,14.95,42.09,Kitchen,GENERAL_ENERGY_SAVING
1,155.77,164.11,2661.64,12.31,46.3,Lighting,GENERAL_ENERGY_SAVING
11,308.08,333.56,9369.74,130.04,179.06,Air Conditioning,REDUCE_COOLING_USAGE
9,462.42,578.63,12983.06,94.58,126.28,Heating,REDUCE_HEATING_USAGE
4,228.79,243.64,13166.58,62.67,79.96,Refrigeration,OPTIMIZE_REFRIGERATION
2,85.76,78.23,6472.14,4.75,18.39,Other,GENERAL_ENERGY_SAVING
7,354.72,375.42,18126.61,84.17,119.17,Cooling,REDUCE_COOLING_USAGE
12,168.26,208.11,6240.78,39.0,72.67,Heating,REDUCE_HEATING_USAGE
7,176.85,169.64,6238.25,11.91,33.67,Entertainment,GENERAL_ENERGY_SAVING
4,180.72,210.3,10239.91,69.52,90.13,Refrigeration,OPTIMIZE_REFRIGERATION
10,261.86,268.68,17332.69,81.76,123.24,Heating,REDUCE_HEATING_USAGE
6,237.25,266.14,17069.9,63.49,124.51,Heating,REDUCE_HEATING_USAGE
7,117.61,116.39,13752.35,44.48,46.88,Refrigeration,OPTIMIZE_REFRIGERATION
6,53.56,55.82,1159.82,2.59,5.46,Other,GENERAL_ENERGY_SAVING
3,504.51,527.34,18027.11,148.46,276.89,Cooling,REDUCE_COOLING_USAGE
10,176.08,193.67,4077.44,23.3,78.22,Lighting,REDUCE_LIGHTING_USAGE
11,616.52,681.82,25777.42,38.8,96.57,Kitchen,HIGH_BILL_WARNING
10,170.4,173.18,15236.98,56.88,79.53,Water Heating,REDUCE_HEATING_USAGE
11,348.06,382.93,8655.73,94.0,108.33,Laundry,REDUCE_HIGH_USAGE_APPLIANCE
1,431.99,440.56,24775.83,160.37,220.14,Cooling,REDUCE_COOLING_USAGE
12,343.1,402.76,13197.32,78.56,178.31,Air Conditioning,REDUCE_COOLING_USAGE
8,92.47,90.5,12858.45,13.13,39.7,Lighting,REDUCE_LIGHTING_USAGE
2,479.25,614.52,16615.36,122.78,153.21,Air Conditioning,REDUCE_COOLING_USAGE
3,92.78,95.32,7449.62,2.49,9.71,Kitchen,GENERAL_ENERGY_SAVING
6,340.3,412.1,19024.92,90.83,111.58,Heating,REDUCE_HEATING_USAGE
9,545.69,666.92,22456.22,70.22,147.62,Entertainment,HIGH_BILL_WARNING
4,182.11,203.98,5686.43,64.48,86.06,Kitchen,OPTIMIZE_REFRIGERATION
9,314.8,332.04,19790.25,145.21,163.76,Heating,REDUCE_HEATING_USAGE
7,203.06,258.03,3925.95,21.02,83.91,Lighting,REDUCE_LIGHTING_USAGE
2,184.81,196.32,7376.44,67.25,78.94,Heating,REDUCE_HEATING_USAGE
6,492.2,485.37,6835.18,201.94,227.77,Laundry,REDUCE_HIGH_USAGE_APPLIANCE
11,503.85,546.64,16387.21,179.5,189.19,Kitchen,REDUCE_HIGH_USAGE_APPLIANCE
1,459.29,522.24,32529.57,66.31,119.36,Laundry,HIGH_BILL_WARNING
9,286.81,353.99,17401.58,100.72,134.71,Cooling,REDUCE_COOLING_USAGE
7,446.08,528.0,5724.15,102.85,137.03,Water Heating,REDUCE_HEATING_USAGE
3,119.01,98.53,2259.15,16.67,30.66,Lighting,GENERAL_ENERGY_SAVING
8,193.45,197.28,20150.87,83.47,88.41,Kitchen,REDUCE_HIGH_USAGE_APPLIANCE
12,151.24,168.71,18004.28,30.81,65.01,Heating,REDUCE_HEATING_USAGE
1,323.93,319.96,12245.58,72.85,90.11,Refrigeration,OPTIMIZE_REFRIGERATION
5,358.44,445.98,6786.45,117.89,182.79,Water Heating,REDUCE_HEATING_USAGE
5,261.57,307.5,16470.87,100.03,106.01,Kitchen,OPTIMIZE_REFRIGERATION
5,458.31,561.96,19846.22,107.21,119.35,Other,REDUCE_HIGH_USAGE_APPLIANCE
8,255.99,283.76,23001.26,95.39,132.73,Cooling,REDUCE_COOLING_USAGE
12,842.48,1128.9,30594.44,124.81,237.8,Cooling,HIGH_BILL_WARNING
3,268.15,296.55,10396.16,16.36,57.04,Lighting,REDUCE_LIGHTING_USAGE
7,209.2,267.36,18000.36,54.62,65.64,Heating,REDUCE_HEATING_USAGE
9,147.32,167.86,9340.76,48.22,53.45,Kitchen,OPTIMIZE_REFRIGERATION
9,177.23,180.09,3325.11,8.83,25.48,Entertainment,GENERAL_ENERGY_SAVING
4,295.33,322.32,11546.99,90.95,105.86,Kitchen,OPTIMIZE_REFRIGERATION
8,333.61,356.42,13983.07,65.52,113.88,Refrigeration,OPTIMIZE_REFRIGERATION
5,287.51,290.96,17119.89,120.72,141.77,Kitchen,OPTIMIZE_REFRIGERATION
8,352.19,454.85,33114.58,73.72,112.72,Other,HIGH_BILL_WARNING
5,209.34,236.42,9772.09,68.26,104.01,Refrigeration,OPTIMIZE_REFRIGERATION
7,116.91,99.68,3548.72,9.93,22.63,Entertainment,GENERAL_ENERGY_SAVING
5,243.32,259.14,19370.33,63.2,69.29,Entertainment,REDUCE_HIGH_USAGE_APPLIANCE
12,195.97,228.47,13746.84,14.75,41.02,Lighting,REDUCE_LIGHTING_USAGE
3,179.73,188.83,7939.83,39.21,53.93,Refrigeration,OPTIMIZE_REFRIGERATION
4,41.79,37.33,6952.43,1.84,5.6,Lighting,GENERAL_ENERGY_SAVING
2,144.13,155.6,6687.25,31.51,40.04,Refrigeration,OPTIMIZE_REFRIGERATION
2,302.68,346.26,17226.4,98.25,131.24,Cooling,REDUCE_COOLING_USAGE
4,143.11,143.37,10188.59,54.58,64.62,Refrigeration,OPTIMIZE_REFRIGERATION
5,449.62,522.94,14961.17,181.36,219.82,Entertainment,REDUCE_HIGH_USAGE_APPLIANCE
11,281.87,297.96,3989.0,68.2,120.23,Lighting,REDUCE_LIGHTING_USAGE
9,144.82,132.45,5142.23,22.3,41.51,Lighting,GENERAL_ENERGY_SAVING
8,387.74,404.44,17404.1,94.72,179.08,Heating,REDUCE_HEATING_USAGE
2,113.0,123.98,8322.76,10.23,32.98,Lighting,REDUCE_LIGHTING_USAGE
8,558.53,658.53,36087.22,38.54,121.11,Cooling,HIGH_BILL_WARNING
12,58.64,56.86,1824.76,6.59,11.43,Lighting,GENERAL_ENERGY_SAVING
2,470.12,573.03,7596.23,200.73,243.74,Entertainment,REDUCE_HIGH_USAGE_APPLIANCE
8,277.88,283.78,5849.47,55.25,73.01,Refrigeration,OPTIMIZE_REFRIGERATION
11,435.66,436.71,18992.72,65.4,122.81,Water Heating,REDUCE_HEATING_USAGE
10,327.91,337.86,10569.13,125.6,145.96,Kitchen,OPTIMIZE_REFRIGERATION
11,89.55,85.71,3715.01,5.8,14.54,Kitchen,GENERAL_ENERGY_SAVING
5,834.77,1036.83,51497.8,84.23,201.65,Other,HIGH_BILL_WARNING
5,86.39,83.51,3136.45,7.81,14.6,Entertainment,GENERAL_ENERGY_SAVING
10,178.6,222.22,18036.64,45.61,53.22,Entertainment,REDUCE_HIGH_USAGE_APPLIANCE
12,197.82,210.37,5608.33,44.69,65.62,Refrigeration,OPTIMIZE_REFRIGERATION
6,402.97,454.48,7889.46,114.03,204.28,Air Conditioning,REDUCE_COOLING_USAGE
5,72.33,66.13,3497.79,2.22,7.26,Lighting,GENERAL_ENERGY_SAVING
1,259.58,274.5,7903.19,18.21,90.14,Lighting,REDUCE_LIGHTING_USAGE
12,314.57,368.37,9321.68,85.89,90.88,Kitchen,OPTIMIZE_REFRIGERATION
8,591.05,629.13,52480.95,50.81,167.34,Other,HIGH_BILL_WARNING
3,258.01,284.53,12475.67,34.56,63.77,Lighting,REDUCE_LIGHTING_USAGE
12,153.88,152.38,5689.0,10.94,20.76,Kitchen,GENERAL_ENERGY_SAVING
7,175.29,188.1,5256.17,12.29,40.3,Lighting,GENERAL_ENERGY_SAVING
4,532.8,493.44,16854.97,158.06,182.69,Kitchen,REDUCE_HIGH_USAGE_APPLIANCE
6,226.04,249.58,12734.36,22.11,101.39,Lighting,REDUCE_LIGHTING_USAGE
11,387.33,495.61,9545.99,59.76,146.15,Cooling,REDUCE_COOLING_USAGE
10,346.44,394.06,20540.54,132.27,155.6,Laundry,REDUCE_HIGH_USAGE_APPLIANCE
5,359.55,350.56,60399.57,44.37,72.26,Laundry,HIGH_BILL_WARNING
10,351.1,365.25,15774.0,94.48,103.77,Refrigeration,OPTIMIZE_REFRIGERATION
3,223.97,231.72,17082.11,55.53,81.1,Refrigeration,OPTIMIZE_REFRIGERATION
4,120.0,118.54,2542.48,12.03,22.41,Kitchen,GENERAL_ENERGY_SAVING
5,398.14,444.01,9936.43,126.98,234.49,Cooling,REDUCE_COOLING_USAGE
1,487.36,583.79,19478.29,176.42,212.59,Cooling,REDUCE_COOLING_USAGE
1,69.05,68.01,2619.01,4.61,18.73,Entertainment,GENERAL_ENERGY_SAVING
3,397.53,439.35,10485.61,139.7,204.02,Cooling,REDUCE_COOLING_USAGE
2,228.07,272.98,27310.48,85.11,129.99,Cooling,REDUCE_COOLING_USAGE
4,241.38,259.72,6412.24,34.67,58.13,Lighting,REDUCE_LIGHTING_USAGE
10,49.98,43.92,1741.35,5.3,13.14,Kitchen,GENERAL_ENERGY_SAVING
10,156.57,147.67,3273.87,10.58,18.15,Other,GENERAL_ENERGY_SAVING
11,440.26,432.85,18559.37,163.67,186.51,Other,REDUCE_HIGH_USAGE_APPLIANCE
2,179.64,155.75,2825.47,7.37,24.46,Kitchen,GENERAL_ENERGY_SAVING
5,216.05,241.38,20306.88,36.37,64.96,Cooling,REDUCE_COOLING_USAGE
6,99.86,89.77,5614.81,8.03,19.01,Entertainment,GENERAL_ENERGY_SAVING
8,300.88,315.29,14163.11,68.56,100.1,Refrigeration,OPTIMIZE_REFRIGERATION
3,155.1,174.35,8422.16,20.93,38.58,Lighting,REDUCE_LIGHTING_USAGE
9,310.36,294.35,14465.65,41.45,93.87,Lighting,REDUCE_LIGHTING_USAGE
10,344.96,409.98,11259.89,53.13,115.71,Cooling,REDUCE_COOLING_USAGE
4,475.75,577.05,15567.8,75.98,187.08,Cooling,REDUCE_COOLING_USAGE
7,669.94,836.87,38069.11,115.87,205.35,Other,HIGH_BILL_WARNING
9,311.19,306.46,20238.42,109.34,125.95,Kitchen,REDUCE_HIGH_USAGE_APPLIANCE
5,144.09,170.87,3662.09,21.17,57.77,Lighting,REDUCE_LIGHTING_USAGE
4,324.84,394.33,8529.58,121.65,150.26,Refrigeration,OPTIMIZE_REFRIGERATION
7,232.77,265.88,9518.01,82.71,106.07,Other,REDUCE_HIGH_USAGE_APPLIANCE
5,362.84,387.28,24081.66,108.14,130.96,Cooling,REDUCE_COOLING_USAGE
4,401.55,429.41,9117.5,96.0,114.71,Kitchen,REDUCE_HIGH_USAGE_APPLIANCE
10,306.04,353.98,14673.66,70.8,87.99,Entertainment,REDUCE_HIGH_USAGE_APPLIANCE
3,471.35,571.95,19773.12,138.01,149.09,Kitchen,REDUCE_HIGH_USAGE_APPLIANCE
7,227.02,222.07,3759.09,41.43,84.33,Lighting,REDUCE_LIGHTING_USAGE
8,179.1,191.84,4011.5,8.2,22.01,Lighting,GENERAL_ENERGY_SAVING
7,489.05,617.7,35797.19,39.88,114.08,Other,HIGH_BILL_WARNING
10,347.04,370.72,19771.89,124.22,167.25,Water Heating,REDUCE_HEATING_USAGE
12,628.16,670.91,33726.2,98.15,184.35,Kitchen,HIGH_BILL_WARNING
2,323.08,329.85,19393.82,130.88,169.17,Entertainment,REDUCE_HIGH_USAGE_APPLIANCE
4,221.17,251.03,18298.11,33.53,67.86,Cooling,REDUCE_COOLING_USAGE
8,176.09,183.33,6868.52,30.88,74.49,Lighting,REDUCE_LIGHTING_USAGE
4,104.58,113.08,2659.7,5.3,14.03,Other,GENERAL_ENERGY_SAVING
11,218.89,221.28,18981.07,44.83,66.7,Laundry,REDUCE_HIGH_USAGE_APPLIANCE
12,113.52,108.87,18056.57,19.55,34.28,Refrigeration,OPTIMIZE_REFRIGERATION
7,750.28,899.06,54333.59,78.75,115.29,Entertainment,HIGH_BILL_WARNING
11,511.34,593.7,23148.04,110.13,251.3,Cooling,REDUCE_COOLING_USAGE
12,692.81,921.95,60676.82,94.68,188.21,Cooling,HIGH_BILL_WARNING
10,332.82,397.45,14464.61,131.54,171.77,Cooling,REDUCE_COOLING_USAGE
10,683.2,722.22,35111.61,77.4,219.64,Laundry,HIGH_BILL_WARNING
12,453.78,534.67,50284.85,48.99,129.6,Laundry,HIGH_BILL_WARNING
10,300.86,305.0,5719.16,66.48,120.74,Refrigeration,OPTIMIZE_REFRIGERATION
12,206.55,218.96,6787.43,24.31,57.7,Lighting,REDUCE_LIGHTING_USAGE
1,223.53,240.65,16489.4,53.22,75.16,Water Heating,REDUCE_HEATING_USAGE
9,288.4,321.51,7892.37,95.73,117.58,Refrigeration,OPTIMIZE_REFRIGERATION
9,120.24,112.62,1878.66,8.35,22.68,Lighting,GENERAL_ENERGY_SAVING
5,320.92,344.57,23496.18,52.91,101.73,Cooling,REDUCE_COOLING_USAGE
7,355.6,356.85,5512.15,77.63,125.52,Refrigeration,OPTIMIZE_REFRIGERATION
12,158.27,159.02,7042.41,15.17,58.56,Lighting,REDUCE_LIGHTING_USAGE
3,637.1,820.58,64060.11,73.57,132.59,Other,HIGH_BILL_WARNING
7,264.64,324.03,9658.58,45.81,69.66,Heating,REDUCE_HEATING_USAGE
4,197.85,242.31,6972.77,52.97,68.95,Laundry,REDUCE_HIGH_USAGE_APPLIANCE
6,186.4,209.04,9482.44,28.68,56.08,Lighting,REDUCE_LIGHTING_USAGE
1,95.41,107.69,6243.81,6.58,28.98,Lighting,REDUCE_LIGHTING_USAGE
9,553.0,655.69,52286.85,32.22,90.86,Other,HIGH_BILL_WARNING
2,155.74,201.17,8647.87,47.45,69.58,Refrigeration,OPTIMIZE_REFRIGERATION
8,389.39,484.99,33992.55,65.0,146.46,Laundry,HIGH_BILL_WARNING
1,415.27,518.91,60395.48,54.26,107.96,Kitchen,HIGH_BILL_WARNING
6,399.71,423.16,26925.29,71.29,132.74,Air Conditioning,REDUCE_COOLING_USAGE
3,121.59,123.97,17933.51,29.25,43.55,Kitchen,OPTIMIZE_REFRIGERATION
2,450.2,473.5,22183.07,85.21,144.25,Water Heating,REDUCE_HEATING_USAGE
9,316.81,333.48,10796.99,85.78,169.42,Cooling,REDUCE_COOLING_USAGE
3,202.03,227.51,21700.04,85.37,95.44,Heating,REDUCE_HEATING_USAGE
7,220.66,249.39,5547.8,46.71,64.72,Water Heating,REDUCE_HEATING_USAGE
10,70.23,67.99,6380.92,3.61,13.34,Entertainment,GENERAL_ENERGY_SAVING
5,170.58,196.8,15308.79,73.83,80.65,Refrigeration,OPTIMIZE_REFRIGERATION
11,816.27,1078.57,64315.03,79.13,191.02,Laundry,HIGH_BILL_WARNING
7,474.96,510.46,7410.13,183.16,284.13,Cooling,REDUCE_COOLING_USAGE
6,468.09,542.57,7409.01,76.7,140.51,Cooling,REDUCE_COOLING_USAGE
3,299.41,348.95,7737.05,65.86,119.46,Kitchen,OPTIMIZE_REFRIGERATION
7,259.26,319.13,21074.36,89.43,103.18,Heating,REDUCE_HEATING_USAGE
5,63.2,57.86,3621.44,7.36,18.42,Lighting,GENERAL_ENERGY_SAVING
12,251.5,260.74,6093.09,52.52,101.29,Lighting,REDUCE_LIGHTING_USAGE
10,297.76,375.1,18163.2,45.45,90.24,Heating,REDUCE_HEATING_USAGE
1,451.61,531.5,20661.35,89.48,158.38,Air Conditioning,REDUCE_COOLING_USAGE
9,134.53,131.46,7317.3,11.2,34.7,Lighting,REDUCE_LIGHTING_USAGE
2,351.37,416.98,12267.29,126.23,171.81,Refrigeration,OPTIMIZE_REFRIGERATION
3,363.46,406.8,10552.13,151.31,167.04,Refrigeration,OPTIMIZE_REFRIGERATION
8,227.12,293.81,27548.3,92.55,125.02,Air Conditioning,REDUCE_COOLING_USAGE
10,831.04,1075.21,28497.4,121.52,192.21,Entertainment,HIGH_BILL_WARNING
12,466.99,647.27,42444.95,42.66,76.99,Kitchen,HIGH_BILL_WARNING
12,154.68,150.72,1319.03,7.57,23.45,Entertainment,GENERAL_ENERGY_SAVING
10,196.51,231.97,14551.16,38.03,70.11,Water Heating,REDUCE_HEATING_USAGE
8,285.66,303.65,16093.09,72.42,88.24,Water Heating,REDUCE_HEATING_USAGE
2,440.63,537.62,11568.1,102.35,144.59,Laundry,REDUCE_HIGH_USAGE_APPLIANCE
2,379.8,372.33,4347.14,92.37,106.26,Refrigeration,OPTIMIZE_REFRIGERATION
4,562.17,745.98,39674.4,68.44,150.46,Kitchen,HIGH_BILL_WARNING
4,420.84,517.92,16482.65,107.93,217.26,Air Conditioning,REDUCE_COOLING_USAGE
8,130.08,138.44,5913.17,9.73,30.71,Lighting,GENERAL_ENERGY_SAVING
11,357.1,343.46,14803.06,88.99,108.28,Refrigeration,OPTIMIZE_REFRIGERATION
4,214.01,245.78,10666.7,17.55,79.95,Lighting,REDUCE_LIGHTING_USAGE
9,435.48,468.0,11276.76,146.13,160.31,Entertainment,REDUCE_HIGH_USAGE_APPLIANCE
2,372.12,386.01,14924.84,93.28,110.41,Kitchen,OPTIMIZE_REFRIGERATION
8,253.87,277.18,13164.23,89.27,123.99,Refrigeration,OPTIMIZE_REFRIGERATION
12,375.96,461.32,7876.54,98.78,126.45,Heating,REDUCE_HEATING_USAGE
2,305.89,320.16,8947.66,99.05,179.61,Cooling,REDUCE_COOLING_USAGE
5,321.45,380.04,12059.98,123.83,144.06,Water Heating,REDUCE_HEATING_USAGE
7,184.83,214.77,14607.55,28.77,63.81,Lighting,REDUCE_LIGHTING_USAGE
3,486.56,582.58,50406.98,87.49,132.39,Laundry,HIGH_BILL_WARNING
9,332.03,356.3,9829.21,74.89,112.35,Cooling,REDUCE_COOLING_USAGE
2,377.48,367.07,20335.79,138.97,158.79,Refrigeration,OPTIMIZE_REFRIGERATION
4,363.88,436.62,26457.12,26.76,71.55,Entertainment,HIGH_BILL_WARNING
11,81.03,79.83,6029.39,3.39,14.54,Other,GENERAL_ENERGY_SAVING
3,138.37,154.69,8453.0,10.76,38.87,Lighting,REDUCE_LIGHTING_USAGE
10,436.89,537.66,12295.53,158.17,201.67,Laundry,REDUCE_HIGH_USAGE_APPLIANCE
8,267.81,332.38,5360.62,33.57,123.89,Lighting,REDUCE_LIGHTING_USAGE
2,206.09,206.26,9811.04,91.59,98.47,Kitchen,OPTIMIZE_REFRIGERATION
3,375.06,412.12,6193.81,97.56,138.43,Refrigeration,OPTIMIZE_REFRIGERATION
12,223.57,275.55,18549.9,56.75,114.29,Air Conditioning,REDUCE_COOLING_USAGE
6,81.89,72.47,5891.25,9.61,18.48,Kitchen,GENERAL_ENERGY_SAVING
8,535.84,554.5,13549.7,144.68,311.97,Cooling,REDUCE_COOLING_USAGE
7,198.49,203.58,8415.58,22.94,77.41,Lighting,REDUCE_LIGHTING_USAGE
8,205.38,209.19,9691.66,80.07,88.05,Refrigeration,OPTIMIZE_REFRIGERATION
3,137.61,146.6,15871.42,15.86,35.95,Lighting,REDUCE_LIGHTING_USAGE
2,446.66,451.12,22359.53,143.28,214.94,Other,REDUCE_HIGH_USAGE_APPLIANCE
12,180.85,175.66,4521.02,78.69,84.64,Refrigeration,OPTIMIZE_REFRIGERATION
2,312.49,315.6,21238.18,56.63,135.46,Cooling,REDUCE_COOLING_USAGE
7,740.16,925.08,63198.12,60.93,150.45,Other,HIGH_BILL_WARNING
2,168.74,173.35,13225.18,13.45,43.21,Lighting,REDUCE_LIGHTING_USAGE
7,465.49,611.52,25631.77,81.03,152.34,Entertainment,HIGH_BILL_WARNING
11,46.89,44.07,3683.75,2.1,9.14,Kitchen,GENERAL_ENERGY_SAVING
6,269.62,337.76,13541.17,41.07,87.98,Heating,REDUCE_HEATING_USAGE
7,634.35,766.42,48001.87,52.33,145.87,Cooling,HIGH_BILL_WARNING
12,93.15,90.51,5505.8,6.93,16.05,Entertainment,GENERAL_ENERGY_SAVING
5,151.81,153.73,3654.24,28.05,55.15,Lighting,REDUCE_LIGHTING_USAGE
9,473.07,532.98,29151.0,86.3,150.94,Cooling,REDUCE_COOLING_USAGE
11,387.61,436.1,11618.62,136.34,191.17,Other,REDUCE_HIGH_USAGE_APPLIANCE
5,131.29,117.74,4998.4,16.3,28.77,Lighting,GENERAL_ENERGY_SAVING
6,260.75,275.21,6536.15,69.4,97.21,Refrigeration,OPTIMIZE_REFRIGERATION
7,467.61,537.86,10638.53,107.72,154.35,Other,REDUCE_HIGH_USAGE_APPLIANCE
6,101.19,106.7,5752.48,4.33,21.23,Kitchen,GENERAL_ENERGY_SAVING
2,78.3,85.45,5615.29,6.9,17.57,Kitchen,GENERAL_ENERGY_SAVING
12,279.47,283.29,13564.04,97.41,122.56,Heating,REDUCE_HEATING_USAGE
7,306.61,308.68,12328.59,104.12,122.34,Refrigeration,OPTIMIZE_REFRIGERATION
7,407.68,445.32,22909.04,196.02,211.55,Kitchen,REDUCE_HIGH_USAGE_APPLIANCE
2,448.1,473.71,19661.36,119.9,170.52,Cooling,REDUCE_COOLING_USAGE
12,820.03,1014.61,41362.74,44.17,142.63,Kitchen,HIGH_BILL_WARNING
8,329.59,349.53,5483.52,107.95,144.21,Kitchen,OPTIMIZE_REFRIGERATION
4,272.27,333.45,7729.89,79.65,124.51,Heating,REDUCE_HEATING_USAGE
1,234.84,232.38,22491.04,100.17,115.77,Kitchen,REDUCE_HIGH_USAGE_APPLIANCE
11,290.19,324.11,13977.57,14.85,61.09,Lighting,REDUCE_LIGHTING_USAGE
4,285.42,366.02,27413.16,68.68,87.92,Cooling,REDUCE_COOLING_USAGE
8,245.26,253.12,19281.66,82.97,121.54,Kitchen,OPTIMIZE_REFRIGERATION
5,173.75,201.88,10369.19,70.49,92.78,Other,REDUCE_HIGH_USAGE_APPLIANCE
5,77.66,84.56,4660.45,3.52,11.62,Kitchen,GENERAL_ENERGY_SAVING
6,746.49,946.53,39014.61,112.44,212.17,Laundry,HIGH_BILL_WARNING
11,225.73,250.69,16154.36,61.35,118.44,Cooling,REDUCE_COOLING_USAGE
3,134.35,132.32,3692.69,9.55,18.51,Kitchen,GENERAL_ENERGY_SAVING
5,735.39,838.27,48528.26,94.83,136.47,Kitchen,HIGH_BILL_WARNING
1,603.73,743.77,48524.66,53.05,139.87,Kitchen,HIGH_BILL_WARNING
3,734.03,979.58,59174.89,115.94,191.41,Cooling,HIGH_BILL_WARNING
8,325.54,377.27,15588.37,65.06,97.36,Refrigeration,OPTIMIZE_REFRIGERATION
10,286.97,333.24,12476.84,116.01,152.39,Entertainment,REDUCE_HIGH_USAGE_APPLIANCE
5,362.52,400.17,19386.35,104.27,112.8,Laundry,REDUCE_HIGH_USAGE_APPLIANCE
6,105.09,106.02,5093.66,6.49,19.52,Other,GENERAL_ENERGY_SAVING
6,534.65,589.68,15800.95,112.18,189.89,Cooling,REDUCE_COOLING_USAGE
3,230.89,222.59,15961.58,30.73,54.18,Lighting,REDUCE_LIGHTING_USAGE
3,311.43,302.81,5942.54,61.6,86.63,Refrigeration,OPTIMIZE_REFRIGERATION
2,197.22,198.49,14850.41,82.78,92.81,Kitchen,OPTIMIZE_REFRIGERATION
4,99.48,85.13,5973.46,6.94,17.09,Entertainment,GENERAL_ENERGY_SAVING
6,331.41,398.52,9338.51,58.26,100.82,Water Heating,REDUCE_HEATING_USAGE
9,97.55,107.95,7304.15,17.22,42.73,Lighting,REDUCE_LIGHTING_USAGE
9,194.76,215.67,14427.25,68.81,98.28,Air Conditioning,REDUCE_COOLING_USAGE
12,379.67,481.08,29036.98,70.52,108.06,Other,HIGH_BILL_WARNING
2,136.31,124.53,2060.38,6.11,14.09,Entertainment,GENERAL_ENERGY_SAVING
7,386.0,441.6,23018.16,102.87,145.55,Kitchen,REDUCE_HIGH_USAGE_APPLIANCE
6,153.05,167.0,4510.21,36.65,66.16,Refrigeration,OPTIMIZE_REFRIGERATION
1,163.45,173.67,3814.91,5.65,27.42,Entertainment,GENERAL_ENERGY_SAVING
5,267.93,300.62,8226.21,79.18,92.79,Kitchen,OPTIMIZE_REFRIGERATION
8,315.09,323.98,9096.76,96.36,106.33,Refrigeration,OPTIMIZE_REFRIGERATION
6,157.28,134.74,4427.46,12.16,41.04,Kitchen,GENERAL_ENERGY_SAVING
4,183.34,200.28,9639.63,59.76,76.57,Kitchen,OPTIMIZE_REFRIGERATION
2,120.99,126.35,3876.83,9.51,16.6,Kitchen,GENERAL_ENERGY_SAVING
5,308.7,346.7,8348.45,88.45,140.18,Refrigeration,OPTIMIZE_REFRIGERATION
11,464.26,576.08,41122.04,35.86,118.66,Laundry,HIGH_BILL_WARNING
9,149.07,127.2,4322.76,13.24,29.15,Lighting,GENERAL_ENERGY_SAVING
9,195.69,254.15,21501.44,51.54,89.16,Air Conditioning,REDUCE_COOLING_USAGE
10,233.59,228.75,20256.74,69.91,126.68,Air Conditioning,REDUCE_COOLING_USAGE
10,519.48,558.37,25012.28,43.96,110.74,Cooling,HIGH_BILL_WARNING
12,517.17,714.45,36944.42,70.47,189.35,Other,HIGH_BILL_WARNING
8,299.61,311.66,5241.87,63.19,123.54,Lighting,REDUCE_LIGHTING_USAGE
12,472.82,594.07,17124.63,65.43,118.96,Heating,REDUCE_HEATING_USAGE
6,355.64,430.13,9253.81,88.9,126.44,Air Conditioning,REDUCE_COOLING_USAGE
9,121.85,120.39,3969.93,10.59,22.21,Other,GENERAL_ENERGY_SAVING
1,109.34,115.67,9617.68,10.42,25.99,Lighting,REDUCE_LIGHTING_USAGE
12,157.04,187.13,5408.78,17.67,33.72,Lighting,REDUCE_LIGHTING_USAGE
5,450.51,538.13,14079.36,94.38,232.27,Cooling,REDUCE_COOLING_USAGE
6,170.27,146.81,6495.08,14.51,37.56,Other,GENERAL_ENERGY_SAVING
11,401.59,445.17,12416.14,106.34,178.36,Air Conditioning,REDUCE_COOLING_USAGE
12,252.81,280.52,16699.55,79.81,99.24,Water Heating,REDUCE_HEATING_USAGE
6,539.25,615.41,58377.67,77.04,120.81,Entertainment,HIGH_BILL_WARNING
12,542.98,584.3,14240.85,124.96,165.54,Cooling,REDUCE_COOLING_USAGE
2,406.79,450.08,35787.59,70.92,116.8,Cooling,HIGH_BILL_WARNING
10,412.24,432.41,16271.86,54.36,120.48,Heating,REDUCE_HEATING_USAGE
3,519.77,684.44,36295.34,73.5,105.51,Laundry,HIGH_BILL_WARNING
7,182.59,209.73,22646.48,49.3,90.04,Water Heating,REDUCE_HEATING_USAGE
12,217.32,244.98,8903.62,43.37,71.91,Refrigeration,OPTIMIZE_REFRIGERATION
10,313.9,313.32,13516.65,60.24,113.35,Lighting,REDUCE_LIGHTING_USAGE
11,190.98,210.75,10078.1,38.28,68.64,Water Heating,REDUCE_HEATING_USAGE
10,66.75,56.83,6775.13,2.48,6.73,Other,GENERAL_ENERGY_SAVING
10,247.12,280.73,22618.26,52.31,105.24,Water Heating,REDUCE_HEATING_USAGE
12,268.69,296.86,12972.66,58.19,84.09,Refrigeration,OPTIMIZE_REFRIGERATION
6,230.81,288.73,19454.79,92.36,124.16,Cooling,REDUCE_COOLING_USAGE
7,153.68,137.28,4610.04,14.95,25.6,Lighting,GENERAL_ENERGY_SAVING
5,820.7,1060.91,48375.41,80.81,139.16,Kitchen,HIGH_BILL_WARNING
6,512.88,620.28,11943.78,231.19,273.26,Entertainment,REDUCE_HIGH_USAGE_APPLIANCE
12,465.71,558.65,21732.53,134.28,201.19,Entertainment,REDUCE_HIGH_USAGE_APPLIANCE
10,352.87,441.11,59400.07,55.57,107.12,Kitchen,HIGH_BILL_WARNING
4,255.97,290.7,15564.5,31.79,56.27,Lighting,REDUCE_LIGHTING_USAGE
5,212.01,233.19,11840.92,20.39,78.41,Lighting,REDUCE_LIGHTING_USAGE
8,848.83,1052.36,36815.33,75.46,131.5,Laundry,HIGH_BILL_WARNING
5,144.3,156.1,4554.13,20.35,33.97,Lighting,GENERAL_ENERGY_SAVING
12,144.69,127.6,5945.48,7.53,33.54,Kitchen,GENERAL_ENERGY_SAVING
8,676.08,703.31,63823.62,122.44,196.68,Entertainment,HIGH_BILL_WARNING
9,549.31,628.14,16652.93,188.43,226.89,Cooling,REDUCE_COOLING_USAGE
8,333.06,339.79,22964.55,122.31,164.82,Entertainment,REDUCE_HIGH_USAGE_APPLIANCE
5,270.46,317.43,5885.24,46.94,78.45,Heating,REDUCE_HEATING_USAGE
3,485.99,561.12,10880.41,111.09,158.44,Air Conditioning,REDUCE_COOLING_USAGE
3,195.95,196.4,15086.87,72.32,88.94,Refrigeration,OPTIMIZE_REFRIGERATION
9,229.47,233.16,6159.73,25.24,95.02,Lighting,REDUCE_LIGHTING_USAGE
11,290.05,364.83,13660.87,60.32,100.96,Air Conditioning,REDUCE_COOLING_USAGE
11,102.62,100.58,4768.48,6.01,27.14,Lighting,GENERAL_ENERGY_SAVING
3,292.42,356.92,19766.58,85.77,101.55,Other,REDUCE_HIGH_USAGE_APPLIANCE
5,361.48,397.89,5427.36,116.3,167.33,Refrigeration,OPTIMIZE_REFRIGERATION
12,318.17,339.06,5823.11,60.95,106.99,Heating,REDUCE_HEATING_USAGE
8,133.7,136.34,6823.73,9.08,23.46,Entertainment,GENERAL_ENERGY_SAVING
12,843.11,1090.0,30903.9,109.81,191.09,Entertainment,HIGH_BILL_WARNING
8,476.52,571.95,26950.83,189.82,284.18,Air Conditioning,REDUCE_COOLING_USAGE
5,103.41,107.23,4163.68,14.02,27.82,Other,GENERAL_ENERGY_SAVING
8,136.49,139.08,3418.51,6.53,14.16,Other,GENERAL_ENERGY_SAVING
9,212.93,222.6,7730.92,50.6,74.59,Kitchen,REDUCE_HIGH_USAGE_APPLIANCE
6,453.56,471.09,12699.19,184.79,221.31,Kitchen,REDUCE_HIGH_USAGE_APPLIANCE
9,122.37,115.55,6557.13,6.49,13.47,Lighting,GENERAL_ENERGY_SAVING
11,275.65,319.12,25851.05,111.8,151.34,Kitchen,REDUCE_HIGH_USAGE_APPLIANCE
7,326.83,322.99,7587.6,78.48,115.49,Refrigeration,OPTIMIZE_REFRIGERATION
7,475.61,483.41,12312.64,192.12,273.59,Cooling,REDUCE_COOLING_USAGE
12,90.85,91.37,6487.74,10.52,23.4,Lighting,REDUCE_LIGHTING_USAGE
3,142.05,173.4,16673.71,56.68,64.8,Heating,REDUCE_HEATING_USAGE
4,352.0,407.92,18048.01,92.4,172.14,Heating,REDUCE_HEATING_USAGE
8,536.05,635.54,40755.05,91.39,182.17,Other,HIGH_BILL_WARNING
10,50.26,47.22,3632.57,4.73,9.68,Lighting,GENERAL_ENERGY_SAVING
6,461.72,487.88,17412.14,128.71,203.05,Cooling,REDUCE_COOLING_USAGE
10,266.44,292.16,9011.71,41.08,119.08,Lighting,REDUCE_LIGHTING_USAGE
8,415.79,443.36,21789.84,79.27,111.44,Laundry,REDUCE_HIGH_USAGE_APPLIANCE
4,242.4,232.99,14201.06,13.02,50.71,Lighting,REDUCE_LIGHTING_USAGE
6,339.89,407.31,17326.4,107.11,124.39,Other,REDUCE_HIGH_USAGE_APPLIANCE
10,113.78,122.46,7165.07,9.95,28.37,Other,GENERAL_ENERGY_SAVING
5,406.98,516.97,11887.15,194.6,243.97,Cooling,REDUCE_COOLING_USAGE
12,752.04,911.54,64338.09,79.11,142.49,Entertainment,HIGH_BILL_WARNING
6,692.88,925.1,22995.71,83.87,150.77,Cooling,HIGH_BILL_WARNING
8,212.1,250.14,17824.91,60.7,82.88,Refrigeration,OPTIMIZE_REFRIGERATION
11,180.56,210.59,13914.2,39.04,66.98,Water Heating,REDUCE_HEATING_USAGE
10,255.05,270.7,16224.99,74.72,90.06,Air Conditioning,REDUCE_COOLING_USAGE
5,421.76,511.76,14747.64,116.58,147.62,Heating,REDUCE_HEATING_USAGE
11,232.71,245.56,9407.07,57.99,112.88,Cooling,REDUCE_COOLING_USAGE
1,465.66,584.96,11162.13,161.92,225.97,Water Heating,REDUCE_HEATING_USAGE
7,137.98,155.8,7523.07,13.2,37.77,Lighting,REDUCE_LIGHTING_USAGE
9,752.28,939.7,49139.99,66.74,114.03,Laundry,HIGH_BILL_WARNING
2,524.3,602.55,60679.12,65.72,171.51,Other,HIGH_BILL_WARNING
11,97.92,112.81,5927.5,3.98,10.85,Kitchen,GENERAL_ENERGY_SAVING
2,164.86,170.36,7333.68,46.85,61.34,Kitchen,OPTIMIZE_REFRIGERATION
9,714.26,762.68,49706.31,132.06,238.19,Kitchen,HIGH_BILL_WARNING
5,191.69,198.65,13192.5,35.49,77.24,Lighting,REDUCE_LIGHTING_USAGE
11,287.07,293.94,12837.45,47.29,106.17,Cooling,REDUCE_COOLING_USAGE
10,268.13,289.16,23951.41,125.04,138.63,Laundry,REDUCE_HIGH_USAGE_APPLIANCE
1,88.47,87.8,2165.69,2.54,12.01,Kitchen,GENERAL_ENERGY_SAVING
11,712.01,855.46,25723.22,49.12,150.17,Other,HIGH_BILL_WARNING
10,99.8,92.83,5975.93,8.58,22.63,Other,GENERAL_ENERGY_SAVING
2,166.01,201.46,17655.23,40.46,55.08,Entertainment,REDUCE_HIGH_USAGE_APPLIANCE
3,190.78,150.27,4064.7,9.76,34.14,Lighting,GENERAL_ENERGY_SAVING
6,176.61,211.17,4607.97,17.46,65.32,Lighting,REDUCE_LIGHTING_USAGE
9,314.04,324.7,8164.02,51.98,135.54,Lighting,REDUCE_LIGHTING_USAGE
1,434.49,448.9,23774.62,81.09,118.83,Laundry,REDUCE_HIGH_USAGE_APPLIANCE
7,422.06,510.75,11704.82,166.32,184.09,Other,REDUCE_HIGH_USAGE_APPLIANCE
12,245.92,293.41,11441.92,30.56,91.83,Lighting,REDUCE_LIGHTING_USAGE
7,220.77,236.0,12365.08,39.2,63.97,Heating,REDUCE_HEATING_USAGE
8,362.51,485.84,19314.51,127.34,174.55,Laundry,REDUCE_HIGH_USAGE_APPLIANCE
4,259.72,298.28,9139.14,111.12,128.9,Refrigeration,OPTIMIZE_REFRIGERATION
4,42.37,44.53,6649.67,2.66,10.75,Kitchen,GENERAL_ENERGY_SAVING
7,339.65,381.95,8881.14,126.02,167.31,Laundry,REDUCE_HIGH_USAGE_APPLIANCE
3,417.75,534.29,21547.49,93.85,142.47,Water Heating,REDUCE_HEATING_USAGE
11,206.09,226.37,5935.97,53.77,89.71,Lighting,REDUCE_LIGHTING_USAGE
1,282.8,325.66,6432.53,90.27,132.62,Refrigeration,OPTIMIZE_REFRIGERATION
12,732.78,820.62,24970.79,76.66,124.55,Entertainment,HIGH_BILL_WARNING
6,184.05,176.97,10013.04,59.6,65.43,Refrigeration,OPTIMIZE_REFRIGERATION
3,138.56,132.58,13233.54,34.8,58.55,Refrigeration,OPTIMIZE_REFRIGERATION
3,304.5,360.49,11675.51,71.41,108.81,Refrigeration,OPTIMIZE_REFRIGERATION
10,67.11,57.91,1016.42,4.61,10.25,Kitchen,GENERAL_ENERGY_SAVING
6,343.02,447.29,14658.27,67.96,101.13,Water Heating,REDUCE_HEATING_USAGE
2,76.46,79.48,2821.4,5.84,17.92,Kitchen,GENERAL_ENERGY_SAVING
5,152.44,131.89,2686.97,20.34,34.0,Lighting,GENERAL_ENERGY_SAVING
9,280.31,315.52,4707.77,48.26,111.81,Lighting,REDUCE_LIGHTING_USAGE
3,170.34,195.84,12771.77,57.06,70.74,Kitchen,REDUCE_HIGH_USAGE_APPLIANCE
12,829.78,985.28,34352.45,95.2,170.81,Kitchen,HIGH_BILL_WARNING
5,505.15,493.06,24718.07,48.24,80.33,Kitchen,HIGH_BILL_WARNING
3,232.57,248.82,21430.37,84.3,121.65,Air Conditioning,REDUCE_COOLING_USAGE
10,360.36,372.19,21392.86,126.22,181.08,Air Conditioning,REDUCE_COOLING_USAGE
11,289.09,326.25,14269.31,86.62,102.32,Refrigeration,OPTIMIZE_REFRIGERATION
5,193.69,195.34,22388.08,77.89,104.21,Water Heating,REDUCE_HEATING_USAGE
5,164.65,188.33,5380.24,13.03,49.96,Lighting,REDUCE_LIGHTING_USAGE
1,141.45,150.18,17708.94,38.72,52.54,Refrigeration,OPTIMIZE_REFRIGERATION
6,488.05,461.46,23054.3,210.32,223.03,Entertainment,REDUCE_HIGH_USAGE_APPLIANCE
8,595.85,734.29,39001.39,111.11,204.71,Kitchen,HIGH_BILL_WARNING
8,497.84,636.66,34914.99,38.31,98.8,Entertainment,HIGH_BILL_WARNING
8,484.19,620.44,24136.94,111.97,243.55,Air Conditioning,REDUCE_COOLING_USAGE
9,232.06,293.73,24836.98,71.05,87.05,Other,REDUCE_HIGH_USAGE_APPLIANCE
11,819.64,898.16,27812.91,96.33,251.58,Entertainment,HIGH_BILL_WARNING
7,713.73,959.7,26043.08,108.11,238.02,Kitchen,HIGH_BILL_WARNING
2,97.65,96.2,10603.69,10.02,19.66,Lighting,REDUCE_LIGHTING_USAGE
8,213.33,240.97,14059.53,53.35,114.33,Cooling,REDUCE_COOLING_USAGE
1,504.69,603.85,16076.0,146.28,158.81,Laundry,REDUCE_HIGH_USAGE_APPLIANCE
12,845.35,945.04,55144.47,98.82,273.07,Cooling,HIGH_BILL_WARNING
1,516.55,630.09,40589.34,100.97,167.84,Kitchen,HIGH_BILL_WARNING
1,84.93,86.96,6948.12,3.42,15.43,Entertainment,GENERAL_ENERGY_SAVING
8,370.45,471.58,15042.05,64.15,151.59,Cooling,REDUCE_COOLING_USAGE
10,329.18,326.02,23483.32,113.11,131.03,Entertainment,REDUCE_HIGH_USAGE_APPLIANCE
6,244.24,276.99,10393.75,58.65,90.89,Refrigeration,OPTIMIZE_REFRIGERATION
8,504.6,570.45,26087.39,158.92,248.23,Cooling,REDUCE_COOLING_USAGE
10,258.11,328.51,22815.02,95.96,130.54,Heating,REDUCE_HEATING_USAGE
6,165.26,191.08,6909.47,13.7,52.99,Lighting,REDUCE_LIGHTING_USAGE
5,226.09,266.66,4051.08,49.93,79.51,Refrigeration,OPTIMIZE_REFRIGERATION
8,452.39,524.09,43283.78,43.84,113.48,Cooling,HIGH_BILL_WARNING
12,274.84,293.14,16684.86,76.11,132.95,Heating,REDUCE_HEATING_USAGE
10,436.85,442.61,19917.71,102.08,186.03,Water Heating,REDUCE_HEATING_USAGE
11,40.31,42.69,7469.5,3.9,7.6,Lighting,GENERAL_ENERGY_SAVING
9,205.8,225.06,12663.07,25.47,69.37,Lighting,REDUCE_LIGHTING_USAGE
12,177.75,208.46,10812.23,15.68,40.56,Lighting,REDUCE_LIGHTING_USAGE
12,443.66,539.4,22616.39,162.87,186.5,Laundry,REDUCE_HIGH_USAGE_APPLIANCE
2,238.96,310.36,17444.78,83.66,105.15,Air Conditioning,REDUCE_COOLING_USAGE
11,250.46,270.75,5244.37,46.85,109.67,Lighting,REDUCE_LIGHTING_USAGE
1,248.24,254.76,16657.49,72.79,91.08,Heating,REDUCE_HEATING_USAGE
8,513.17,636.4,9525.92,175.39,258.26,Cooling,REDUCE_COOLING_USAGE
7,405.41,523.37,55584.03,68.64,140.86,Other,HIGH_BILL_WARNING
4,631.88,771.12,44738.04,89.84,140.49,Laundry,HIGH_BILL_WARNING
7,659.41,718.7,56618.11,95.01,214.06,Cooling,HIGH_BILL_WARNING
11,298.6,352.96,8665.67,37.66,76.25,Water Heating,REDUCE_HEATING_USAGE
3,449.32,536.42,50503.19,53.07,147.75,Entertainment,HIGH_BILL_WARNING
5,505.24,542.81,49752.47,66.9,118.19,Other,HIGH_BILL_WARNING
10,115.65,135.5,13572.07,12.68,45.61,Lighting,REDUCE_LIGHTING_USAGE
4,391.85,418.99,13829.26,87.8,119.23,Laundry,REDUCE_HIGH_USAGE_APPLIANCE
7,142.05,120.79,1722.93,11.0,23.85,Entertainment,GENERAL_ENERGY_SAVING
3,82.01,74.02,6697.17,3.9,13.68,Kitchen,GENERAL_ENERGY_SAVING
1,361.83,376.76,23055.32,53.69,129.53,Cooling,REDUCE_COOLING_USAGE
11,490.6,634.41,51734.58,58.9,94.21,Other,HIGH_BILL_WARNING
10,719.01,942.41,40662.64,110.59,192.57,Other,HIGH_BILL_WARNING
2,92.16,105.79,14159.0,16.31,30.93,Lighting,REDUCE_LIGHTING_USAGE
10,194.55,226.1,8173.83,21.36,85.95,Lighting,REDUCE_LIGHTING_USAGE
5,384.24,448.28,9410.19,82.74,136.16,Heating,REDUCE_HEATING_USAGE
7,111.66,117.34,13561.42,19.87,41.9,Lighting,REDUCE_LIGHTING_USAGE
1,487.69,525.1,25381.06,198.78,263.01,Laundry,REDUCE_HIGH_USAGE_APPLIANCE
8,272.28,305.41,14562.39,67.82,77.76,Kitchen,OPTIMIZE_REFRIGERATION
3,157.97,160.29,2629.59,12.6,39.92,Kitchen,GENERAL_ENERGY_SAVING
7,214.77,246.39,12247.61,63.93,86.3,Other,REDUCE_HIGH_USAGE_APPLIANCE
5,254.33,286.78,9582.16,88.46,106.03,Water Heating,REDUCE_HEATING_USAGE
4,287.66,301.89,14876.26,83.01,106.25,Other,REDUCE_HIGH_USAGE_APPLIANCE
1,315.12,322.95,14017.73,138.62,150.67,Other,REDUCE_HIGH_USAGE_APPLIANCE
8,197.01,217.75,8611.91,23.37,60.39,Lighting,REDUCE_LIGHTING_USAGE
7,274.26,296.61,16100.68,67.45,143.27,Water Heating,REDUCE_HEATING_USAGE
12,309.74,378.02,18756.84,58.19,77.74,Laundry,REDUCE_HIGH_USAGE_APPLIANCE
2,459.27,476.94,13307.49,138.98,183.26,Laundry,REDUCE_HIGH_USAGE_APPLIANCE
12,186.16,191.74,4151.63,8.54,39.45,Lighting,REDUCE_LIGHTING_USAGE
2,304.59,360.33,12795.25,64.34,116.91,Lighting,REDUCE_LIGHTING_USAGE
7,476.19,507.44,25267.61,112.9,154.24,Cooling,REDUCE_COOLING_USAGE
7,150.63,182.89,21136.22,23.38,43.79,Heating,REDUCE_HEATING_USAGE
4,772.34,1023.34,62236.51,45.14,129.77,Laundry,HIGH_BILL_WARNING
11,502.83,563.43,17393.86,181.13,215.98,Kitchen,REDUCE_HIGH_USAGE_APPLIANCE
11,153.38,160.32,3244.81,4.26,18.51,Entertainment,GENERAL_ENERGY_SAVING
12,458.77,545.99,37601.26,29.88,81.67,Other,HIGH_BILL_WARNING
7,92.79,92.51,1787.03,5.22,16.77,Other,GENERAL_ENERGY_SAVING
9,192.15,201.63,10401.18,67.99,82.37,Kitchen,REDUCE_HIGH_USAGE_APPLIANCE
12,712.0,803.08,51534.48,78.64,168.42,Entertainment,HIGH_BILL_WARNING
8,443.0,483.55,13391.56,135.57,197.2,Laundry,REDUCE_HIGH_USAGE_APPLIANCE
8,391.74,431.29,11287.95,121.62,162.46,Heating,REDUCE_HEATING_USAGE
1,150.86,180.56,5523.18,45.55,57.6,Kitchen,OPTIMIZE_REFRIGERATION
1,328.85,354.01,7354.27,109.98,118.03,Other,REDUCE_HIGH_USAGE_APPLIANCE
6,310.02,346.39,12824.82,81.93,119.46,Refrigeration,OPTIMIZE_REFRIGERATION
9,80.38,74.13,2449.87,3.07,8.35,Kitchen,GENERAL_ENERGY_SAVING
8,219.87,247.21,19365.03,98.72,127.08,Air Conditioning,REDUCE_COOLING_USAGE
10,413.57,451.59,24687.28,143.37,198.77,Entertainment,REDUCE_HIGH_USAGE_APPLIANCE
11,154.23,132.48,4191.03,7.66,29.78,Lighting,GENERAL_ENERGY_SAVING
6,117.09,128.78,7684.19,19.21,29.35,Kitchen,OPTIMIZE_REFRIGERATION
4,180.12,173.92,4374.81,18.1,33.04,Lighting,REDUCE_LIGHTING_USAGE
12,220.16,250.52,10804.81,49.1,60.9,Refrigeration,OPTIMIZE_REFRIGERATION
2,138.31,148.48,4991.31,11.75,19.87,Kitchen,GENERAL_ENERGY_SAVING
12,804.54,967.35,32333.54,84.93,208.62,Laundry,HIGH_BILL_WARNING
10,95.12,89.85,5345.16,9.23,17.39,Entertainment,GENERAL_ENERGY_SAVING
3,205.46,244.42,12414.96,40.64,69.89,Lighting,REDUCE_LIGHTING_USAGE
7,548.52,709.55,12411.27,89.84,209.95,Cooling,REDUCE_COOLING_USAGE
8,473.53,549.06,48131.12,38.7,109.12,Laundry,HIGH_BILL_WARNING
1,239.52,263.08,8549.92,47.77,105.97,Lighting,REDUCE_LIGHTING_USAGE
3,329.64,392.94,27290.19,74.25,127.52,Air Conditioning,REDUCE_COOLING_USAGE
10,498.39,586.17,24249.85,113.57,152.62,Cooling,REDUCE_COOLING_USAGE
7,161.83,162.79,12047.27,38.61,46.47,Other,REDUCE_HIGH_USAGE_APPLIANCE
5,127.35,123.84,14774.58,15.85,35.21,Lighting,REDUCE_LIGHTING_USAGE
7,124.83,127.96,7874.22,37.07,61.29,Refrigeration,OPTIMIZE_REFRIGERATION
6,170.79,186.62,7589.15,58.65,79.46,Kitchen,REDUCE_HIGH_USAGE_APPLIANCE
7,300.71,285.99,8178.22,61.48,124.92,Lighting,REDUCE_LIGHTING_USAGE
1,260.95,304.83,5139.47,60.42,90.04,Kitchen,OPTIMIZE_REFRIGERATION
5,199.68,238.06,18549.54,60.19,90.5,Refrigeration,OPTIMIZE_REFRIGERATION
3,312.61,335.03,20859.63,76.33,187.47,Air Conditioning,REDUCE_COOLING_USAGE
8,361.43,423.93,23337.85,46.16,84.84,Kitchen,HIGH_BILL_WARNING
7,164.46,142.45,2177.36,4.96,17.63,Entertainment,GENERAL_ENERGY_SAVING
9,284.64,355.01,15003.37,55.12,86.0,Heating,REDUCE_HEATING_USAGE
5,303.3,335.85,4795.29,48.42,94.03,Lighting,REDUCE_LIGHTING_USAGE
1,168.02,158.56,1702.11,5.74,24.84,Kitchen,GENERAL_ENERGY_SAVING
11,90.07,93.12,2947.97,2.49,12.03,Lighting,GENERAL_ENERGY_SAVING
9,263.12,300.07,8374.6,74.07,117.37,Heating,REDUCE_HEATING_USAGE
10,261.84,278.6,11587.35,58.83,104.62,Air Conditioning,REDUCE_COOLING_USAGE
4,148.61,129.02,4277.97,15.31,32.32,Kitchen,GENERAL_ENERGY_SAVING
3,365.1,429.93,12006.36,168.51,192.31,Heating,REDUCE_HEATING_USAGE
1,413.21,493.13,24067.69,101.31,196.15,Cooling,REDUCE_COOLING_USAGE
2,179.88,192.97,15490.21,8.48,36.96,Lighting,REDUCE_LIGHTING_USAGE
6,126.52,115.53,4120.58,14.7,36.95,Kitchen,GENERAL_ENERGY_SAVING
1,298.38,372.32,20720.95,63.83,140.67,Cooling,REDUCE_COOLING_USAGE
12,131.49,148.21,6740.33,19.91,42.96,Lighting,REDUCE_LIGHTING_USAGE
5,628.56,681.99,36819.5,111.97,187.36,Kitchen,HIGH_BILL_WARNING
11,148.48,132.91,6661.98,4.3,15.48,Entertainment,GENERAL_ENERGY_SAVING
3,264.32,290.45,11450.27,107.37,124.56,Refrigeration,OPTIMIZE_REFRIGERATION
2,438.25,457.12,6441.04,172.53,194.23,Entertainment,REDUCE_HIGH_USAGE_APPLIANCE
12,142.3,129.49,11536.28,11.07,52.78,Lighting,REDUCE_LIGHTING_USAGE
7,224.32,215.16,14289.6,16.08,57.18,Lighting,REDUCE_LIGHTING_USAGE
3,315.13,331.25,12022.52,97.26,148.2,Laundry,REDUCE_HIGH_USAGE_APPLIANCE
5,179.66,207.39,9024.72,75.13,95.43,Other,REDUCE_HIGH_USAGE_APPLIANCE
10,50.76,53.46,6597.89,5.57,14.87,Kitchen,GENERAL_ENERGY_SAVING
11,76.01,74.03,1302.17,9.07,21.95,Lighting,GENERAL_ENERGY_SAVING
2,121.91,146.1,6329.27,24.79,50.63,Lighting,REDUCE_LIGHTING_USAGE
11,173.14,183.1,14350.26,12.22,55.12,Lighting,REDUCE_LIGHTING_USAGE
6,253.46,275.1,14001.69,23.48,65.07,Lighting,REDUCE_LIGHTING_USAGE
11,298.15,348.68,10217.15,84.74,118.68,Air Conditioning,REDUCE_COOLING_USAGE
8,415.31,426.02,6079.32,153.1,186.51,Kitchen,REDUCE_HIGH_USAGE_APPLIANCE
10,330.14,395.81,14096.19,76.32,85.0,Heating,REDUCE_HEATING_USAGE
12,498.41,539.6,25459.47,154.59,180.83,Entertainment,REDUCE_HIGH_USAGE_APPLIANCE
2,441.63,514.64,25146.3,113.78,127.56,Kitchen,REDUCE_HIGH_USAGE_APPLIANCE
12,512.16,559.4,8443.38,211.94,240.33,Laundry,REDUCE_HIGH_USAGE_APPLIANCE
3,96.5,107.73,15303.32,10.11,22.87,Lighting,REDUCE_LIGHTING_USAGE
5,201.99,223.45,8756.0,46.1,52.14,Kitchen,OPTIMIZE_REFRIGERATION
10,153.1,177.89,11971.68,18.52,31.5,Lighting,REDUCE_LIGHTING_USAGE
7,304.13,302.55,6416.53,63.08,102.63,Kitchen,OPTIMIZE_REFRIGERATION
11,351.97,375.39,6470.64,81.93,109.74,Heating,REDUCE_HEATING_USAGE
1,142.6,179.18,18858.12,38.06,75.17,Water Heating,REDUCE_HEATING_USAGE
5,602.96,781.4,63602.99,89.72,147.1,Kitchen,HIGH_BILL_WARNING
2,151.6,169.7,17083.15,42.34,61.74,Refrigeration,OPTIMIZE_REFRIGERATION
10,330.81,395.53,19594.95,96.38,152.14,Water Heating,REDUCE_HEATING_USAGE
2,428.19,434.37,7020.09,111.42,141.25,Laundry,REDUCE_HIGH_USAGE_APPLIANCE
5,524.66,645.84,47442.55,93.46,165.83,Cooling,HIGH_BILL_WARNING
7,242.18,230.14,9674.44,71.23,101.32,Kitchen,OPTIMIZE_REFRIGERATION
11,359.86,410.3,19873.29,143.86,179.08,Entertainment,REDUCE_HIGH_USAGE_APPLIANCE
7,105.13,113.76,6985.87,3.8,10.93,Other,GENERAL_ENERGY_SAVING
4,333.59,383.92,20402.44,93.88,142.8,Entertainment,REDUCE_HIGH_USAGE_APPLIANCE
10,777.02,850.76,39281.73,103.66,168.47,Kitchen,HIGH_BILL_WARNING
12,140.97,130.11,3446.58,6.54,30.79,Kitchen,GENERAL_ENERGY_SAVING
7,173.96,153.51,3472.2,9.42,43.27,Other,GENERAL_ENERGY_SAVING
4,392.0,489.72,55223.73,38.6,76.67,Cooling,HIGH_BILL_WARNING
7,358.36,419.34,21318.55,116.81,208.03,Cooling,REDUCE_COOLING_USAGE
5,414.54,506.53,7109.1,73.35,163.74,Air Conditioning,REDUCE_COOLING_USAGE
1,164.88,193.62,5890.85,30.48,46.11,Refrigeration,OPTIMIZE_REFRIGERATION
5,430.44,516.5,25227.32,155.14,200.04,Entertainment,REDUCE_HIGH_USAGE_APPLIANCE
2,303.26,297.4,5757.85,21.77,71.41,Lighting,REDUCE_LIGHTING_USAGE
9,461.63,553.08,14871.73,116.19,226.19,Heating,REDUCE_HEATING_USAGE
12,475.0,581.76,21999.81,212.03,245.87,Kitchen,REDUCE_HIGH_USAGE_APPLIANCE
11,179.86,219.74,20379.77,54.35,64.34,Laundry,REDUCE_HIGH_USAGE_APPLIANCE
2,368.14,456.43,44514.29,74.12,116.43,Laundry,HIGH_BILL_WARNING
12,436.65,441.73,12750.21,135.93,247.52,Air Conditioning,REDUCE_COOLING_USAGE
9,160.36,192.12,12236.27,32.01,62.97,Lighting,REDUCE_LIGHTING_USAGE
1,245.62,296.7,13546.01,66.29,97.95,Water Heating,REDUCE_HEATING_USAGE
9,203.08,208.41,15185.72,34.46,59.74,Heating,REDUCE_HEATING_USAGE
11,108.57,109.08,13646.36,11.81,34.56,Lighting,REDUCE_LIGHTING_USAGE
8,463.89,499.27,8881.59,142.19,158.06,Entertainment,REDUCE_HIGH_USAGE_APPLIANCE
12,265.3,322.71,26968.43,76.88,104.7,Cooling,REDUCE_COOLING_USAGE
6,422.1,439.21,24593.93,189.96,202.39,Other,REDUCE_HIGH_USAGE_APPLIANCE
10,118.75,128.47,4098.26,7.72,27.56,Kitchen,GENERAL_ENERGY_SAVING
12,404.84,480.48,12032.34,65.51,104.89,Heating,REDUCE_HEATING_USAGE
1,434.62,501.53,8174.7,128.77,172.67,Cooling,REDUCE_COOLING_USAGE
10,337.8,369.29,10679.42,137.71,155.89,Refrigeration,OPTIMIZE_REFRIGERATION
9,236.62,248.31,14266.48,67.53,93.89,Cooling,REDUCE_COOLING_USAGE
7,154.7,171.99,22639.2,28.86,45.35,Water Heating,REDUCE_HEATING_USAGE
5,42.11,36.81,4923.42,2.18,5.3,Entertainment,GENERAL_ENERGY_SAVING
8,503.41,546.91,10368.21,126.34,191.08,Laundry,REDUCE_HIGH_USAGE_APPLIANCE
10,544.92,591.87,18033.22,142.66,263.01,Cooling,REDUCE_COOLING_USAGE
5,161.85,164.56,15944.25,40.31,62.37,Kitchen,OPTIMIZE_REFRIGERATION
10,215.78,237.88,5143.78,65.66,72.6,Refrigeration,OPTIMIZE_REFRIGERATION
3,266.83,343.84,19652.35,128.6,144.29,Laundry,REDUCE_HIGH_USAGE_APPLIANCE
2,133.04,145.45,4995.86,21.1,39.32,Lighting,GENERAL_ENERGY_SAVING
6,470.89,589.97,21791.95,86.72,147.66,Air Conditioning,REDUCE_COOLING_USAGE
5,294.13,369.27,8019.53,82.39,103.32,Other,REDUCE_HIGH_USAGE_APPLIANCE
5,405.23,454.34,15909.55,67.37,102.39,Kitchen,REDUCE_HIGH_USAGE_APPLIANCE
3,387.22,474.99,23392.77,108.98,132.78,Water Heating,REDUCE_HEATING_USAGE
11,354.46,359.32,12169.29,117.48,170.19,Laundry,REDUCE_HIGH_USAGE_APPLIANCE
6,632.3,839.92,40634.94,40.81,110.65,Entertainment,HIGH_BILL_WARNING
8,364.4,442.74,24529.2,86.28,164.95,Cooling,REDUCE_COOLING_USAGE
3,220.7,234.27,13286.02,36.35,90.83,Lighting,REDUCE_LIGHTING_USAGE
3,154.18,138.35,6469.31,15.18,40.56,Kitchen,GENERAL_ENERGY_SAVING
1,143.53,157.36,1313.59,6.02,27.97,Other,GENERAL_ENERGY_SAVING
6,433.31,441.47,16994.48,104.0,137.43,Kitchen,REDUCE_HIGH_USAGE_APPLIANCE
5,86.67,86.43,1712.33,5.51,10.54,Lighting,GENERAL_ENERGY_SAVING
4,176.09,184.38,6703.48,36.11,71.97,Lighting,REDUCE_LIGHTING_USAGE
5,375.47,458.53,23531.54,86.0,161.95,Heating,REDUCE_HEATING_USAGE
1,836.26,880.19,49134.06,140.36,283.98,Kitchen,HIGH_BILL_WARNING
12,88.05,94.39,7025.38,6.54,18.77,Lighting,GENERAL_ENERGY_SAVING
12,207.91,218.3,12088.22,13.9,51.62,Lighting,REDUCE_LIGHTING_USAGE
5,366.11,385.96,13727.84,91.91,96.77,Kitchen,REDUCE_HIGH_USAGE_APPLIANCE
6,181.69,194.53,9009.36,38.9,60.91,Cooling,REDUCE_COOLING_USAGE
7,301.41,340.45,19779.79,90.07,139.53,Heating,REDUCE_HEATING_USAGE
10,113.32,132.09,7718.17,9.31,45.43,Lighting,REDUCE_LIGHTING_USAGE
9,573.39,741.97,41050.24,67.23,148.7,Entertainment,HIGH_BILL_WARNING
12,478.05,566.39,6085.43,186.02,258.12,Laundry,REDUCE_HIGH_USAGE_APPLIANCE
10,456.35,474.57,9476.57,115.13,136.31,Heating,REDUCE_HEATING_USAGE
10,382.89,420.24,16528.02,146.35,229.12,Air Conditioning,REDUCE_COOLING_USAGE
12,520.35,656.76,59442.12,67.02,99.05,Entertainment,HIGH_BILL_WARNING
4,92.03,85.93,6141.67,14.25,24.0,Kitchen,GENERAL_ENERGY_SAVING
5,362.79,435.66,23286.17,146.06,194.68,Heating,REDUCE_HEATING_USAGE
5,321.75,387.38,18246.02,96.76,102.42,Laundry,REDUCE_HIGH_USAGE_APPLIANCE
4,294.55,334.27,16454.63,117.74,135.99,Refrigeration,OPTIMIZE_REFRIGERATION
1,222.32,215.91,13604.34,34.51,60.35,Lighting,REDUCE_LIGHTING_USAGE
6,462.12,515.23,11093.79,141.77,214.49,Laundry,REDUCE_HIGH_USAGE_APPLIANCE
7,177.84,212.53,12865.84,22.31,39.07,Lighting,REDUCE_LIGHTING_USAGE
7,238.68,226.87,11908.83,42.7,76.17,Lighting,REDUCE_LIGHTING_USAGE
1,461.4,463.31,13937.99,109.53,225.87,Water Heating,REDUCE_HEATING_USAGE
2,257.73,305.09,19863.74,63.71,76.23,Entertainment,REDUCE_HIGH_USAGE_APPLIANCE
5,235.14,237.18,15429.19,27.83,67.53,Lighting,REDUCE_LIGHTING_USAGE
4,216.05,245.54,11787.04,33.24,87.55,Lighting,REDUCE_LIGHTING_USAGE
11,377.81,475.44,23096.67,74.31,122.46,Cooling,REDUCE_COOLING_USAGE
3,292.71,328.68,15129.58,70.89,103.25,Refrigeration,OPTIMIZE_REFRIGERATION
9,111.19,133.1,15792.11,9.9,25.36,Lighting,REDUCE_LIGHTING_USAGE
6,175.04,186.03,6851.96,28.8,48.03,Entertainment,GENERAL_ENERGY_SAVING
11,103.79,108.28,4096.66,12.66,37.03,Lighting,REDUCE_LIGHTING_USAGE
10,433.91,549.4,33716.19,37.35,71.36,Other,HIGH_BILL_WARNING
8,46.62,41.65,6947.56,6.23,13.7,Other,GENERAL_ENERGY_SAVING
1,108.54,118.08,4021.76,14.61,47.39,Lighting,REDUCE_LIGHTING_USAGE
12,181.87,183.38,6745.23,36.25,53.39,Kitchen,OPTIMIZE_REFRIGERATION
6,165.55,181.59,17783.61,44.36,55.82,Other,REDUCE_HIGH_USAGE_APPLIANCE
2,152.1,156.16,17176.12,48.9,62.33,Refrigeration,OPTIMIZE_REFRIGERATION
9,161.67,158.02,1078.76,14.54,35.7,Lighting,GENERAL_ENERGY_SAVING
6,182.24,196.48,23775.13,74.31,92.23,Water Heating,REDUCE_HEATING_USAGE
5,259.28,304.77,8666.41,50.66,65.99,Refrigeration,OPTIMIZE_REFRIGERATION
2,122.11,132.39,1000.78,10.02,31.57,Kitchen,GENERAL_ENERGY_SAVING
11,420.25,491.66,53361.35,93.74,142.48,Cooling,HIGH_BILL_WARNING
3,624.61,668.33,47234.4,136.65,214.72,Cooling,HIGH_BILL_WARNING
7,139.26,153.05,1506.02,5.92,15.75,Lighting,GENERAL_ENERGY_SAVING
9,322.17,325.31,18628.4,89.01,107.69,Kitchen,OPTIMIZE_REFRIGERATION
3,208.45,255.38,15855.62,38.38,55.28,Heating,REDUCE_HEATING_USAGE
7,502.93,553.95,21458.5,123.38,140.72,Other,REDUCE_HIGH_USAGE_APPLIANCE
12,119.91,103.59,5357.2,8.24,14.89,Lighting,GENERAL_ENERGY_SAVING
9,92.64,89.48,3150.81,8.61,24.39,Lighting,GENERAL_ENERGY_SAVING
4,119.57,131.75,6176.49,15.02,49.6,Lighting,REDUCE_LIGHTING_USAGE
6,296.79,297.54,9115.7,85.07,149.06,Cooling,REDUCE_COOLING_USAGE
3,198.41,235.68,7568.98,24.47,53.31,Lighting,REDUCE_LIGHTING_USAGE
9,378.68,416.75,22594.28,118.82,202.67,Cooling,REDUCE_COOLING_USAGE
11,134.43,132.93,9183.34,15.91,47.49,Lighting,REDUCE_LIGHTING_USAGE
7,340.76,412.1,11160.28,111.03,180.13,Cooling,REDUCE_COOLING_USAGE
5,242.57,308.49,19975.46,67.33,108.5,Heating,REDUCE_HEATING_USAGE
9,300.9,295.69,20381.24,67.87,88.8,Heating,REDUCE_HEATING_USAGE
1,447.61,550.27,19144.54,179.43,243.92,Air Conditioning,REDUCE_COOLING_USAGE
3,245.64,265.44,11627.76,30.3,86.9,Lighting,REDUCE_LIGHTING_USAGE
6,198.78,252.76,9195.84,36.89,73.09,Air Conditioning,REDUCE_COOLING_USAGE
9,799.56,894.68,24245.86,59.4,134.38,Entertainment,HIGH_BILL_WARNING
7,66.8,64.57,3063.8,6.65,19.73,Other,GENERAL_ENERGY_SAVING
12,178.9,154.73,6815.99,9.2,17.98,Other,GENERAL_ENERGY_SAVING
1,458.82,491.36,25157.66,119.37,193.59,Cooling,REDUCE_COOLING_USAGE
6,359.47,371.99,19446.84,148.09,204.37,Air Conditioning,REDUCE_COOLING_USAGE
1,162.89,157.97,9375.47,58.02,64.25,Refrigeration,OPTIMIZE_REFRIGERATION
2,378.59,433.3,10353.86,138.14,171.53,Laundry,REDUCE_HIGH_USAGE_APPLIANCE
3,348.04,410.11,7996.02,92.69,110.01,Refrigeration,OPTIMIZE_REFRIGERATION
6,260.6,283.08,7132.94,53.96,99.95,Heating,REDUCE_HEATING_USAGE
12,262.19,307.07,8967.7,60.7,75.47,Entertainment,REDUCE_HIGH_USAGE_APPLIANCE
9,464.67,572.02,24921.57,174.37,217.05,Cooling,REDUCE_COOLING_USAGE
5,285.26,356.27,27229.04,91.22,163.88,Cooling,REDUCE_COOLING_USAGE
5,366.85,411.06,17203.98,109.56,137.66,Laundry,REDUCE_HIGH_USAGE_APPLIANCE
4,269.77,294.88,11141.71,55.78,115.42,Lighting,REDUCE_LIGHTING_USAGE
12,275.71,264.56,5414.9,31.86,57.13,Lighting,REDUCE_LIGHTING_USAGE
9,719.54,822.84,38676.81,132.64,228.74,Entertainment,HIGH_BILL_WARNING
7,67.06,61.57,4456.07,9.46,18.48,Entertainment,GENERAL_ENERGY_SAVING
8,281.96,339.53,23459.56,86.98,148.45,Cooling,REDUCE_COOLING_USAGE
1,492.1,486.27,13819.27,84.75,124.65,Other,REDUCE_HIGH_USAGE_APPLIANCE
1,462.13,584.03,39633.09,48.02,77.69,Cooling,HIGH_BILL_WARNING
8,215.98,275.32,18628.62,41.19,58.51,Water Heating,REDUCE_HEATING_USAGE
11,280.31,319.5,10665.87,77.38,107.73,Entertainment,REDUCE_HIGH_USAGE_APPLIANCE
1,222.3,236.42,15356.3,43.56,87.87,Lighting,REDUCE_LIGHTING_USAGE
8,395.7,477.52,49862.01,20.79,59.69,Laundry,HIGH_BILL_WARNING
4,208.57,242.03,8122.54,66.29,75.45,Water Heating,REDUCE_HEATING_USAGE
10,314.77,377.27,14921.9,55.95,107.67,Lighting,REDUCE_LIGHTING_USAGE
5,170.35,179.26,16047.49,36.04,57.09,Heating,REDUCE_HEATING_USAGE
11,239.02,244.61,5563.75,70.57,96.26,Refrigeration,OPTIMIZE_REFRIGERATION
11,322.59,350.36,12899.77,81.55,129.56,Kitchen,OPTIMIZE_REFRIGERATION
7,681.81,718.47,56481.33,92.33,168.72,Cooling,HIGH_BILL_WARNING
8,69.47,67.62,1870.56,2.18,10.61,Lighting,GENERAL_ENERGY_SAVING
10,124.52,121.87,3700.0,14.56,34.29,Kitchen,GENERAL_ENERGY_SAVING
2,160.05,174.0,3166.11,17.96,33.85,Other,GENERAL_ENERGY_SAVING
6,118.95,133.05,6184.47,6.82,24.82,Kitchen,GENERAL_ENERGY_SAVING
1,104.43,105.15,6685.54,9.86,24.54,Entertainment,GENERAL_ENERGY_SAVING
9,243.22,303.57,8659.97,57.48,118.71,Heating,REDUCE_HEATING_USAGE
8,469.3,571.73,15662.54,139.93,247.61,Heating,REDUCE_HEATING_USAGE
1,232.56,268.47,12451.37,25.88,51.16,Lighting,REDUCE_LIGHTING_USAGE
10,340.4,375.64,12393.87,130.18,163.07,Refrigeration,OPTIMIZE_REFRIGERATION
12,521.93,633.38,24625.97,168.63,201.24,Cooling,REDUCE_COOLING_USAGE
6,249.33,282.9,7551.5,67.87,116.29,Cooling,REDUCE_COOLING_USAGE
3,629.78,720.25,52359.43,104.76,156.26,Other,HIGH_BILL_WARNING
1,839.75,1037.07,62819.77,98.53,152.51,Laundry,HIGH_BILL_WARNING
5,373.51,489.58,9665.54,91.62,192.82,Cooling,REDUCE_COOLING_USAGE
9,251.98,245.63,4539.44,49.62,87.03,Refrigeration,OPTIMIZE_REFRIGERATION
12,113.61,96.56,6678.35,10.32,23.71,Lighting,GENERAL_ENERGY_SAVING
3,259.26,262.53,6235.44,64.46,98.86,Refrigeration,OPTIMIZE_REFRIGERATION
1,197.63,226.96,11975.24,10.79,47.75,Lighting,REDUCE_LIGHTING_USAGE
11,263.72,325.21,14559.81,61.47,80.15,Entertainment,REDUCE_HIGH_USAGE_APPLIANCE
10,110.41,117.75,2146.32,3.51,16.05,Entertainment,GENERAL_ENERGY_SAVING
3,268.88,334.89,8522.6,32.01,58.39,Lighting,REDUCE_LIGHTING_USAGE
7,148.88,138.8,4914.91,7.35,18.67,Entertainment,GENERAL_ENERGY_SAVING
10,246.34,266.72,13186.96,110.26,116.37,Refrigeration,OPTIMIZE_REFRIGERATION
12,617.12,748.32,56887.42,64.94,154.96,Cooling,HIGH_BILL_WARNING
1,426.11,462.9,17552.53,76.66,161.31,Heating,REDUCE_HEATING_USAGE
12,390.4,474.1,20969.42,121.84,147.06,Other,REDUCE_HIGH_USAGE_APPLIANCE
5,629.78,684.29,49450.09,65.59,172.55,Kitchen,HIGH_BILL_WARNING
9,257.51,278.64,13844.7,18.04,63.74,Lighting,REDUCE_LIGHTING_USAGE
3,172.52,172.17,4581.87,14.23,42.3,Lighting,GENERAL_ENERGY_SAVING
5,193.98,194.7,4972.74,28.84,68.93,Lighting,REDUCE_LIGHTING_USAGE
8,266.77,267.79,19909.36,39.19,87.15,Cooling,REDUCE_COOLING_USAGE
9,85.75,76.66,5719.99,6.03,15.48,Lighting,GENERAL_ENERGY_SAVING
10,216.13,218.68,16981.5,37.63,55.09,Refrigeration,OPTIMIZE_REFRIGERATION
5,290.05,343.52,9475.09,43.45,94.39,Cooling,REDUCE_COOLING_USAGE
4,171.02,168.18,6938.95,8.34,39.35,Kitchen,GENERAL_ENERGY_SAVING
3,297.41,344.74,7927.41,46.1,101.87,Air Conditioning,REDUCE_COOLING_USAGE
12,94.56,92.37,4279.45,12.89,24.25,Lighting,GENERAL_ENERGY_SAVING
8,352.67,346.26,18384.57,116.05,154.03,Other,REDUCE_HIGH_USAGE_APPLIANCE
1,383.54,394.44,9550.52,96.01,126.79,Cooling,REDUCE_COOLING_USAGE
9,211.47,233.1,11931.53,43.59,74.4,Lighting,REDUCE_LIGHTING_USAGE
9,470.82,485.4,8789.57,144.59,182.78,Heating,REDUCE_HEATING_USAGE
8,408.98,493.04,15727.65,78.84,132.67,Heating,REDUCE_HEATING_USAGE
1,513.39,628.59,20416.3,217.94,249.87,Laundry,REDUCE_HIGH_USAGE_APPLIANCE
5,89.5,95.91,4006.79,6.83,16.08,Other,GENERAL_ENERGY_SAVING
3,633.37,838.4,49122.48,112.65,165.46,Cooling,HIGH_BILL_WARNING
5,209.73,212.83,18442.79,67.19,78.71,Refrigeration,OPTIMIZE_REFRIGERATION
7,734.71,934.72,52110.04,111.37,253.29,Cooling,HIGH_BILL_WARNING
12,62.33,55.25,7148.44,5.76,14.18,Entertainment,GENERAL_ENERGY_SAVING
2,59.36,61.79,2379.27,2.24,6.95,Other,GENERAL_ENERGY_SAVING
2,162.25,175.23,11046.75,50.83,82.41,Heating,REDUCE_HEATING_USAGE
1,431.87,532.75,20659.02,142.38,159.3,Heating,REDUCE_HEATING_USAGE
12,111.85,120.22,7074.37,39.02,48.75,Refrigeration,OPTIMIZE_REFRIGERATION
12,541.95,634.32,17112.19,124.99,277.19,Cooling,REDUCE_COOLING_USAGE
2,437.55,455.77,7110.28,134.75,223.88,Cooling,REDUCE_COOLING_USAGE
12,372.6,380.18,17199.62,104.4,138.38,Refrigeration,OPTIMIZE_REFRIGERATION
11,182.16,188.54,21527.93,39.36,64.03,Air Conditioning,REDUCE_COOLING_USAGE
11,154.48,174.53,11882.52,32.87,56.61,Lighting,REDUCE_LIGHTING_USAGE
12,227.74,233.94,15960.61,25.42,101.93,Lighting,REDUCE_LIGHTING_USAGE
11,344.84,384.57,6765.3,79.81,96.37,Other,REDUCE_HIGH_USAGE_APPLIANCE
1,94.36,93.84,3894.22,4.79,14.89,Kitchen,GENERAL_ENERGY_SAVING
6,151.04,175.82,8637.83,26.75,44.49,Refrigeration,OPTIMIZE_REFRIGERATION
9,186.19,210.0,14076.1,39.66,78.74,Lighting,REDUCE_LIGHTING_USAGE
2,381.99,371.24,9706.72,131.6,180.08,Kitchen,OPTIMIZE_REFRIGERATION
8,446.21,498.88,10590.59,104.78,137.08,Laundry,REDUCE_HIGH_USAGE_APPLIANCE
1,557.28,723.98,56971.54,64.87,148.46,Kitchen,HIGH_BILL_WARNING
10,281.26,277.35,10984.24,94.49,123.1,Kitchen,OPTIMIZE_REFRIGERATION
3,662.55,754.92,44525.62,86.46,150.61,Other,HIGH_BILL_WARNING
6,161.01,159.73,5090.81,20.73,37.37,Entertainment,GENERAL_ENERGY_SAVING
10,227.54,223.14,12281.8,86.71,93.54,Refrigeration,OPTIMIZE_REFRIGERATION
11,442.59,463.14,8067.96,83.52,153.19,Cooling,REDUCE_COOLING_USAGE
6,271.2,286.13,13239.31,51.31,72.89,Kitchen,REDUCE_HIGH_USAGE_APPLIANCE
2,204.79,248.37,12011.29,62.28,74.01,Air Conditioning,REDUCE_COOLING_USAGE
10,442.73,497.15,17603.71,75.14,160.43,Water Heating,REDUCE_HEATING_USAGE
2,417.35,467.39,26723.98,159.07,248.05,Cooling,REDUCE_COOLING_USAGE
5,252.42,250.18,10261.91,76.03,95.05,Heating,REDUCE_HEATING_USAGE
12,197.98,257.06,7414.58,68.52,98.71,Cooling,REDUCE_COOLING_USAGE
8,161.08,164.79,1643.1,6.47,29.86,Lighting,GENERAL_ENERGY_SAVING
2,496.16,562.6,8557.13,154.96,200.86,Laundry,REDUCE_HIGH_USAGE_APPLIANCE
11,306.46,342.58,17935.07,76.17,104.56,Cooling,REDUCE_COOLING_USAGE
6,352.21,401.26,16420.2,152.34,161.66,Refrigeration,OPTIMIZE_REFRIGERATION
6,308.96,322.19,6132.71,42.18,108.48,Lighting,REDUCE_LIGHTING_USAGE
1,134.04,151.8,14359.39,31.99,46.43,Refrigeration,OPTIMIZE_REFRIGERATION
10,237.67,269.54,7654.29,71.15,126.95,Water Heating,REDUCE_HEATING_USAGE
4,209.48,217.79,14630.03,63.08,80.05,Kitchen,REDUCE_HIGH_USAGE_APPLIANCE
5,471.0,577.07,14979.0,126.07,206.42,Heating,REDUCE_HEATING_USAGE
10,42.84,36.5,7634.9,2.87,5.54,Kitchen,GENERAL_ENERGY_SAVING
9,464.28,612.24,14009.64,173.62,296.12,Cooling,REDUCE_COOLING_USAGE
11,175.52,188.25,1445.44,13.87,45.36,Lighting,GENERAL_ENERGY_SAVING
2,754.91,984.45,61108.42,51.1,121.61,Cooling,HIGH_BILL_WARNING
7,409.87,425.36,14896.43,91.36,199.43,Heating,REDUCE_HEATING_USAGE
4,112.69,133.59,9427.48,12.82,39.98,Lighting,REDUCE_LIGHTING_USAGE
5,216.13,270.91,13578.19,75.71,87.19,Water Heating,REDUCE_HEATING_USAGE
10,493.38,549.56,19313.05,103.96,130.09,Kitchen,REDUCE_HIGH_USAGE_APPLIANCE
12,476.58,531.81,23951.56,115.07,255.33,Heating,REDUCE_HEATING_USAGE
10,390.37,395.25,15444.57,108.16,138.23,Heating,REDUCE_HEATING_USAGE
7,508.52,624.05,14221.74,100.72,152.39,Entertainment,REDUCE_HIGH_USAGE_APPLIANCE
9,379.12,399.89,12779.8,71.93,144.73,Water Heating,REDUCE_HEATING_USAGE
9,303.91,332.92,17359.12,96.27,120.87,Entertainment,REDUCE_HIGH_USAGE_APPLIANCE
5,175.33,204.76,10084.47,38.46,50.47,Kitchen,OPTIMIZE_REFRIGERATION
3,452.56,566.01,10545.62,118.64,232.3,Water Heating,REDUCE_HEATING_USAGE
9,352.22,426.11,21263.77,87.59,122.87,Entertainment,REDUCE_HIGH_USAGE_APPLIANCE
6,211.06,238.2,12463.28,56.95,118.21,Cooling,REDUCE_COOLING_USAGE
4,198.39,222.67,4021.91,59.9,77.07,Refrigeration,OPTIMIZE_REFRIGERATION
12,429.45,503.89,46158.09,47.45,128.03,Laundry,HIGH_BILL_WARNING
4,234.74,289.34,6222.81,53.32,61.08,Laundry,REDUCE_HIGH_USAGE_APPLIANCE
2,294.7,336.63,16354.76,79.87,99.24,Heating,REDUCE_HEATING_USAGE
9,179.76,196.92,10999.89,54.35,57.74,Refrigeration,OPTIMIZE_REFRIGERATION
10,426.22,420.73,10405.6,171.53,184.09,Kitchen,REDUCE_HIGH_USAGE_APPLIANCE
10,370.36,414.95,17307.06,87.03,123.62,Entertainment,REDUCE_HIGH_USAGE_APPLIANCE
3,67.87,73.09,5190.06,4.27,11.3,Entertainment,GENERAL_ENERGY_SAVING
9,812.79,981.77,52571.94,60.32,192.14,Kitchen,HIGH_BILL_WARNING
6,81.68,74.41,2923.92,4.1,11.38,Kitchen,GENERAL_ENERGY_SAVING
9,311.29,335.42,25482.25,79.86,119.5,Cooling,REDUCE_COOLING_USAGE
2,284.37,319.1,11254.71,27.56,87.98,Lighting,REDUCE_LIGHTING_USAGE
5,464.62,564.75,21965.09,129.72,152.09,Water Heating,REDUCE_HEATING_USAGE
9,513.36,603.22,24255.37,121.36,151.37,Other,REDUCE_HIGH_USAGE_APPLIANCE
6,167.62,171.65,5734.1,28.3,67.85,Lighting,REDUCE_LIGHTING_USAGE
9,210.62,242.05,7528.48,62.22,67.86,Refrigeration,OPTIMIZE_REFRIGERATION
6,685.74,789.65,61325.23,130.25,228.71,Cooling,HIGH_BILL_WARNING
12,105.1,115.16,6183.49,3.08,15.2,Other,GENERAL_ENERGY_SAVING
6,92.44,96.69,11279.08,20.35,36.86,Lighting,REDUCE_LIGHTING_USAGE
1,351.11,445.26,22070.85,30.8,66.08,Laundry,HIGH_BILL_WARNING
5,329.24,330.63,8612.45,102.8,125.86,Refrigeration,OPTIMIZE_REFRIGERATION
8,124.21,120.47,4065.74,10.48,24.04,Kitchen,GENERAL_ENERGY_SAVING
7,157.34,138.29,1186.43,6.84,33.74,Other,GENERAL_ENERGY_SAVING
11,313.98,395.35,8313.52,106.76,139.02,Water Heating,REDUCE_HEATING_USAGE
5,326.05,340.94,18535.71,147.48,161.51,Refrigeration,OPTIMIZE_REFRIGERATION
11,211.43,220.78,12866.54,61.03,69.8,Refrigeration,OPTIMIZE_REFRIGERATION
5,266.76,334.35,21332.97,117.01,143.79,Water Heating,REDUCE_HEATING_USAGE
12,173.35,173.78,4778.2,6.76,18.8,Lighting,GENERAL_ENERGY_SAVING
2,437.63,508.96,7351.06,154.23,188.88,Air Conditioning,REDUCE_COOLING_USAGE
7,287.88,288.34,7591.98,44.68,125.72,Lighting,REDUCE_LIGHTING_USAGE
5,218.56,246.04,12781.57,42.29,86.98,Lighting,REDUCE_LIGHTING_USAGE
11,192.73,208.29,5783.56,26.12,50.34,Lighting,REDUCE_LIGHTING_USAGE
2,351.63,354.82,14687.94,99.82,158.91,Refrigeration,OPTIMIZE_REFRIGERATION
6,600.29,701.38,54504.38,66.57,182.52,Other,HIGH_BILL_WARNING
1,273.75,276.93,5654.73,65.14,100.94,Heating,REDUCE_HEATING_USAGE
1,227.01,250.03,15294.03,104.85,122.34,Heating,REDUCE_HEATING_USAGE
11,161.85,150.3,5883.79,7.64,16.28,Other,GENERAL_ENERGY_SAVING
11,147.5,155.48,7216.68,11.87,36.86,Lighting,REDUCE_LIGHTING_USAGE
9,143.66,150.71,16354.4,43.2,48.64,Refrigeration,OPTIMIZE_REFRIGERATION
11,175.59,179.34,23093.02,40.15,47.26,Water Heating,REDUCE_HEATING_USAGE
7,548.57,629.24,26044.78,136.58,288.02,Cooling,REDUCE_COOLING_USAGE
6,161.47,143.54,6113.51,14.46,26.7,Other,GENERAL_ENERGY_SAVING
11,253.34,288.18,7566.14,65.35,83.48,Entertainment,REDUCE_HIGH_USAGE_APPLIANCE
9,249.31,299.29,27021.48,64.07,113.95,Cooling,REDUCE_COOLING_USAGE
5,363.46,381.5,13948.79,103.94,190.97,Cooling,REDUCE_COOLING_USAGE
12,196.12,225.14,13126.64,15.01,54.57,Lighting,REDUCE_LIGHTING_USAGE
3,471.87,472.39,19679.38,96.64,172.54,Heating,REDUCE_HEATING_USAGE
3,548.91,670.6,53723.32,73.33,131.48,Laundry,HIGH_BILL_WARNING
12,161.81,166.82,4495.21,13.47,25.97,Kitchen,GENERAL_ENERGY_SAVING
11,433.95,542.05,10764.45,107.67,125.87,Entertainment,REDUCE_HIGH_USAGE_APPLIANCE
1,536.86,663.61,44396.0,67.69,111.6,Cooling,HIGH_BILL_WARNING
2,401.5,496.7,9575.33,176.66,205.39,Heating,REDUCE_HEATING_USAGE
2,221.94,244.3,17550.27,57.36,97.09,Refrigeration,OPTIMIZE_REFRIGERATION
6,308.56,294.76,7666.1,46.59,90.96,Lighting,REDUCE_LIGHTING_USAGE
11,320.28,331.15,8069.93,86.76,132.71,Entertainment,REDUCE_HIGH_USAGE_APPLIANCE
7,155.64,148.98,9897.56,25.15,54.61,Lighting,REDUCE_LIGHTING_USAGE
7,141.33,137.91,2690.19,9.42,22.0,Other,GENERAL_ENERGY_SAVING
10,160.4,152.94,11373.63,27.34,46.58,Kitchen,OPTIMIZE_REFRIGERATION
1,193.42,240.33,7097.41,82.36,87.34,Other,REDUCE_HIGH_USAGE_APPLIANCE
7,292.39,338.12,19633.33,58.31,83.21,Heating,REDUCE_HEATING_USAGE
8,131.17,147.98,15446.9,17.1,43.47,Lighting,REDUCE_LIGHTING_USAGE
1,201.86,194.19,9903.27,37.89,67.04,Lighting,REDUCE_LIGHTING_USAGE
8,361.33,447.29,20694.42,86.66,126.54,Heating,REDUCE_HEATING_USAGE
4,370.48,369.77,10377.27,110.7,139.52,Refrigeration,OPTIMIZE_REFRIGERATION
8,145.63,152.34,3193.0,14.29,26.05,Kitchen,GENERAL_ENERGY_SAVING
1,119.63,119.82,14143.13,12.22,28.75,Lighting,REDUCE_LIGHTING_USAGE
2,233.77,298.7,11657.18,43.17,100.66,Cooling,REDUCE_COOLING_USAGE
10,417.28,541.82,44804.8,46.43,67.64,Entertainment,HIGH_BILL_WARNING
1,127.47,143.82,9392.81,25.35,32.56,Refrigeration,OPTIMIZE_REFRIGERATION
11,55.89,57.58,4378.94,9.37,16.55,Kitchen,GENERAL_ENERGY_SAVING
1,206.4,226.19,6257.3,53.4,62.31,Other,REDUCE_HIGH_USAGE_APPLIANCE
6,201.32,203.32,11181.31,35.67,63.45,Air Conditioning,REDUCE_COOLING_USAGE
4,314.16,331.15,17211.69,94.58,114.44,Cooling,REDUCE_COOLING_USAGE
1,188.76,213.03,5668.45,42.76,66.22,Refrigeration,OPTIMIZE_REFRIGERATION
9,441.93,455.35,6585.08,113.45,140.08,Heating,REDUCE_HEATING_USAGE
4,371.87,439.16,16935.35,88.25,99.27,Refrigeration,OPTIMIZE_REFRIGERATION
7,373.67,404.4,9966.75,117.92,146.01,Kitchen,OPTIMIZE_REFRIGERATION
8,361.35,410.91,22979.85,117.68,144.19,Other,REDUCE_HIGH_USAGE_APPLIANCE
11,359.65,394.28,5578.52,95.04,109.78,Refrigeration,OPTIMIZE_REFRIGERATION
1,333.67,352.7,11143.55,143.01,174.48,Laundry,REDUCE_HIGH_USAGE_APPLIANCE
3,380.76,399.97,53892.21,29.87,74.66,Other,HIGH_BILL_WARNING
6,137.23,127.22,4630.94,9.5,36.27,Entertainment,GENERAL_ENERGY_SAVING
3,95.82,101.58,7359.85,17.35,39.37,Lighting,REDUCE_LIGHTING_USAGE
6,153.34,151.9,5071.17,8.5,34.22,Kitchen,GENERAL_ENERGY_SAVING
2,519.47,584.56,40859.29,52.39,127.45,Kitchen,HIGH_BILL_WARNING
3,226.89,256.82,14466.28,91.81,115.81,Laundry,REDUCE_HIGH_USAGE_APPLIANCE
6,70.84,74.8,3848.0,5.94,13.65,Kitchen,GENERAL_ENERGY_SAVING
2,526.61,601.37,18003.64,124.35,166.49,Cooling,REDUCE_COOLING_USAGE
12,363.98,446.13,11946.43,91.1,97.1,Entertainment,REDUCE_HIGH_USAGE_APPLIANCE
10,107.33,124.42,13079.22,26.52,46.31,Lighting,REDUCE_LIGHTING_USAGE
7,154.17,165.12,14969.8,14.39,49.4,Lighting,REDUCE_LIGHTING_USAGE
9,154.24,176.34,4103.6,15.81,39.8,Lighting,REDUCE_LIGHTING_USAGE
9,195.41,194.75,8046.82,46.52,67.3,Other,REDUCE_HIGH_USAGE_APPLIANCE
10,391.5,402.57,12564.75,80.66,171.52,Cooling,REDUCE_COOLING_USAGE
6,272.24,277.5,20750.91,79.12,109.16,Entertainment,REDUCE_HIGH_USAGE_APPLIANCE
2,83.98,85.2,1832.89,9.77,21.51,Lighting,GENERAL_ENERGY_SAVING
10,422.11,471.64,22420.58,165.51,224.54,Cooling,REDUCE_COOLING_USAGE
7,302.93,374.32,22995.7,68.8,111.02,Water Heating,REDUCE_HEATING_USAGE
7,122.6,124.87,9142.76,14.85,27.02,Lighting,REDUCE_LIGHTING_USAGE
12,209.02,249.13,4990.26,79.69,89.96,Kitchen,OPTIMIZE_REFRIGERATION
11,501.6,583.19,18109.84,146.18,185.65,Other,REDUCE_HIGH_USAGE_APPLIANCE
6,440.73,558.57,16362.56,153.09,215.45,Cooling,REDUCE_COOLING_USAGE
3,436.87,525.27,38308.62,46.33,116.11,Laundry,HIGH_BILL_WARNING
10,231.43,281.62,12295.22,88.02,104.84,Entertainment,REDUCE_HIGH_USAGE_APPLIANCE
8,223.3,216.58,15416.17,39.85,94.74,Lighting,REDUCE_LIGHTING_USAGE
8,121.41,145.17,11933.4,22.93,34.48,Kitchen,OPTIMIZE_REFRIGERATION
5,312.84,398.87,22960.98,111.19,137.74,Heating,REDUCE_HEATING_USAGE
6,49.69,45.73,7132.9,4.55,11.4,Lighting,GENERAL_ENERGY_SAVING
12,189.38,198.12,4694.18,33.12,69.08,Lighting,REDUCE_LIGHTING_USAGE
2,548.46,554.55,7899.11,131.1,173.76,Cooling,REDUCE_COOLING_USAGE
5,215.74,274.87,10548.6,83.49,93.47,Heating,REDUCE_HEATING_USAGE
9,209.44,202.7,16113.14,53.79,77.3,Refrigeration,OPTIMIZE_REFRIGERATION
12,333.73,383.99,10000.86,90.1,174.33,Heating,REDUCE_HEATING_USAGE
8,328.29,357.28,9310.64,84.31,100.47,Kitchen,OPTIMIZE_REFRIGERATION
4,278.75,323.3,15539.03,91.59,136.37,Entertainment,REDUCE_HIGH_USAGE_APPLIANCE
1,176.57,194.28,13648.37,28.06,52.39,Lighting,REDUCE_LIGHTING_USAGE
4,484.86,549.3,21847.37,180.74,217.02,Other,REDUCE_HIGH_USAGE_APPLIANCE
2,371.04,400.66,15541.37,149.9,200.86,Kitchen,REDUCE_HIGH_USAGE_APPLIANCE
5,278.11,261.09,10585.58,26.76,59.4,Lighting,REDUCE_LIGHTING_USAGE
11,167.64,178.27,14310.4,31.82,55.6,Heating,REDUCE_HEATING_USAGE
7,134.3,140.08,11061.81,25.84,48.93,Lighting,REDUCE_LIGHTING_USAGE
9,655.71,788.92,50213.55,99.97,168.22,Entertainment,HIGH_BILL_WARNING
10,306.54,357.54,11589.89,58.66,108.38,Cooling,REDUCE_COOLING_USAGE
9,278.86,292.53,9675.14,49.79,116.42,Lighting,REDUCE_LIGHTING_USAGE
8,240.52,274.23,17393.13,64.65,80.53,Cooling,REDUCE_COOLING_USAGE
5,433.83,479.22,20166.57,182.88,198.8,Other,REDUCE_HIGH_USAGE_APPLIANCE
8,160.11,189.45,3553.22,30.63,57.76,Lighting,REDUCE_LIGHTING_USAGE
3,431.64,476.25,18899.57,182.66,243.18,Cooling,REDUCE_COOLING_USAGE
5,518.24,549.85,13848.66,124.91,215.81,Air Conditioning,REDUCE_COOLING_USAGE
2,212.9,243.24,11890.01,63.67,114.99,Heating,REDUCE_HEATING_USAGE
1,165.3,165.95,7180.0,10.85,36.86,Lighting,GENERAL_ENERGY_SAVING
4,254.9,324.19,18621.94,70.77,92.95,Heating,REDUCE_HEATING_USAGE
12,516.11,644.1,13459.85,78.74,165.89,Cooling,REDUCE_COOLING_USAGE
8,542.37,588.68,23269.63,135.77,215.61,Cooling,REDUCE_COOLING_USAGE
9,288.29,275.77,16297.21,79.97,105.75,Refrigeration,OPTIMIZE_REFRIGERATION
7,119.24,142.96,6358.06,9.22,37.83,Lighting,REDUCE_LIGHTING_USAGE
4,761.39,828.26,23435.34,54.82,148.95,Entertainment,HIGH_BILL_WARNING
5,240.83,278.06,12205.84,73.51,120.38,Refrigeration,OPTIMIZE_REFRIGERATION
10,504.16,627.15,27287.16,169.69,238.2,Air Conditioning,REDUCE_COOLING_USAGE
8,510.03,537.14,45910.53,50.73,76.66,Entertainment,HIGH_BILL_WARNING
9,111.16,105.88,14194.47,16.89,33.71,Lighting,REDUCE_LIGHTING_USAGE
11,412.5,429.16,8432.8,57.67,136.08,Cooling,REDUCE_COOLING_USAGE
11,368.18,462.06,45986.35,39.57,111.21,Entertainment,HIGH_BILL_WARNING
3,432.15,497.36,13414.9,198.8,221.0,Heating,REDUCE_HEATING_USAGE
4,422.84,553.32,55283.09,50.14,118.79,Other,HIGH_BILL_WARNING
1,276.5,332.5,8956.15,44.8,71.59,Heating,REDUCE_HEATING_USAGE
12,200.62,206.36,10853.77,72.08,98.17,Refrigeration,OPTIMIZE_REFRIGERATION
8,789.56,1041.31,44246.47,109.33,163.72,Cooling,HIGH_BILL_WARNING
3,158.07,136.99,3263.15,9.97,34.47,Kitchen,GENERAL_ENERGY_SAVING
6,415.11,491.83,14843.04,152.55,162.03,Entertainment,REDUCE_HIGH_USAGE_APPLIANCE
7,253.77,293.55,7609.4,39.97,88.05,Lighting,REDUCE_LIGHTING_USAGE
12,137.34,132.33,13518.15,35.11,58.98,Lighting,REDUCE_LIGHTING_USAGE
11,110.64,103.82,6987.35,7.86,20.91,Lighting,GENERAL_ENERGY_SAVING
2,291.69,368.21,14935.13,72.59,164.22,Cooling,REDUCE_COOLING_USAGE
8,339.39,360.28,10128.02,92.94,104.55,Refrigeration,OPTIMIZE_REFRIGERATION
6,74.4,66.6,2377.68,7.17,13.51,Other,GENERAL_ENERGY_SAVING
5,53.7,49.43,3910.69,4.26,12.43,Entertainment,GENERAL_ENERGY_SAVING
12,130.15,127.31,14580.5,18.96,49.61,Lighting,REDUCE_LIGHTING_USAGE
11,251.36,271.23,5205.03,50.23,85.59,Lighting,REDUCE_LIGHTING_USAGE
3,246.48,288.98,15783.93,39.97,70.46,Lighting,REDUCE_LIGHTING_USAGE
12,478.48,597.12,26923.65,94.18,152.09,Kitchen,HIGH_BILL_WARNING
12,305.69,343.53,19198.97,85.93,103.2,Heating,REDUCE_HEATING_USAGE
5,69.75,61.61,6112.58,3.39,13.8,Lighting,GENERAL_ENERGY_SAVING
7,622.23,754.97,30196.4,57.65,108.43,Entertainment,HIGH_BILL_WARNING
2,241.16,237.05,10950.45,39.28,76.11,Lighting,REDUCE_LIGHTING_USAGE
12,178.07,188.46,16505.35,44.49,51.58,Refrigeration,OPTIMIZE_REFRIGERATION
11,205.76,257.68,10765.24,64.27,91.09,Air Conditioning,REDUCE_COOLING_USAGE
12,463.84,501.34,12325.32,187.01,221.44,Other,REDUCE_HIGH_USAGE_APPLIANCE
7,418.25,438.18,25643.78,104.05,121.17,Other,REDUCE_HIGH_USAGE_APPLIANCE
8,299.34,370.11,15925.15,48.95,88.63,Water Heating,REDUCE_HEATING_USAGE
11,201.59,229.84,15440.17,12.5,40.8,Lighting,REDUCE_LIGHTING_USAGE
5,484.02,485.7,21998.32,178.8,261.35,Laundry,REDUCE_HIGH_USAGE_APPLIANCE
11,155.58,186.05,5918.75,46.97,75.77,Kitchen,OPTIMIZE_REFRIGERATION
6,277.26,292.22,7917.13,92.61,107.27,Kitchen,REDUCE_HIGH_USAGE_APPLIANCE
10,213.17,258.12,14907.47,35.26,94.09,Lighting,REDUCE_LIGHTING_USAGE
9,169.09,189.1,14376.56,25.21,48.43,Heating,REDUCE_HEATING_USAGE
11,178.26,184.3,25420.23,53.1,78.34,Entertainment,REDUCE_HIGH_USAGE_APPLIANCE
4,587.86,651.54,29031.3,63.44,97.2,Laundry,HIGH_BILL_WARNING
3,180.48,212.05,8648.94,44.52,96.33,Heating,REDUCE_HEATING_USAGE
6,320.72,365.64,5628.9,66.02,89.77,Heating,REDUCE_HEATING_USAGE
1,454.79,505.55,12485.32,117.66,125.95,Other,REDUCE_HIGH_USAGE_APPLIANCE
3,93.21,106.4,10911.71,9.17,34.06,Lighting,REDUCE_LIGHTING_USAGE
7,186.42,204.36,6110.62,60.75,73.58,Heating,REDUCE_HEATING_USAGE
6,480.03,554.13,25837.12,185.67,256.63,Entertainment,REDUCE_HIGH_USAGE_APPLIANCE
3,102.85,116.15,4348.68,5.4,23.96,Lighting,REDUCE_LIGHTING_USAGE
9,55.13,55.22,2607.02,5.89,15.24,Kitchen,GENERAL_ENERGY_SAVING
11,519.75,598.41,60293.11,63.27,163.9,Entertainment,HIGH_BILL_WARNING
10,159.93,181.95,5448.76,19.36,50.04,Lighting,REDUCE_LIGHTING_USAGE
8,673.16,709.6,50080.3,39.57,105.08,Entertainment,HIGH_BILL_WARNING
1,536.34,668.55,14050.74,195.67,268.71,Cooling,REDUCE_COOLING_USAGE
11,180.34,174.98,10233.12,34.81,75.59,Lighting,REDUCE_LIGHTING_USAGE
9,166.48,189.08,19618.27,38.33,45.9,Kitchen,REDUCE_HIGH_USAGE_APPLIANCE
2,429.34,519.98,16477.71,123.81,182.75,Heating,REDUCE_HEATING_USAGE
9,318.92,374.35,17517.79,71.52,102.59,Other,REDUCE_HIGH_USAGE_APPLIANCE
8,270.03,264.87,10860.34,49.27,89.55,Lighting,REDUCE_LIGHTING_USAGE
1,235.91,251.55,10237.0,81.64,111.02,Refrigeration,OPTIMIZE_REFRIGERATION
5,379.6,383.31,21863.67,142.57,155.58,Other,REDUCE_HIGH_USAGE_APPLIANCE
4,440.02,490.69,62549.32,55.85,146.09,Laundry,HIGH_BILL_WARNING
3,816.55,906.89,26228.95,118.55,224.89,Kitchen,HIGH_BILL_WARNING
12,299.98,303.17,5708.12,27.14,122.08,Lighting,REDUCE_LIGHTING_USAGE
5,413.61,426.1,25178.78,157.15,220.92,Other,REDUCE_HIGH_USAGE_APPLIANCE
12,549.85,710.51,12597.07,126.23,181.47,Cooling,REDUCE_COOLING_USAGE
8,284.25,342.15,7543.32,62.46,71.13,Heating,REDUCE_HEATING_USAGE
6,403.64,419.07,23731.91,102.56,133.56,Cooling,REDUCE_COOLING_USAGE
3,165.91,180.52,2464.49,6.5,18.37,Kitchen,GENERAL_ENERGY_SAVING
9,370.65,388.33,9848.65,91.56,145.79,Cooling,REDUCE_COOLING_USAGE
4,512.31,590.12,23814.15,133.49,184.68,Laundry,REDUCE_HIGH_USAGE_APPLIANCE
12,478.01,593.07,21295.87,159.98,229.45,Cooling,REDUCE_COOLING_USAGE
7,166.71,169.76,3623.29,20.19,69.55,Lighting,REDUCE_LIGHTING_USAGE
1,447.14,507.83,21926.36,60.14,143.15,Cooling,REDUCE_COOLING_USAGE
2,404.23,419.77,16319.09,137.52,201.17,Other,REDUCE_HIGH_USAGE_APPLIANCE
11,156.55,170.37,5063.78,56.9,63.68,Refrigeration,OPTIMIZE_REFRIGERATION
3,232.02,276.36,8659.24,69.69,85.75,Refrigeration,OPTIMIZE_REFRIGERATION
8,150.98,151.25,14813.09,34.8,42.2,Refrigeration,OPTIMIZE_REFRIGERATION
3,137.34,140.44,4638.81,39.29,47.82,Kitchen,OPTIMIZE_REFRIGERATION
10,360.17,366.57,12059.11,139.65,172.57,Other,REDUCE_HIGH_USAGE_APPLIANCE
10,289.06,291.05,6421.54,31.26,110.08,Lighting,REDUCE_LIGHTING_USAGE
10,748.92,851.36,61920.61,49.43,131.32,Other,HIGH_BILL_WARNING
8,182.04,200.82,15143.54,14.89,40.11,Lighting,REDUCE_LIGHTING_USAGE
8,118.59,111.52,7443.45,8.09,20.06,Kitchen,GENERAL_ENERGY_SAVING
4,824.4,1105.39,38898.34,129.16,262.12,Laundry,HIGH_BILL_WARNING
1,431.39,515.85,14755.86,80.36,132.73,Water Heating,REDUCE_HEATING_USAGE
5,245.96,269.61,14083.91,64.99,126.77,Water Heating,REDUCE_HEATING_USAGE
9,472.13,502.32,17427.34,114.46,122.44,Other,REDUCE_HIGH_USAGE_APPLIANCE
5,219.63,242.51,12220.41,62.37,91.99,Heating,REDUCE_HEATING_USAGE
7,44.31,43.58,5062.31,3.31,10.85,Entertainment,GENERAL_ENERGY_SAVING
8,446.31,471.09,6941.59,221.62,238.35,Other,REDUCE_HIGH_USAGE_APPLIANCE
7,278.55,283.37,19933.99,66.93,76.7,Entertainment,REDUCE_HIGH_USAGE_APPLIANCE
11,143.49,164.96,13078.75,17.03,46.92,Lighting,REDUCE_LIGHTING_USAGE
7,171.43,159.66,4909.02,12.02,41.89,Lighting,GENERAL_ENERGY_SAVING
3,137.84,144.9,17739.96,35.79,43.44,Kitchen,OPTIMIZE_REFRIGERATION
8,158.98,147.99,4877.69,18.74,42.33,Lighting,GENERAL_ENERGY_SAVING
3,491.64,580.06,12121.25,238.72,263.71,Other,REDUCE_HIGH_USAGE_APPLIANCE
10,251.72,227.66,9398.52,83.31,89.45,Kitchen,OPTIMIZE_REFRIGERATION
4,170.25,187.27,6025.78,16.94,33.31,Other,GENERAL_ENERGY_SAVING
11,192.83,206.17,5297.14,14.21,43.82,Lighting,REDUCE_LIGHTING_USAGE
5,148.22,133.27,5141.84,13.66,32.81,Entertainment,GENERAL_ENERGY_SAVING
3,134.49,124.84,8590.96,8.84,27.38,Lighting,REDUCE_LIGHTING_USAGE
6,199.08,199.68,13654.38,17.51,65.35,Lighting,REDUCE_LIGHTING_USAGE
5,155.95,159.65,15647.18,46.05,49.78,Kitchen,OPTIMIZE_REFRIGERATION
8,293.22,291.54,6806.81,38.45,80.26,Lighting,REDUCE_LIGHTING_USAGE
9,390.88,402.42,6579.87,89.08,101.44,Other,REDUCE_HIGH_USAGE_APPLIANCE
6,241.12,273.89,10562.32,53.54,65.18,Laundry,REDUCE_HIGH_USAGE_APPLIANCE
8,360.85,410.81,59995.69,24.99,66.22,Entertainment,HIGH_BILL_WARNING
3,556.66,728.72,36371.51,35.02,91.49,Kitchen,HIGH_BILL_WARNING
1,239.42,288.75,10149.21,45.04,88.79,Cooling,REDUCE_COOLING_USAGE
10,385.09,378.4,19411.82,106.33,171.85,Air Conditioning,REDUCE_COOLING_USAGE
5,676.01,727.97,62111.98,73.24,146.94,Cooling,HIGH_BILL_WARNING
2,787.6,897.0,43101.86,61.12,203.7,Other,HIGH_BILL_WARNING
7,111.0,115.31,13730.75,50.94,55.16,Kitchen,OPTIMIZE_REFRIGERATION
4,118.32,140.45,14177.35,13.36,24.42,Lighting,REDUCE_LIGHTING_USAGE
6,427.74,502.95,19244.6,126.17,142.12,Heating,REDUCE_HEATING_USAGE
10,796.0,882.46,54190.86,158.48,267.8,Kitchen,HIGH_BILL_WARNING
6,208.58,248.47,21824.12,55.09,77.97,Heating,REDUCE_HEATING_USAGE
7,71.34,73.41,3867.59,4.86,10.34,Entertainment,GENERAL_ENERGY_SAVING
9,531.06,665.07,50309.88,59.16,84.75,Other,HIGH_BILL_WARNING
5,432.9,505.23,22154.95,127.34,158.16,Kitchen,REDUCE_HIGH_USAGE_APPLIANCE
11,431.09,510.92,22976.95,169.53,227.64,Heating,REDUCE_HEATING_USAGE
2,158.21,158.14,2670.62,20.26,44.52,Other,GENERAL_ENERGY_SAVING
1,264.17,259.49,11181.06,66.58,111.7,Refrigeration,OPTIMIZE_REFRIGERATION
4,361.85,428.74,23722.88,30.91,74.01,Other,HIGH_BILL_WARNING
7,259.49,266.68,8351.82,24.88,90.18,Lighting,REDUCE_LIGHTING_USAGE
1,289.88,284.61,11224.37,26.82,103.66,Lighting,REDUCE_LIGHTING_USAGE
12,216.85,241.43,15864.85,60.87,87.02,Heating,REDUCE_HEATING_USAGE
10,314.21,353.96,15780.78,133.74,164.23,Other,REDUCE_HIGH_USAGE_APPLIANCE
10,384.7,415.61,9455.76,152.21,190.23,Cooling,REDUCE_COOLING_USAGE
3,111.03,95.58,3027.94,14.14,27.32,Kitchen,GENERAL_ENERGY_SAVING
6,413.03,455.18,21770.36,96.75,108.53,Heating,REDUCE_HEATING_USAGE
11,242.41,264.85,17382.82,44.36,93.63,Heating,REDUCE_HEATING_USAGE
7,192.29,206.57,7132.43,37.62,68.74,Heating,REDUCE_HEATING_USAGE
12,225.5,263.89,16657.77,43.66,73.09,Heating,REDUCE_HEATING_USAGE
2,614.98,649.4,40193.75,70.01,100.38,Kitchen,HIGH_BILL_WARNING
11,178.52,170.92,6984.47,27.61,50.01,Refrigeration,OPTIMIZE_REFRIGERATION
3,349.09,412.58,19874.43,86.91,158.71,Air Conditioning,REDUCE_COOLING_USAGE
8,200.88,242.2,6555.36,88.01,104.52,Kitchen,REDUCE_HIGH_USAGE_APPLIANCE
7,423.91,436.96,15014.15,164.24,181.2,Entertainment,REDUCE_HIGH_USAGE_APPLIANCE
8,135.82,134.92,4928.97,6.31,20.95,Kitchen,GENERAL_ENERGY_SAVING
5,209.68,227.49,5720.33,34.99,61.44,Lighting,REDUCE_LIGHTING_USAGE
4,290.87,319.23,25842.05,61.18,89.06,Laundry,REDUCE_HIGH_USAGE_APPLIANCE
2,231.02,239.0,16556.1,83.55,126.38,Kitchen,REDUCE_HIGH_USAGE_APPLIANCE
8,218.55,253.16,12487.54,110.62,118.87,Laundry,REDUCE_HIGH_USAGE_APPLIANCE
12,175.17,154.81,7014.07,7.28,24.25,Lighting,GENERAL_ENERGY_SAVING
4,503.52,509.76,12343.48,205.22,262.31,Other,REDUCE_HIGH_USAGE_APPLIANCE
12,652.56,713.5,49448.1,94.96,218.43,Other,HIGH_BILL_WARNING
10,322.04,346.25,12618.35,100.33,108.04,Kitchen,REDUCE_HIGH_USAGE_APPLIANCE
7,171.22,190.78,15416.02,61.23,81.88,Refrigeration,OPTIMIZE_REFRIGERATION
9,304.7,349.46,11802.56,44.83,76.56,Refrigeration,OPTIMIZE_REFRIGERATION
7,234.17,234.65,7164.07,26.02,97.67,Lighting,REDUCE_LIGHTING_USAGE
9,402.95,485.74,56113.38,50.27,100.63,Laundry,HIGH_BILL_WARNING
12,254.33,301.95,21119.85,54.69,98.47,Cooling,REDUCE_COOLING_USAGE
10,407.07,510.19,10301.9,116.13,181.29,Heating,REDUCE_HEATING_USAGE
1,159.84,149.4,4464.91,18.46,33.61,Entertainment,GENERAL_ENERGY_SAVING
9,396.34,414.82,15536.76,84.42,138.45,Cooling,REDUCE_COOLING_USAGE
9,470.09,514.92,8431.71,83.06,172.05,Cooling,REDUCE_COOLING_USAGE
5,572.24,677.43,59027.96,36.56,107.9,Laundry,HIGH_BILL_WARNING
9,147.96,162.14,7230.6,12.51,31.66,Other,GENERAL_ENERGY_SAVING
10,284.08,292.42,14737.36,92.06,100.54,Laundry,REDUCE_HIGH_USAGE_APPLIANCE
8,111.91,110.38,2764.32,11.58,31.92,Lighting,GENERAL_ENERGY_SAVING
7,475.52,563.22,17713.33,140.15,163.26,Laundry,REDUCE_HIGH_USAGE_APPLIANCE
11,269.2,319.01,19824.52,60.48,115.19,Water Heating,REDUCE_HEATING_USAGE
7,559.01,736.17,61241.37,63.13,191.27,Laundry,HIGH_BILL_WARNING
9,380.23,421.14,21186.05,112.22,165.7,Cooling,REDUCE_COOLING_USAGE
8,202.89,228.47,6190.05,52.55,88.4,Lighting,REDUCE_LIGHTING_USAGE
6,477.1,483.2,19949.72,91.23,138.78,Laundry,REDUCE_HIGH_USAGE_APPLIANCE
4,74.77,71.49,6475.53,6.15,11.46,Kitchen,GENERAL_ENERGY_SAVING
7,287.87,322.55,4151.76,46.6,110.68,Lighting,REDUCE_LIGHTING_USAGE
10,672.23,779.52,33869.35,43.67,126.91,Kitchen,HIGH_BILL_WARNING
4,106.08,99.91,7126.24,7.73,14.92,Kitchen,GENERAL_ENERGY_SAVING
4,253.63,281.99,11848.3,69.23,89.15,Refrigeration,OPTIMIZE_REFRIGERATION
1,361.1,403.73,23289.89,105.61,114.45,Kitchen,REDUCE_HIGH_USAGE_APPLIANCE
10,451.02,577.96,24172.44,45.56,132.77,Entertainment,HIGH_BILL_WARNING
3,412.49,524.46,23536.71,101.17,146.9,Heating,REDUCE_HEATING_USAGE
6,143.15,125.92,7326.95,14.37,34.64,Kitchen,GENERAL_ENERGY_SAVING
8,244.47,248.31,22658.97,81.34,127.74,Air Conditioning,REDUCE_COOLING_USAGE
11,299.18,321.4,10573.95,95.43,165.47,Cooling,REDUCE_COOLING_USAGE
12,208.88,227.24,4628.1,65.27,93.22,Refrigeration,OPTIMIZE_REFRIGERATION
4,361.29,438.22,6690.88,63.27,100.4,Heating,REDUCE_HEATING_USAGE
6,160.42,179.49,23444.45,57.71,74.94,Kitchen,REDUCE_HIGH_USAGE_APPLIANCE
10,387.73,477.47,25594.26,40.41,60.97,Cooling,HIGH_BILL_WARNING
5,303.07,355.63,23406.95,68.68,107.84,Cooling,REDUCE_COOLING_USAGE
12,155.46,141.15,6049.46,12.76,22.1,Kitchen,GENERAL_ENERGY_SAVING
6,134.32,156.19,12133.67,33.37,36.01,Refrigeration,OPTIMIZE_REFRIGERATION
8,104.68,91.26,5639.88,11.62,21.35,Other,GENERAL_ENERGY_SAVING
7,311.9,372.05,23741.74,75.89,110.68,Entertainment,REDUCE_HIGH_USAGE_APPLIANCE
4,191.9,221.23,11205.84,40.98,63.3,Refrigeration,OPTIMIZE_REFRIGERATION
6,334.95,344.99,20688.72,117.9,153.16,Heating,REDUCE_HEATING_USAGE
4,351.29,421.82,13172.06,77.04,122.18,Water Heating,REDUCE_HEATING_USAGE
4,163.02,152.02,6375.23,8.4,23.0,Entertainment,GENERAL_ENERGY_SAVING
5,194.76,232.65,20304.91,53.88,64.46,Cooling,REDUCE_COOLING_USAGE
7,687.1,761.82,33959.87,54.97,131.66,Entertainment,HIGH_BILL_WARNING
3,209.39,202.22,15559.42,27.88,61.01,Lighting,REDUCE_LIGHTING_USAGE
10,578.04,618.57,35134.49,102.18,167.75,Laundry,HIGH_BILL_WARNING
2,177.26,176.71,15916.44,64.58,69.73,Refrigeration,OPTIMIZE_REFRIGERATION
3,443.8,538.78,10955.67,117.07,173.36,Heating,REDUCE_HEATING_USAGE
7,172.58,169.49,6687.09,14.1,61.37,Lighting,REDUCE_LIGHTING_USAGE
11,317.84,335.54,18236.83,113.78,126.11,Refrigeration,OPTIMIZE_REFRIGERATION
12,423.94,425.94,7351.25,114.02,194.87,Cooling,REDUCE_COOLING_USAGE
10,140.17,159.39,12574.47,10.96,53.8,Lighting,REDUCE_LIGHTING_USAGE
9,510.07,606.78,14340.23,237.33,260.79,Entertainment,REDUCE_HIGH_USAGE_APPLIANCE
9,285.36,309.65,4864.54,17.71,60.26,Lighting,REDUCE_LIGHTING_USAGE
1,163.17,186.23,4243.74,17.38,34.53,Entertainment,GENERAL_ENERGY_SAVING
12,202.45,249.79,6196.32,40.04,74.66,Heating,REDUCE_HEATING_USAGE
8,167.49,157.28,6682.28,14.9,27.13,Other,GENERAL_ENERGY_SAVING
8,403.3,446.74,11197.3,74.98,132.62,Air Conditioning,REDUCE_COOLING_USAGE
2,325.9,405.07,17400.99,73.67,165.88,Cooling,REDUCE_COOLING_USAGE
2,819.41,917.98,46504.86,180.3,265.93,Entertainment,HIGH_BILL_WARNING
5,272.15,295.27,10903.88,41.21,114.13,Lighting,REDUCE_LIGHTING_USAGE
6,171.51,176.86,4282.43,7.84,30.27,Other,GENERAL_ENERGY_SAVING
9,211.9,242.85,13577.09,37.31,53.63,Kitchen,REDUCE_HIGH_USAGE_APPLIANCE
5,310.03,297.12,8391.33,65.23,96.78,Refrigeration,OPTIMIZE_REFRIGERATION
5,164.93,172.0,11523.59,24.52,66.91,Lighting,REDUCE_LIGHTING_USAGE
3,721.18,795.73,47634.48,128.18,226.02,Entertainment,HIGH_BILL_WARNING
3,365.46,398.07,12440.26,142.33,151.4,Entertainment,REDUCE_HIGH_USAGE_APPLIANCE
5,135.48,145.55,14172.68,17.27,32.46,Lighting,REDUCE_LIGHTING_USAGE
4,523.77,587.71,17026.42,241.8,304.05,Cooling,REDUCE_COOLING_USAGE
7,95.1,102.8,5442.66,14.9,28.3,Lighting,GENERAL_ENERGY_SAVING
10,771.57,989.45,30166.01,95.59,266.36,Cooling,HIGH_BILL_WARNING
10,256.88,293.46,8388.43,121.47,143.92,Air Conditioning,REDUCE_COOLING_USAGE
1,104.94,91.48,1898.43,11.92,24.42,Kitchen,GENERAL_ENERGY_SAVING
7,194.84,221.54,12659.98,13.22,44.59,Lighting,REDUCE_LIGHTING_USAGE
7,88.5,83.0,5281.98,4.11,12.31,Kitchen,GENERAL_ENERGY_SAVING
9,272.18,284.08,9377.91,26.9,75.32,Lighting,REDUCE_LIGHTING_USAGE
9,696.28,807.3,58962.98,75.75,162.36,Entertainment,HIGH_BILL_WARNING
12,278.51,280.56,4177.23,116.11,128.66,Kitchen,OPTIMIZE_REFRIGERATION
2,141.95,166.05,13784.81,23.28,42.04,Lighting,REDUCE_LIGHTING_USAGE
8,284.1,343.16,15236.64,109.7,127.99,Other,REDUCE_HIGH_USAGE_APPLIANCE
11,247.33,246.96,17066.0,74.2,112.29,Entertainment,REDUCE_HIGH_USAGE_APPLIANCE
11,249.64,251.65,12077.38,51.61,110.92,Cooling,REDUCE_COOLING_USAGE
9,209.07,232.99,13739.8,14.56,49.37,Lighting,REDUCE_LIGHTING_USAGE
7,161.35,176.48,6148.56,8.9,26.72,Kitchen,GENERAL_ENERGY_SAVING
2,257.55,276.97,16516.1,100.0,124.92,Cooling,REDUCE_COOLING_USAGE
11,249.81,283.92,18224.48,93.64,131.37,Entertainment,REDUCE_HIGH_USAGE_APPLIANCE
10,225.97,228.03,13291.32,9.61,46.4,Lighting,REDUCE_LIGHTING_USAGE
2,239.28,278.07,23340.95,96.07,118.29,Other,REDUCE_HIGH_USAGE_APPLIANCE
3,122.61,126.57,2133.17,10.69,18.22,Other,GENERAL_ENERGY_SAVING
11,315.2,370.45,11048.4,75.09,118.77,Kitchen,OPTIMIZE_REFRIGERATION
11,128.5,124.01,6636.11,17.11,55.31,Lighting,REDUCE_LIGHTING_USAGE
7,198.41,203.27,19748.6,50.75,85.9,Cooling,REDUCE_COOLING_USAGE
4,311.14,385.34,16638.95,83.77,100.72,Cooling,REDUCE_COOLING_USAGE
12,177.12,200.83,15681.25,18.51,37.76,Lighting,REDUCE_LIGHTING_USAGE
3,281.03,273.47,12914.7,40.27,119.55,Lighting,REDUCE_LIGHTING_USAGE
11,264.75,264.09,11237.01,62.45,110.25,Kitchen,OPTIMIZE_REFRIGERATION
5,343.51,358.97,10969.26,74.07,161.55,Heating,REDUCE_HEATING_USAGE
11,355.53,371.86,13323.45,123.61,180.81,Cooling,REDUCE_COOLING_USAGE
4,186.16,186.71,12072.9,48.4,81.35,Kitchen,OPTIMIZE_REFRIGERATION
3,445.26,506.72,8168.35,152.31,253.65,Air Conditioning,REDUCE_COOLING_USAGE
8,419.09,493.49,6274.18,56.11,106.74,Water Heating,REDUCE_HEATING_USAGE
2,234.21,273.23,25098.54,49.98,75.03,Entertainment,REDUCE_HIGH_USAGE_APPLIANCE
10,126.06,125.86,4224.18,7.19,35.75,Entertainment,GENERAL_ENERGY_SAVING
7,354.45,389.03,16441.87,126.44,170.28,Entertainment,REDUCE_HIGH_USAGE_APPLIANCE
10,368.81,377.79,21049.22,132.97,147.38,Kitchen,REDUCE_HIGH_USAGE_APPLIANCE
9,346.86,372.96,20677.61,139.05,172.95,Other,REDUCE_HIGH_USAGE_APPLIANCE
7,257.96,293.36,6299.95,92.21,97.12,Refrigeration,OPTIMIZE_REFRIGERATION
6,209.68,215.81,14888.37,22.43,52.16,Lighting,REDUCE_LIGHTING_USAGE
7,432.23,501.86,9342.6,113.09,164.27,Cooling,REDUCE_COOLING_USAGE
4,377.54,378.05,15506.11,65.74,104.94,Water Heating,REDUCE_HEATING_USAGE
3,132.56,143.33,12233.61,23.72,36.24,Refrigeration,OPTIMIZE_REFRIGERATION
1,434.37,545.51,25203.46,100.64,196.17,Cooling,REDUCE_COOLING_USAGE
6,375.8,478.31,11407.82,65.56,107.98,Heating,REDUCE_HEATING_USAGE
5,307.86,362.13,12252.06,89.45,151.37,Cooling,REDUCE_COOLING_USAGE
11,235.72,250.5,16203.76,18.1,56.64,Lighting,REDUCE_LIGHTING_USAGE
3,209.14,255.06,18186.83,95.72,113.94,Cooling,REDUCE_COOLING_USAGE
1,95.61,98.56,9099.86,11.75,39.96,Lighting,REDUCE_LIGHTING_USAGE
11,297.59,321.77,5392.53,26.36,97.69,Lighting,REDUCE_LIGHTING_USAGE
9,52.83,53.76,3137.24,2.93,6.67,Kitchen,GENERAL_ENERGY_SAVING
7,291.09,320.72,9932.45,69.99,93.7,Kitchen,OPTIMIZE_REFRIGERATION
1,160.18,169.39,17105.35,28.98,42.5,Entertainment,REDUCE_HIGH_USAGE_APPLIANCE
11,365.64,371.47,25970.13,149.66,170.47,Laundry,REDUCE_HIGH_USAGE_APPLIANCE
7,328.93,336.5,19558.77,90.72,151.96,Cooling,REDUCE_COOLING_USAGE
4,262.17,304.53,23682.91,90.8,135.85,Entertainment,REDUCE_HIGH_USAGE_APPLIANCE
2,235.59,239.66,9096.72,55.22,65.36,Kitchen,REDUCE_HIGH_USAGE_APPLIANCE
4,284.61,328.28,20573.56,66.75,122.79,Heating,REDUCE_HEATING_USAGE
10,289.97,313.35,19191.67,42.76,93.81,Heating,REDUCE_HEATING_USAGE
7,536.27,558.92,22208.55,249.0,316.37,Cooling,REDUCE_COOLING_USAGE
6,365.02,368.0,18172.26,70.4,99.45,Entertainment,REDUCE_HIGH_USAGE_APPLIANCE
1,271.0,260.13,13658.88,39.46,107.84,Lighting,REDUCE_LIGHTING_USAGE
9,444.62,499.98,22817.33,110.94,217.34,Air Conditioning,REDUCE_COOLING_USAGE
11,416.25,545.52,7022.99,147.27,171.44,Kitchen,REDUCE_HIGH_USAGE_APPLIANCE
7,233.63,251.94,14325.4,49.7,72.17,Kitchen,OPTIMIZE_REFRIGERATION
2,416.06,492.39,24955.08,122.16,146.03,Air Conditioning,REDUCE_COOLING_USAGE
5,170.6,166.28,7278.71,21.6,38.06,Entertainment,GENERAL_ENERGY_SAVING
4,204.96,199.27,13564.45,24.51,59.02,Lighting,REDUCE_LIGHTING_USAGE
10,175.27,178.73,3282.46,23.82,45.43,Lighting,GENERAL_ENERGY_SAVING
2,301.4,316.07,5532.63,55.85,92.07,Kitchen,OPTIMIZE_REFRIGERATION
10,211.41,217.47,8571.44,55.28,71.89,Cooling,REDUCE_COOLING_USAGE
2,477.04,542.92,22053.94,96.2,196.67,Heating,REDUCE_HEATING_USAGE
6,256.98,327.02,9685.48,61.91,73.0,Heating,REDUCE_HEATING_USAGE
8,131.56,162.04,4439.31,28.84,60.34,Lighting,REDUCE_LIGHTING_USAGE
8,49.9,47.94,7037.75,5.04,12.88,Lighting,GENERAL_ENERGY_SAVING
4,92.43,92.45,1550.04,5.26,22.23,Entertainment,GENERAL_ENERGY_SAVING
5,273.58,303.01,22121.31,69.94,76.31,Other,REDUCE_HIGH_USAGE_APPLIANCE
11,496.89,683.53,55129.08,57.19,105.2,Cooling,HIGH_BILL_WARNING
5,311.99,349.46,8064.37,84.86,115.9,Kitchen,REDUCE_HIGH_USAGE_APPLIANCE
3,392.32,493.61,20537.92,148.7,174.84,Laundry,REDUCE_HIGH_USAGE_APPLIANCE
4,333.21,337.79,9799.2,89.67,142.84,Refrigeration,OPTIMIZE_REFRIGERATION
8,360.32,353.02,16913.56,76.5,133.17,Refrigeration,OPTIMIZE_REFRIGERATION
7,377.76,363.67,14730.64,67.62,103.54,Water Heating,REDUCE_HEATING_USAGE
10,267.47,274.75,4564.4,44.21,96.63,Lighting,REDUCE_LIGHTING_USAGE
12,288.72,283.84,10590.2,53.11,75.94,Refrigeration,OPTIMIZE_REFRIGERATION
8,455.02,577.14,17420.27,158.66,189.29,Cooling,REDUCE_COOLING_USAGE
12,111.25,100.03,3916.38,5.29,18.51,Other,GENERAL_ENERGY_SAVING
3,379.26,376.76,5680.22,90.4,104.94,Kitchen,OPTIMIZE_REFRIGERATION
9,744.99,827.72,55757.12,138.28,255.61,Other,HIGH_BILL_WARNING
8,305.53,334.77,17152.63,85.06,109.84,Refrigeration,OPTIMIZE_REFRIGERATION
6,144.33,164.38,6855.58,42.53,57.55,Heating,REDUCE_HEATING_USAGE
8,179.85,194.89,10618.94,10.82,44.44,Lighting,REDUCE_LIGHTING_USAGE
11,397.02,506.79,20278.17,84.73,102.12,Heating,REDUCE_HEATING_USAGE
8,682.48,752.86,49197.13,104.03,211.04,Laundry,HIGH_BILL_WARNING
10,647.17,819.37,28090.82,97.94,193.48,Kitchen,HIGH_BILL_WARNING
5,84.16,74.72,1168.3,10.0,16.88,Entertainment,GENERAL_ENERGY_SAVING
11,455.57,471.95,7788.1,144.19,155.4,Kitchen,REDUCE_HIGH_USAGE_APPLIANCE
12,373.12,392.07,15922.01,49.18,104.52,Heating,REDUCE_HEATING_USAGE
2,383.89,515.49,41482.61,66.41,97.45,Kitchen,HIGH_BILL_WARNING
7,379.54,379.68,16061.43,155.62,220.63,Cooling,REDUCE_COOLING_USAGE
12,374.45,435.35,12378.53,119.59,183.08,Refrigeration,OPTIMIZE_REFRIGERATION
1,631.77,724.57,27464.36,68.7,195.13,Kitchen,HIGH_BILL_WARNING
2,237.73,243.45,11230.89,21.92,80.82,Lighting,REDUCE_LIGHTING_USAGE
5,392.72,423.48,8520.11,74.25,165.78,Cooling,REDUCE_COOLING_USAGE
1,411.72,520.39,42797.53,81.7,125.74,Other,HIGH_BILL_WARNING
1,555.83,653.98,46490.66,115.33,174.64,Cooling,HIGH_BILL_WARNING
4,453.47,471.83,20149.79,146.23,184.7,Heating,REDUCE_HEATING_USAGE
12,180.68,199.25,23785.19,40.57,62.19,Entertainment,REDUCE_HIGH_USAGE_APPLIANCE
6,345.85,424.65,19807.59,76.7,113.95,Water Heating,REDUCE_HEATING_USAGE
4,353.21,362.36,9585.48,98.33,113.78,Kitchen,OPTIMIZE_REFRIGERATION
6,142.47,145.33,7136.27,41.3,56.58,Refrigeration,OPTIMIZE_REFRIGERATION
11,382.31,488.96,29911.04,44.59,80.04,Laundry,HIGH_BILL_WARNING
6,451.45,571.03,20024.14,123.69,219.37,Cooling,REDUCE_COOLING_USAGE
9,288.29,321.63,6064.88,68.14,117.56,Kitchen,OPTIMIZE_REFRIGERATION
1,498.87,559.3,19157.3,190.72,290.58,Cooling,REDUCE_COOLING_USAGE
5,482.53,638.13,39947.88,32.41,96.74,Cooling,HIGH_BILL_WARNING
7,643.96,894.75,23937.23,76.22,173.76,Laundry,HIGH_BILL_WARNING
6,276.57,284.71,22442.41,106.88,149.42,Air Conditioning,REDUCE_COOLING_USAGE
8,645.74,860.35,37483.59,46.07,113.61,Entertainment,HIGH_BILL_WARNING
4,370.1,355.06,6030.53,118.73,154.45,Refrigeration,OPTIMIZE_REFRIGERATION
10,338.5,447.75,16864.56,82.53,142.74,Water Heating,REDUCE_HEATING_USAGE
4,543.59,606.93,10647.95,267.05,315.59,Cooling,REDUCE_COOLING_USAGE
4,783.63,922.17,24133.56,120.86,179.55,Other,HIGH_BILL_WARNING
12,310.24,357.75,4071.93,21.79,63.34,Lighting,REDUCE_LIGHTING_USAGE
5,347.55,361.46,22716.96,105.32,147.3,Cooling,REDUCE_COOLING_USAGE
1,258.51,283.28,13480.69,52.03,70.85,Water Heating,REDUCE_HEATING_USAGE
1,264.06,292.54,10592.87,111.82,120.36,Laundry,REDUCE_HIGH_USAGE_APPLIANCE
9,228.4,295.54,21819.02,47.66,79.59,Cooling,REDUCE_COOLING_USAGE
4,161.8,166.8,6925.62,11.11,53.08,Lighting,REDUCE_LIGHTING_USAGE
6,434.48,532.93,6227.75,125.43,147.71,Water Heating,REDUCE_HEATING_USAGE
4,201.41,198.67,5671.05,54.36,60.26,Refrigeration,OPTIMIZE_REFRIGERATION
11,165.04,190.4,11584.87,49.29,58.07,Refrigeration,OPTIMIZE_REFRIGERATION
5,356.94,518.08,44801.72,55.39,131.96,Other,HIGH_BILL_WARNING
6,400.69,436.0,12862.76,105.58,130.42,Other,REDUCE_HIGH_USAGE_APPLIANCE
1,139.94,152.17,9311.48,33.28,36.98,Kitchen,OPTIMIZE_REFRIGERATION
8,57.55,63.1,5861.64,4.96,13.45,Lighting,GENERAL_ENERGY_SAVING
11,251.31,254.53,11240.3,57.51,81.3,Cooling,REDUCE_COOLING_USAGE
2,290.81,300.05,7671.91,30.47,97.33,Lighting,REDUCE_LIGHTING_USAGE
9,255.65,306.48,9782.73,87.68,104.17,Kitchen,REDUCE_HIGH_USAGE_APPLIANCE
5,253.11,266.09,6239.1,63.72,98.9,Kitchen,OPTIMIZE_REFRIGERATION
10,416.26,412.55,24655.53,143.86,218.63,Other,REDUCE_HIGH_USAGE_APPLIANCE
5,69.83,64.02,3079.74,7.76,13.19,Entertainment,GENERAL_ENERGY_SAVING
1,83.41,83.3,3381.85,2.59,8.41,Other,GENERAL_ENERGY_SAVING
12,92.99,94.69,8601.08,15.36,33.64,Lighting,REDUCE_LIGHTING_USAGE
12,104.85,96.28,3062.4,6.75,12.33,Kitchen,GENERAL_ENERGY_SAVING
9,240.77,277.78,23252.45,51.69,73.77,Heating,REDUCE_HEATING_USAGE
6,180.13,183.35,6277.54,15.28,40.58,Other,GENERAL_ENERGY_SAVING
11,217.96,237.93,13094.77,45.8,70.79,Refrigeration,OPTIMIZE_REFRIGERATION
7,529.06,682.9,37870.45,82.46,184.93,Entertainment,HIGH_BILL_WARNING
3,440.93,548.26,24235.7,128.1,183.35,Air Conditioning,REDUCE_COOLING_USAGE
12,255.1,257.28,7009.45,28.48,82.51,Lighting,REDUCE_LIGHTING_USAGE
8,189.65,212.74,8817.14,49.52,64.55,Kitchen,OPTIMIZE_REFRIGERATION
9,279.1,304.95,13603.87,102.57,116.88,Laundry,REDUCE_HIGH_USAGE_APPLIANCE
12,247.47,282.44,9259.07,98.6,115.76,Refrigeration,OPTIMIZE_REFRIGERATION
1,777.11,846.34,34818.98,114.58,230.83,Kitchen,HIGH_BILL_WARNING
11,91.68,96.84,15927.77,10.34,30.58,Lighting,REDUCE_LIGHTING_USAGE
2,162.06,190.49,6162.65,10.58,40.64,Lighting,REDUCE_LIGHTING_USAGE
5,50.5,54.02,4345.59,2.98,5.07,Kitchen,GENERAL_ENERGY_SAVING
12,339.87,402.33,23063.46,127.49,178.91,Laundry,REDUCE_HIGH_USAGE_APPLIANCE
5,173.31,153.23,3487.99,10.43,19.44,Other,GENERAL_ENERGY_SAVING
8,170.0,173.61,18513.28,49.71,55.68,Heating,REDUCE_HEATING_USAGE
2,164.44,165.74,13445.06,36.63,64.61,Lighting,REDUCE_LIGHTING_USAGE
11,303.91,302.97,7633.41,88.87,125.19,Refrigeration,OPTIMIZE_REFRIGERATION
1,52.54,55.55,2381.11,2.46,8.05,Kitchen,GENERAL_ENERGY_SAVING
1,452.02,546.72,16893.4,152.95,246.2,Heating,REDUCE_HEATING_USAGE
11,205.54,263.12,23148.41,37.15,63.62,Air Conditioning,REDUCE_COOLING_USAGE
12,63.29,63.55,4714.39,4.54,12.47,Entertainment,GENERAL_ENERGY_SAVING
9,418.7,561.84,39389.4,30.3,84.63,Cooling,HIGH_BILL_WARNING
10,186.57,209.15,24344.08,37.52,57.98,Cooling,REDUCE_COOLING_USAGE
9,138.41,125.93,5181.07,7.43,28.74,Entertainment,GENERAL_ENERGY_SAVING
9,294.31,282.86,11796.49,93.96,129.56,Cooling,REDUCE_COOLING_USAGE
10,146.67,139.9,7247.79,21.7,38.89,Entertainment,GENERAL_ENERGY_SAVING
9,508.8,629.85,23535.36,207.91,266.69,Laundry,REDUCE_HIGH_USAGE_APPLIANCE
4,159.28,178.99,23021.85,65.75,82.43,Heating,REDUCE_HEATING_USAGE
4,110.8,116.51,12957.06,17.95,39.38,Lighting,REDUCE_LIGHTING_USAGE
5,512.95,590.15,24375.7,50.89,78.08,Laundry,HIGH_BILL_WARNING
9,87.75,78.58,6491.22,7.16,22.27,Other,GENERAL_ENERGY_SAVING
4,270.65,267.24,17362.52,83.14,120.63,Heating,REDUCE_HEATING_USAGE
10,542.12,559.96,16066.03,86.34,208.53,Air Conditioning,REDUCE_COOLING_USAGE
1,296.43,303.63,17429.89,76.96,115.04,Refrigeration,OPTIMIZE_REFRIGERATION
10,368.07,467.04,39039.47,53.08,78.02,Kitchen,HIGH_BILL_WARNING
5,432.34,480.36,22226.97,118.14,166.07,Laundry,REDUCE_HIGH_USAGE_APPLIANCE
12,387.06,398.95,12692.09,115.93,179.12,Cooling,REDUCE_COOLING_USAGE
8,197.0,208.77,17304.55,74.59,92.75,Heating,REDUCE_HEATING_USAGE
1,438.17,447.51,9529.21,121.62,140.76,Heating,REDUCE_HEATING_USAGE
7,298.72,364.03,16276.05,63.31,143.83,Air Conditioning,REDUCE_COOLING_USAGE
1,417.32,475.55,33535.42,53.66,120.74,Other,HIGH_BILL_WARNING
6,105.39,104.79,12398.85,13.29,26.17,Lighting,REDUCE_LIGHTING_USAGE
10,162.65,175.74,15668.77,23.54,60.64,Lighting,REDUCE_LIGHTING_USAGE
11,133.35,147.38,7815.6,9.4,32.73,Lighting,REDUCE_LIGHTING_USAGE
3,409.63,434.9,8173.25,101.22,211.47,Heating,REDUCE_HEATING_USAGE
5,418.82,524.53,38300.13,64.43,105.14,Laundry,HIGH_BILL_WARNING
8,132.0,128.29,1673.4,11.13,21.31,Kitchen,GENERAL_ENERGY_SAVING
3,369.7,414.3,20469.49,105.65,151.22,Cooling,REDUCE_COOLING_USAGE
2,186.93,240.52,23711.44,60.66,74.68,Cooling,REDUCE_COOLING_USAGE
8,275.61,321.79,11326.58,25.64,97.67,Lighting,REDUCE_LIGHTING_USAGE
4,183.8,175.71,19339.66,41.57,61.97,Cooling,REDUCE_COOLING_USAGE
5,704.97,786.13,22794.05,102.72,210.71,Kitchen,HIGH_BILL_WARNING
12,118.13,105.0,2454.76,7.64,17.43,Other,GENERAL_ENERGY_SAVING
7,216.9,257.63,21980.26,86.75,118.55,Entertainment,REDUCE_HIGH_USAGE_APPLIANCE
10,303.44,302.98,6949.07,20.32,75.06,Lighting,REDUCE_LIGHTING_USAGE
12,573.48,724.58,49707.06,105.9,176.16,Kitchen,HIGH_BILL_WARNING
8,360.61,376.34,24774.05,107.7,125.7,Laundry,REDUCE_HIGH_USAGE_APPLIANCE
1,725.5,776.08,31176.16,62.7,125.94,Laundry,HIGH_BILL_WARNING
2,279.31,291.54,13294.8,51.27,97.8,Cooling,REDUCE_COOLING_USAGE
4,453.38,470.45,19847.66,116.15,228.82,Heating,REDUCE_HEATING_USAGE
12,350.99,467.58,22221.4,116.94,134.57,Heating,REDUCE_HEATING_USAGE
3,69.67,73.89,6003.4,7.68,14.23,Entertainment,GENERAL_ENERGY_SAVING
12,161.64,158.78,9307.98,36.72,64.45,Kitchen,OPTIMIZE_REFRIGERATION
6,172.88,182.89,7660.05,33.57,60.6,Lighting,REDUCE_LIGHTING_USAGE
11,387.39,424.81,13891.36,88.73,120.33,Entertainment,REDUCE_HIGH_USAGE_APPLIANCE
7,238.98,286.17,13404.11,39.47,64.08,Kitchen,OPTIMIZE_REFRIGERATION
9,42.04,38.6,5142.22,6.98,12.22,Kitchen,GENERAL_ENERGY_SAVING
11,348.16,416.39,8514.15,99.51,136.3,Kitchen,REDUCE_HIGH_USAGE_APPLIANCE
4,228.52,268.0,12668.93,37.48,84.23,Air Conditioning,REDUCE_COOLING_USAGE
10,225.81,264.07,8104.0,87.64,105.74,Refrigeration,OPTIMIZE_REFRIGERATION
1,206.58,248.59,10682.95,51.72,71.91,Heating,REDUCE_HEATING_USAGE
3,439.79,570.03,26119.41,30.31,66.72,Laundry,HIGH_BILL_WARNING
8,413.09,505.23,41277.95,44.4,115.55,Other,HIGH_BILL_WARNING
7,46.3,47.33,1824.23,1.82,8.02,Entertainment,GENERAL_ENERGY_SAVING
10,485.85,449.58,19485.97,167.5,191.54,Water Heating,REDUCE_HEATING_USAGE
12,137.01,131.46,15323.46,25.93,59.03,Lighting,REDUCE_LIGHTING_USAGE
12,253.32,263.22,5191.01,68.2,73.91,Kitchen,OPTIMIZE_REFRIGERATION
12,460.93,571.69,26510.77,97.99,237.94,Cooling,REDUCE_COOLING_USAGE
4,414.87,489.74,7925.35,135.9,179.93,Other,REDUCE_HIGH_USAGE_APPLIANCE
7,196.64,213.16,18083.29,52.35,58.33,Refrigeration,OPTIMIZE_REFRIGERATION
12,84.24,80.36,6726.3,2.95,9.51,Entertainment,GENERAL_ENERGY_SAVING
5,263.99,303.86,12718.2,51.61,89.89,Refrigeration,OPTIMIZE_REFRIGERATION
8,206.85,217.2,15182.14,68.95,80.87,Heating,REDUCE_HEATING_USAGE
12,293.3,344.47,15935.58,82.82,129.63,Cooling,REDUCE_COOLING_USAGE
4,532.78,576.18,49846.77,57.94,176.51,Other,HIGH_BILL_WARNING
7,320.34,306.87,9863.86,92.7,106.93,Kitchen,OPTIMIZE_REFRIGERATION
10,154.49,150.91,1108.25,9.67,46.29,Lighting,GENERAL_ENERGY_SAVING
5,395.51,428.41,21841.82,93.91,174.26,Water Heating,REDUCE_HEATING_USAGE
11,403.02,438.69,26862.93,45.54,96.04,Entertainment,HIGH_BILL_WARNING
4,406.81,453.44,21577.19,186.92,220.63,Kitchen,REDUCE_HIGH_USAGE_APPLIANCE
7,233.18,291.02,13220.14,98.14,116.28,Kitchen,REDUCE_HIGH_USAGE_APPLIANCE
4,328.47,332.21,13936.74,86.48,99.71,Kitchen,REDUCE_HIGH_USAGE_APPLIANCE
11,452.88,501.79,18381.59,103.39,117.25,Laundry,REDUCE_HIGH_USAGE_APPLIANCE
2,98.63,84.81,6697.6,12.4,28.16,Entertainment,GENERAL_ENERGY_SAVING
10,327.27,357.17,15871.71,109.03,179.44,Cooling,REDUCE_COOLING_USAGE
11,163.08,163.11,7134.4,12.31,38.74,Lighting,GENERAL_ENERGY_SAVING
8,110.87,99.83,5848.87,12.54,31.16,Other,GENERAL_ENERGY_SAVING
1,58.93,55.45,1334.77,3.72,13.37,Other,GENERAL_ENERGY_SAVING
6,141.53,165.03,22194.14,53.62,63.4,Heating,REDUCE_HEATING_USAGE
6,397.8,433.27,10547.7,157.23,214.47,Water Heating,REDUCE_HEATING_USAGE
1,792.16,923.17,57615.7,105.16,276.05,Kitchen,HIGH_BILL_WARNING
9,635.33,762.86,51333.51,72.68,149.33,Cooling,HIGH_BILL_WARNING
10,452.06,483.94,18472.56,108.89,126.97,Heating,REDUCE_HEATING_USAGE
10,82.8,71.7,5491.46,7.6,14.04,Kitchen,GENERAL_ENERGY_SAVING
1,519.67,700.08,21326.17,192.39,304.29,Air Conditioning,REDUCE_COOLING_USAGE
5,117.36,94.54,1243.15,8.95,25.26,Lighting,GENERAL_ENERGY_SAVING
4,161.83,185.09,23356.03,33.28,64.79,Heating,REDUCE_HEATING_USAGE
12,204.03,195.05,13806.32,49.25,66.45,Kitchen,OPTIMIZE_REFRIGERATION
4,283.28,349.52,15600.9,85.37,90.27,Kitchen,REDUCE_HIGH_USAGE_APPLIANCE
11,290.78,325.36,8652.28,59.86,93.84,Heating,REDUCE_HEATING_USAGE
2,378.14,476.48,17001.51,133.3,167.31,Air Conditioning,REDUCE_COOLING_USAGE
5,143.96,138.95,16978.77,59.74,64.85,Kitchen,OPTIMIZE_REFRIGERATION
1,82.86,70.78,2705.78,4.36,10.88,Entertainment,GENERAL_ENERGY_SAVING
8,360.91,413.16,6147.8,96.15,111.6,Refrigeration,OPTIMIZE_REFRIGERATION
9,538.77,661.54,10232.29,95.95,171.34,Cooling,REDUCE_COOLING_USAGE
10,129.64,114.73,4396.2,13.11,26.66,Lighting,GENERAL_ENERGY_SAVING
5,338.37,383.24,22908.96,74.84,95.32,Heating,REDUCE_HEATING_USAGE
7,247.41,250.14,16300.71,57.87,66.85,Entertainment,REDUCE_HIGH_USAGE_APPLIANCE
11,74.87,81.09,1476.33,3.16,8.81,Lighting,GENERAL_ENERGY_SAVING
2,168.19,167.37,8275.14,14.25,34.65,Lighting,REDUCE_LIGHTING_USAGE
11,242.06,247.83,17921.3,70.22,80.74,Kitchen,REDUCE_HIGH_USAGE_APPLIANCE
11,485.99,617.24,15482.7,109.43,234.79,Cooling,REDUCE_COOLING_USAGE
12,258.01,284.23,7655.49,62.02,68.89,Refrigeration,OPTIMIZE_REFRIGERATION
6,265.23,260.01,9804.94,38.92,77.5,Lighting,REDUCE_LIGHTING_USAGE
6,200.3,226.77,19826.35,40.47,64.02,Water Heating,REDUCE_HEATING_USAGE
4,219.36,229.07,18895.87,79.61,99.87,Refrigeration,OPTIMIZE_REFRIGERATION
5,295.56,315.36,3504.42,39.79,69.17,Lighting,REDUCE_LIGHTING_USAGE
12,308.97,366.65,15496.65,43.48,122.14,Lighting,REDUCE_LIGHTING_USAGE
3,172.14,144.05,1187.17,16.35,35.33,Entertainment,GENERAL_ENERGY_SAVING
12,288.2,314.47,9971.61,66.63,116.11,Refrigeration,OPTIMIZE_REFRIGERATION
1,352.03,370.36,50335.4,32.31,54.71,Entertainment,HIGH_BILL_WARNING
8,186.42,215.24,14653.86,48.6,82.32,Refrigeration,OPTIMIZE_REFRIGERATION
7,244.07,276.73,6438.78,61.76,88.03,Kitchen,OPTIMIZE_REFRIGERATION
8,468.41,508.45,9532.64,170.99,246.27,Air Conditioning,REDUCE_COOLING_USAGE
9,371.67,445.86,55157.8,49.33,87.28,Laundry,HIGH_BILL_WARNING
1,763.79,928.75,27044.77,80.22,150.09,Kitchen,HIGH_BILL_WARNING
4,547.98,580.72,20986.17,126.17,285.28,Air Conditioning,REDUCE_COOLING_USAGE
1,547.56,597.14,24970.13,106.77,213.6,Cooling,REDUCE_COOLING_USAGE
4,139.52,124.55,6203.01,4.95,19.12,Kitchen,GENERAL_ENERGY_SAVING
1,141.34,140.08,13078.09,37.66,40.0,Refrigeration,OPTIMIZE_REFRIGERATION
2,640.39,705.02,51559.16,49.78,155.5,Laundry,HIGH_BILL_WARNING
11,623.13,685.7,42093.99,71.24,140.77,Entertainment,HIGH_BILL_WARNING
10,361.19,417.19,17197.28,91.62,160.07,Air Conditioning,REDUCE_COOLING_USAGE
12,210.74,234.69,8183.14,21.67,80.77,Lighting,REDUCE_LIGHTING_USAGE
8,432.93,444.41,8611.01,132.69,161.21,Heating,REDUCE_HEATING_USAGE
1,407.36,484.78,15049.64,143.11,171.51,Cooling,REDUCE_COOLING_USAGE
11,650.15,821.18,45494.53,69.88,120.66,Kitchen,HIGH_BILL_WARNING
5,459.71,464.0,18423.48,178.13,209.46,Entertainment,REDUCE_HIGH_USAGE_APPLIANCE
8,482.33,493.74,8848.42,137.47,208.97,Air Conditioning,REDUCE_COOLING_USAGE
11,175.28,205.52,15262.39,41.53,78.85,Lighting,REDUCE_LIGHTING_USAGE
11,227.12,225.56,15889.55,44.78,87.74,Lighting,REDUCE_LIGHTING_USAGE
1,133.97,123.07,6204.65,9.05,39.33,Kitchen,GENERAL_ENERGY_SAVING
4,137.71,148.8,7310.98,44.64,53.31,Refrigeration,OPTIMIZE_REFRIGERATION
3,480.81,598.25,42961.84,34.2,78.57,Laundry,HIGH_BILL_WARNING
12,334.75,348.6,20345.53,67.2,138.96,Cooling,REDUCE_COOLING_USAGE
7,696.24,849.36,30386.54,67.51,134.03,Laundry,HIGH_BILL_WARNING
10,192.15,197.63,5972.26,31.91,83.44,Lighting,REDUCE_LIGHTING_USAGE
1,495.6,506.73,13578.31,100.18,140.79,Other,REDUCE_HIGH_USAGE_APPLIANCE
9,254.98,300.29,15141.65,20.33,55.31,Lighting,REDUCE_LIGHTING_USAGE
2,306.98,333.81,10593.05,74.04,118.91,Kitchen,OPTIMIZE_REFRIGERATION
7,206.74,227.43,13382.67,24.35,75.39,Lighting,REDUCE_LIGHTING_USAGE
1,441.58,494.24,13324.29,84.84,126.38,Heating,REDUCE_HEATING_USAGE
3,220.67,222.45,10352.41,36.53,79.32,Water Heating,REDUCE_HEATING_USAGE
4,135.36,142.29,2895.64,10.58,38.23,Entertainment,GENERAL_ENERGY_SAVING
9,134.9,159.65,8409.23,51.06,57.18,Kitchen,OPTIMIZE_REFRIGERATION
6,259.34,303.2,15784.37,46.16,103.64,Lighting,REDUCE_LIGHTING_USAGE
4,320.05,376.48,12283.31,79.29,182.26,Air Conditioning,REDUCE_COOLING_USAGE
3,94.39,95.32,4263.03,4.82,21.57,Lighting,GENERAL_ENERGY_SAVING
2,221.93,255.42,18221.2,55.79,64.56,Laundry,REDUCE_HIGH_USAGE_APPLIANCE
8,139.13,143.83,8155.97,66.59,76.6,Water Heating,REDUCE_HEATING_USAGE
2,158.57,146.5,3062.74,17.99,38.83,Entertainment,GENERAL_ENERGY_SAVING
3,327.6,404.47,14756.34,83.3,106.8,Heating,REDUCE_HEATING_USAGE
6,379.36,377.29,20371.93,142.42,202.72,Water Heating,REDUCE_HEATING_USAGE
7,265.73,284.54,8772.87,54.93,97.83,Lighting,REDUCE_LIGHTING_USAGE
8,521.24,659.03,39838.58,72.85,176.32,Laundry,HIGH_BILL_WARNING
12,272.01,261.28,11394.44,15.44,73.65,Lighting,REDUCE_LIGHTING_USAGE
1,140.26,128.38,1938.63,18.56,41.95,Lighting,GENERAL_ENERGY_SAVING
5,305.01,346.42,18411.6,64.55,109.11,Refrigeration,OPTIMIZE_REFRIGERATION
3,224.71,256.48,5972.81,10.04,47.41,Lighting,REDUCE_LIGHTING_USAGE
1,300.91,300.68,11316.18,19.13,84.95,Lighting,REDUCE_LIGHTING_USAGE
8,639.45,719.24,40781.64,48.79,118.2,Laundry,HIGH_BILL_WARNING
2,349.77,398.11,9441.63,68.65,166.51,Air Conditioning,REDUCE_COOLING_USAGE
2,102.79,103.76,6887.12,5.96,10.75,Entertainment,GENERAL_ENERGY_SAVING
9,239.41,264.32,12896.58,28.9,72.5,Lighting,REDUCE_LIGHTING_USAGE
6,121.35,116.07,7177.42,17.19,29.65,Other,GENERAL_ENERGY_SAVING
8,674.78,880.35,45398.65,92.76,139.02,Other,HIGH_BILL_WARNING
5,790.29,831.1,32768.12,92.71,189.48,Other,HIGH_BILL_WARNING
8,199.79,207.02,12234.75,30.13,63.47,Lighting,REDUCE_LIGHTING_USAGE
2,406.11,516.06,31985.61,39.83,99.6,Laundry,HIGH_BILL_WARNING
11,267.55,271.43,14458.22,25.76,85.17,Lighting,REDUCE_LIGHTING_USAGE
1,472.49,548.98,42101.58,60.49,146.17,Other,HIGH_BILL_WARNING
9,366.29,454.95,11760.5,66.34,147.0,Cooling,REDUCE_COOLING_USAGE
9,285.29,369.94,26709.77,82.19,132.09,Air Conditioning,REDUCE_COOLING_USAGE
10,620.53,748.25,44427.39,69.07,116.31,Kitchen,HIGH_BILL_WARNING
12,395.2,463.86,6955.38,118.25,197.49,Water Heating,REDUCE_HEATING_USAGE
7,312.69,299.31,14099.67,87.21,137.98,Kitchen,OPTIMIZE_REFRIGERATION
12,129.41,111.34,5069.04,14.66,30.0,Lighting,GENERAL_ENERGY_SAVING
11,446.32,491.05,16461.75,109.45,175.71,Heating,REDUCE_HEATING_USAGE
6,151.01,145.4,8371.35,31.27,55.54,Kitchen,OPTIMIZE_REFRIGERATION
4,144.14,155.19,1496.84,16.66,28.22,Lighting,GENERAL_ENERGY_SAVING
12,255.06,291.11,18101.27,82.4,110.38,Refrigeration,OPTIMIZE_REFRIGERATION
2,139.47,151.34,11639.74,27.27,48.14,Kitchen,OPTIMIZE_REFRIGERATION
2,372.87,393.89,6655.54,148.71,182.84,Entertainment,REDUCE_HIGH_USAGE_APPLIANCE
1,236.99,229.82,14803.0,76.18,86.83,Kitchen,OPTIMIZE_REFRIGERATION
11,268.98,308.02,8274.76,30.37,60.95,Lighting,REDUCE_LIGHTING_USAGE
6,488.71,598.54,55805.65,34.84,79.26,Kitchen,HIGH_BILL_WARNING
10,247.09,290.74,10623.95,83.01,111.92,Other,REDUCE_HIGH_USAGE_APPLIANCE
9,198.36,207.84,18234.39,57.3,100.23,Water Heating,REDUCE_HEATING_USAGE
10,408.15,480.06,20762.26,160.48,172.98,Entertainment,REDUCE_HIGH_USAGE_APPLIANCE
2,234.65,269.79,15007.43,23.46,48.56,Lighting,REDUCE_LIGHTING_USAGE
6,232.25,256.15,7763.72,33.46,81.24,Lighting,REDUCE_LIGHTING_USAGE
5,174.09,203.0,13433.53,58.6,66.74,Heating,REDUCE_HEATING_USAGE
4,280.05,282.0,16079.36,38.66,80.4,Lighting,REDUCE_LIGHTING_USAGE
5,176.17,210.9,12557.96,45.49,49.87,Other,REDUCE_HIGH_USAGE_APPLIANCE
7,317.52,358.38,4161.9,52.21,98.31,Lighting,REDUCE_LIGHTING_USAGE
5,346.29,341.76,14841.55,103.87,172.99,Refrigeration,OPTIMIZE_REFRIGERATION
1,87.2,75.52,3259.74,6.0,13.89,Lighting,GENERAL_ENERGY_SAVING
1,411.94,458.79,15312.1,83.65,119.35,Heating,REDUCE_HEATING_USAGE
7,695.13,866.72,25404.85,115.99,193.09,Entertainment,HIGH_BILL_WARNING
11,53.98,57.36,5358.5,3.7,7.12,Other,GENERAL_ENERGY_SAVING
11,226.95,256.41,18535.98,63.34,97.4,Refrigeration,OPTIMIZE_REFRIGERATION
12,496.83,562.39,44927.32,88.79,142.93,Other,HIGH_BILL_WARNING
12,267.37,314.96,4219.91,97.17,133.4,Refrigeration,OPTIMIZE_REFRIGERATION
9,572.19,666.63,61450.55,109.98,179.07,Cooling,HIGH_BILL_WARNING
4,126.44,146.6,15528.53,52.52,55.34,Refrigeration,OPTIMIZE_REFRIGERATION
1,318.17,420.84,7622.57,70.88,138.55,Cooling,REDUCE_COOLING_USAGE
2,174.4,172.44,5135.59,6.26,30.19,Other,GENERAL_ENERGY_SAVING
11,396.67,480.08,9228.85,104.36,127.64,Cooling,REDUCE_COOLING_USAGE
8,276.31,324.22,8309.94,68.64,110.76,Kitchen,OPTIMIZE_REFRIGERATION
12,471.77,578.87,11052.27,152.67,255.54,Air Conditioning,REDUCE_COOLING_USAGE
4,246.14,270.49,10106.62,35.46,94.9,Lighting,REDUCE_LIGHTING_USAGE
11,223.45,233.06,5345.41,50.5,99.63,Lighting,REDUCE_LIGHTING_USAGE
11,286.3,331.69,18737.53,52.72,87.4,Heating,REDUCE_HEATING_USAGE
8,394.24,435.61,23755.14,127.67,202.77,Heating,REDUCE_HEATING_USAGE
8,363.96,415.14,7845.98,96.14,132.49,Water Heating,REDUCE_HEATING_USAGE
4,334.41,356.52,18766.36,82.71,116.85,Entertainment,REDUCE_HIGH_USAGE_APPLIANCE
9,204.31,204.85,9582.89,73.94,88.87,Refrigeration,OPTIMIZE_REFRIGERATION
10,233.25,250.88,15030.12,87.14,96.86,Kitchen,OPTIMIZE_REFRIGERATION
8,288.91,309.84,11206.11,19.46,75.84,Lighting,REDUCE_LIGHTING_USAGE
8,198.22,196.39,7308.01,15.99,42.89,Lighting,REDUCE_LIGHTING_USAGE
3,327.93,418.23,23650.99,123.8,170.62,Air Conditioning,REDUCE_COOLING_USAGE
9,157.77,157.94,1148.65,15.07,34.18,Other,GENERAL_ENERGY_SAVING
1,41.9,43.54,5300.63,4.17,7.04,Other,GENERAL_ENERGY_SAVING
11,360.67,389.51,51694.98,27.01,68.28,Other,HIGH_BILL_WARNING
3,387.73,472.51,20223.97,72.03,136.59,Heating,REDUCE_HEATING_USAGE
11,126.11,133.42,4414.98,50.86,58.98,Kitchen,OPTIMIZE_REFRIGERATION
2,515.83,607.94,19101.96,146.67,201.23,Cooling,REDUCE_COOLING_USAGE
5,552.61,681.15,55664.25,87.28,139.87,Entertainment,HIGH_BILL_WARNING
10,143.48,172.2,21122.18,35.56,40.32,Heating,REDUCE_HEATING_USAGE
12,375.81,498.52,36796.41,47.18,78.86,Kitchen,HIGH_BILL_WARNING
7,159.36,157.65,3480.34,6.03,20.12,Entertainment,GENERAL_ENERGY_SAVING
11,175.56,189.29,11345.43,34.11,50.57,Other,REDUCE_HIGH_USAGE_APPLIANCE
11,312.12,314.8,23799.02,117.17,158.48,Kitchen,REDUCE_HIGH_USAGE_APPLIANCE
3,139.81,133.45,3111.74,12.46,25.05,Kitchen,GENERAL_ENERGY_SAVING
6,250.22,255.71,11864.37,97.38,112.52,Heating,REDUCE_HEATING_USAGE
8,650.83,743.56,40885.28,75.57,111.79,Cooling,HIGH_BILL_WARNING
4,235.67,275.45,22398.39,65.02,74.26,Other,REDUCE_HIGH_USAGE_APPLIANCE
1,429.4,435.87,16324.3,142.22,172.74,Laundry,REDUCE_HIGH_USAGE_APPLIANCE
1,213.21,259.87,15786.99,73.2,106.25,Heating,REDUCE_HEATING_USAGE
4,387.64,399.12,17478.85,85.63,104.38,Kitchen,REDUCE_HIGH_USAGE_APPLIANCE
1,64.6,56.4,1348.03,3.82,18.77,Entertainment,GENERAL_ENERGY_SAVING
5,267.65,338.01,15684.76,101.17,159.44,Cooling,REDUCE_COOLING_USAGE
3,230.84,279.27,17232.21,52.27,98.82,Heating,REDUCE_HEATING_USAGE
10,388.26,437.47,6343.26,132.25,208.69,Heating,REDUCE_HEATING_USAGE
3,524.22,554.73,20156.09,100.28,189.96,Cooling,REDUCE_COOLING_USAGE
11,349.76,422.92,19212.04,76.23,94.51,Heating,REDUCE_HEATING_USAGE
3,333.36,388.35,6225.38,128.16,140.25,Kitchen,OPTIMIZE_REFRIGERATION
6,235.79,277.16,7759.47,23.49,75.23,Lighting,REDUCE_LIGHTING_USAGE
1,462.74,511.84,25809.39,188.27,207.86,Entertainment,REDUCE_HIGH_USAGE_APPLIANCE
10,474.02,491.12,13353.01,166.9,231.96,Kitchen,REDUCE_HIGH_USAGE_APPLIANCE
1,373.43,376.98,21086.21,75.13,102.17,Kitchen,REDUCE_HIGH_USAGE_APPLIANCE
3,74.11,71.4,1134.43,1.69,7.51,Lighting,GENERAL_ENERGY_SAVING
12,262.29,302.46,17973.82,63.02,75.4,Kitchen,REDUCE_HIGH_USAGE_APPLIANCE
1,194.66,216.32,5556.82,28.66,58.52,Lighting,REDUCE_LIGHTING_USAGE
2,270.57,301.1,6874.98,31.23,62.93,Lighting,REDUCE_LIGHTING_USAGE
6,677.35,903.88,26837.58,57.27,179.29,Other,HIGH_BILL_WARNING
5,236.89,269.53,8139.63,41.58,94.64,Cooling,REDUCE_COOLING_USAGE
8,546.92,653.55,14920.56,98.58,169.27,Cooling,REDUCE_COOLING_USAGE
2,241.19,242.33,18009.64,88.57,117.49,Refrigeration,OPTIMIZE_REFRIGERATION
3,242.9,254.3,10816.05,48.61,76.18,Refrigeration,OPTIMIZE_REFRIGERATION
2,189.58,195.56,9226.09,37.02,73.46,Lighting,REDUCE_LIGHTING_USAGE
8,399.73,402.63,19940.64,132.13,156.47,Cooling,REDUCE_COOLING_USAGE
1,419.23,419.55,22006.82,100.51,140.66,Water Heating,REDUCE_HEATING_USAGE
10,91.85,98.28,8861.9,5.79,24.85,Lighting,REDUCE_LIGHTING_USAGE
2,365.38,493.87,41043.23,85.8,123.03,Kitchen,HIGH_BILL_WARNING
4,619.94,796.64,48633.23,132.8,206.61,Entertainment,HIGH_BILL_WARNING
11,188.69,190.91,9060.58,60.57,75.39,Refrigeration,OPTIMIZE_REFRIGERATION
1,470.08,506.22,11050.22,123.54,229.44,Heating,REDUCE_HEATING_USAGE
9,63.57,56.31,7170.54,5.5,12.29,Kitchen,GENERAL_ENERGY_SAVING
3,416.71,418.37,17744.02,106.81,139.44,Heating,REDUCE_HEATING_USAGE
8,132.38,128.48,12105.56,32.9,59.45,Refrigeration,OPTIMIZE_REFRIGERATION
7,389.26,401.79,6052.28,146.7,174.11,Laundry,REDUCE_HIGH_USAGE_APPLIANCE
11,244.8,294.65,14232.71,48.11,114.26,Air Conditioning,REDUCE_COOLING_USAGE
5,341.97,387.05,14829.89,73.65,156.22,Air Conditioning,REDUCE_COOLING_USAGE
3,215.82,234.61,12213.68,60.67,89.62,Cooling,REDUCE_COOLING_USAGE
10,272.26,342.0,18259.93,67.36,104.21,Heating,REDUCE_HEATING_USAGE
1,116.48,115.97,7280.36,6.05,30.14,Other,GENERAL_ENERGY_SAVING
4,276.99,331.32,11656.02,52.09,110.44,Heating,REDUCE_HEATING_USAGE
2,107.86,102.99,1747.7,9.09,22.32,Entertainment,GENERAL_ENERGY_SAVING
8,756.48,958.78,39712.35,156.2,244.74,Other,HIGH_BILL_WARNING
7,441.81,456.68,8893.09,124.64,234.12,Heating,REDUCE_HEATING_USAGE
3,508.67,572.6,20884.01,223.52,244.38,Entertainment,REDUCE_HIGH_USAGE_APPLIANCE
5,85.88,81.23,4520.74,6.46,24.72,Entertainment,GENERAL_ENERGY_SAVING
5,148.03,155.27,5417.74,52.49,55.89,Refrigeration,OPTIMIZE_REFRIGERATION
11,429.11,446.37,9434.98,151.51,198.22,Heating,REDUCE_HEATING_USAGE
11,176.19,169.01,6536.18,12.1,32.9,Kitchen,GENERAL_ENERGY_SAVING
4,184.12,175.38,14032.93,26.22,74.73,Lighting,REDUCE_LIGHTING_USAGE
9,244.91,282.7,14056.19,47.92,77.78,Kitchen,OPTIMIZE_REFRIGERATION
1,721.75,854.46,51285.71,51.36,110.59,Entertainment,HIGH_BILL_WARNING
5,412.2,409.85,11977.71,141.69,174.48,Other,REDUCE_HIGH_USAGE_APPLIANCE
2,266.81,291.79,26044.4,61.62,86.84,Cooling,REDUCE_COOLING_USAGE
2,387.99,449.09,8753.08,133.07,184.21,Heating,REDUCE_HEATING_USAGE
12,188.14,193.92,5289.96,14.28,52.61,Lighting,REDUCE_LIGHTING_USAGE
5,112.29,126.16,6798.08,28.3,40.92,Refrigeration,OPTIMIZE_REFRIGERATION
8,201.85,218.66,18857.66,40.59,58.99,Water Heating,REDUCE_HEATING_USAGE
12,91.19,91.07,3817.15,8.62,20.1,Lighting,REDUCE_LIGHTING_USAGE
3,574.9,754.97,34417.77,54.43,150.25,Other,HIGH_BILL_WARNING
2,781.81,1056.22,33700.76,54.8,134.26,Cooling,HIGH_BILL_WARNING
8,210.38,228.98,22071.53,66.03,89.69,Laundry,REDUCE_HIGH_USAGE_APPLIANCE
6,166.18,188.67,10110.78,24.68,48.25,Lighting,REDUCE_LIGHTING_USAGE
10,352.32,366.04,6751.06,120.64,160.08,Refrigeration,OPTIMIZE_REFRIGERATION
2,810.46,1004.62,53968.18,57.94,123.72,Entertainment,HIGH_BILL_WARNING
9,238.26,252.18,4341.87,19.59,81.69,Lighting,REDUCE_LIGHTING_USAGE
9,605.58,725.89,57959.51,55.33,103.65,Cooling,HIGH_BILL_WARNING
9,219.92,244.91,14846.87,84.23,109.11,Entertainment,REDUCE_HIGH_USAGE_APPLIANCE
9,210.03,261.43,11869.86,61.49,77.76,Other,REDUCE_HIGH_USAGE_APPLIANCE
5,204.55,225.62,23233.92,77.32,112.27,Heating,REDUCE_HEATING_USAGE
2,132.2,152.27,14244.36,36.4,41.52,Refrigeration,OPTIMIZE_REFRIGERATION
9,132.51,153.0,12770.81,12.95,48.28,Lighting,REDUCE_LIGHTING_USAGE
2,112.11,124.23,4265.22,8.47,25.05,Other,GENERAL_ENERGY_SAVING
4,346.27,378.88,11389.79,132.79,149.75,Refrigeration,OPTIMIZE_REFRIGERATION
5,179.27,189.24,6517.94,19.9,41.57,Lighting,REDUCE_LIGHTING_USAGE
12,521.31,602.11,20390.08,183.79,219.8,Cooling,REDUCE_COOLING_USAGE
11,537.21,680.5,25653.86,55.17,118.53,Entertainment,HIGH_BILL_WARNING
8,215.76,237.76,10655.27,38.06,54.52,Heating,REDUCE_HEATING_USAGE
11,75.35,78.84,5850.37,8.92,18.42,Lighting,GENERAL_ENERGY_SAVING
2,498.71,600.89,36849.24,108.74,159.93,Entertainment,HIGH_BILL_WARNING
2,95.54,100.13,3970.06,3.82,11.04,Lighting,GENERAL_ENERGY_SAVING
11,245.21,295.25,9136.28,60.02,88.87,Laundry,REDUCE_HIGH_USAGE_APPLIANCE
3,638.3,730.02,37866.7,111.01,218.86,Laundry,HIGH_BILL_WARNING
7,451.89,529.06,6917.79,168.68,226.64,Laundry,REDUCE_HIGH_USAGE_APPLIANCE
12,247.19,313.61,7264.93,53.0,92.7,Cooling,REDUCE_COOLING_USAGE
3,165.39,182.8,7354.84,70.05,86.21,Heating,REDUCE_HEATING_USAGE
11,510.16,506.41,19424.29,118.45,181.53,Entertainment,REDUCE_HIGH_USAGE_APPLIANCE
1,254.12,269.22,5517.08,25.16,80.73,Lighting,REDUCE_LIGHTING_USAGE
3,213.22,255.28,5699.01,69.59,76.27,Refrigeration,OPTIMIZE_REFRIGERATION
7,327.56,353.1,5610.7,69.98,90.2,Kitchen,OPTIMIZE_REFRIGERATION
12,603.23,691.34,52491.04,91.95,137.84,Laundry,HIGH_BILL_WARNING
4,273.2,275.99,19476.91,56.49,132.73,Cooling,REDUCE_COOLING_USAGE
7,565.28,688.62,30173.55,129.35,191.87,Cooling,HIGH_BILL_WARNING
10,235.45,285.91,14543.33,65.24,88.5,Entertainment,REDUCE_HIGH_USAGE_APPLIANCE
2,337.5,391.68,12935.21,68.02,116.46,Kitchen,OPTIMIZE_REFRIGERATION
11,622.19,686.36,34447.63,94.01,167.74,Entertainment,HIGH_BILL_WARNING
6,421.86,551.02,38106.26,53.79,107.76,Kitchen,HIGH_BILL_WARNING
2,543.96,671.06,25688.23,104.04,239.06,Cooling,REDUCE_COOLING_USAGE
12,260.39,327.86,13074.53,51.73,82.53,Cooling,REDUCE_COOLING_USAGE
7,336.57,414.92,10985.95,83.53,100.75,Heating,REDUCE_HEATING_USAGE
5,152.69,182.46,10330.72,39.79,56.27,Heating,REDUCE_HEATING_USAGE
6,301.14,354.54,25610.48,61.53,76.4,Kitchen,REDUCE_HIGH_USAGE_APPLIANCE
10,61.54,54.58,3851.94,3.72,8.74,Other,GENERAL_ENERGY_SAVING
3,422.78,459.11,23245.78,106.06,249.04,Air Conditioning,REDUCE_COOLING_USAGE
11,470.41,598.34,24753.8,148.24,235.94,Cooling,REDUCE_COOLING_USAGE
5,547.69,597.58,7380.74,83.7,198.72,Cooling,REDUCE_COOLING_USAGE
12,88.65,93.9,3490.86,2.46,10.24,Entertainment,GENERAL_ENERGY_SAVING
1,63.46,61.52,7367.08,3.47,11.47,Kitchen,GENERAL_ENERGY_SAVING
9,451.82,502.28,11808.94,81.17,159.55,Heating,REDUCE_HEATING_USAGE
11,270.94,276.25,8424.11,33.99,105.84,Lighting,REDUCE_LIGHTING_USAGE
5,117.28,121.98,11938.84,13.16,39.47,Lighting,REDUCE_LIGHTING_USAGE
10,98.15,102.44,5853.76,3.26,12.18,Other,GENERAL_ENERGY_SAVING
9,505.97,542.33,22622.85,155.66,178.34,Kitchen,REDUCE_HIGH_USAGE_APPLIANCE
5,312.12,318.83,8809.94,94.99,133.37,Laundry,REDUCE_HIGH_USAGE_APPLIANCE
1,427.56,426.85,19539.44,61.09,148.37,Cooling,REDUCE_COOLING_USAGE
10,313.94,309.38,14956.38,125.73,135.98,Refrigeration,OPTIMIZE_REFRIGERATION
4,721.39,873.26,62410.1,142.7,206.4,Laundry,HIGH_BILL_WARNING
6,486.56,590.27,8594.17,187.02,216.19,Kitchen,REDUCE_HIGH_USAGE_APPLIANCE
1,194.98,227.4,12062.77,52.82,72.63,Kitchen,OPTIMIZE_REFRIGERATION
2,375.27,369.79,4253.31,90.96,108.96,Kitchen,OPTIMIZE_REFRIGERATION
8,332.45,426.01,10780.01,66.97,160.63,Cooling,REDUCE_COOLING_USAGE
5,747.31,1156.91,63065.8,90.36,199.8,Entertainment,HIGH_BILL_WARNING
5,491.69,575.91,25156.47,136.89,204.97,Cooling,REDUCE_COOLING_USAGE
1,179.1,198.19,12657.19,45.37,88.49,Heating,REDUCE_HEATING_USAGE
9,497.36,546.57,26849.06,133.86,252.71,Cooling,REDUCE_COOLING_USAGE
7,407.43,495.84,64010.3,40.62,96.89,Kitchen,HIGH_BILL_WARNING
3,461.26,584.18,55749.64,53.63,78.37,Cooling,HIGH_BILL_WARNING
11,134.21,145.02,12689.19,33.17,38.42,Kitchen,OPTIMIZE_REFRIGERATION
5,428.49,526.12,13632.71,104.38,133.86,Other,REDUCE_HIGH_USAGE_APPLIANCE
8,169.19,157.76,6617.51,15.38,29.47,Other,GENERAL_ENERGY_SAVING
12,254.11,303.26,6221.87,77.43,109.17,Entertainment,REDUCE_HIGH_USAGE_APPLIANCE
1,312.95,334.21,6596.74,95.43,104.57,Other,REDUCE_HIGH_USAGE_APPLIANCE
8,320.79,381.58,15040.52,96.01,109.07,Other,REDUCE_HIGH_USAGE_APPLIANCE
4,409.87,418.18,9566.42,151.77,168.46,Kitchen,REDUCE_HIGH_USAGE_APPLIANCE
8,147.09,131.3,6453.56,8.9,22.2,Lighting,GENERAL_ENERGY_SAVING
5,495.56,561.35,20847.63,73.87,154.02,Cooling,REDUCE_COOLING_USAGE
9,280.5,299.79,4768.74,33.31,105.44,Lighting,REDUCE_LIGHTING_USAGE
5,656.46,711.7,61402.53,141.71,216.31,Cooling,HIGH_BILL_WARNING
4,849.37,1042.83,64880.69,92.65,238.16,Cooling,HIGH_BILL_WARNING
10,84.86,88.17,4247.53,5.54,17.55,Kitchen,GENERAL_ENERGY_SAVING
2,201.82,246.34,16677.61,44.21,80.16,Water Heating,REDUCE_HEATING_USAGE
2,396.89,467.53,62900.13,43.79,120.79,Kitchen,HIGH_BILL_WARNING
7,150.14,143.17,1531.28,19.31,35.8,Lighting,GENERAL_ENERGY_SAVING
1,382.82,439.58,63583.68,54.28,91.58,Laundry,HIGH_BILL_WARNING
4,323.76,332.29,13052.21,70.59,90.76,Kitchen,OPTIMIZE_REFRIGERATION
8,79.82,79.79,1680.25,2.04,10.16,Lighting,GENERAL_ENERGY_SAVING
3,135.01,144.13,9709.08,11.92,43.36,Lighting,REDUCE_LIGHTING_USAGE
9,826.2,991.71,39470.27,65.69,143.05,Other,HIGH_BILL_WARNING
7,59.1,53.91,2590.53,5.08,15.24,Kitchen,GENERAL_ENERGY_SAVING
5,109.1,98.08,1778.16,7.27,13.14,Kitchen,GENERAL_ENERGY_SAVING
4,260.96,299.14,7898.98,47.12,83.21,Cooling,REDUCE_COOLING_USAGE
10,165.39,168.23,7022.78,58.11,65.07,Heating,REDUCE_HEATING_USAGE
12,112.4,114.95,4260.81,11.97,36.01,Lighting,REDUCE_LIGHTING_USAGE
10,658.81,813.59,58955.48,37.69,117.73,Laundry,HIGH_BILL_WARNING
7,488.91,622.16,25318.4,77.47,113.84,Entertainment,HIGH_BILL_WARNING
7,434.74,463.37,41388.56,51.09,95.49,Entertainment,HIGH_BILL_WARNING
5,228.11,273.21,25900.51,51.31,62.07,Other,REDUCE_HIGH_USAGE_APPLIANCE
2,198.03,226.24,6312.48,72.39,89.23,Entertainment,REDUCE_HIGH_USAGE_APPLIANCE
2,120.66,125.28,5631.05,10.22,25.67,Lighting,REDUCE_LIGHTING_USAGE
9,152.26,154.5,2811.27,6.21,22.6,Other,GENERAL_ENERGY_SAVING
12,259.66,275.82,19447.14,70.32,124.44,Water Heating,REDUCE_HEATING_USAGE
12,414.9,453.31,23564.56,40.21,85.41,Entertainment,HIGH_BILL_WARNING
2,123.1,133.63,12285.85,26.19,54.56,Lighting,REDUCE_LIGHTING_USAGE
3,140.11,130.47,7335.27,7.75,28.47,Other,GENERAL_ENERGY_SAVING
6,52.38,52.5,7110.95,6.64,13.32,Kitchen,GENERAL_ENERGY_SAVING
1,324.78,376.28,7093.05,92.95,127.22,Entertainment,REDUCE_HIGH_USAGE_APPLIANCE
4,152.96,133.49,3258.26,6.6,22.13,Lighting,GENERAL_ENERGY_SAVING
1,201.3,212.59,13451.99,79.68,91.2,Water Heating,REDUCE_HEATING_USAGE
9,436.76,516.37,61018.84,32.16,83.36,Other,HIGH_BILL_WARNING
5,345.21,418.51,14918.89,121.4,153.14,Entertainment,REDUCE_HIGH_USAGE_APPLIANCE
11,685.99,797.96,45475.06,53.2,171.99,Cooling,HIGH_BILL_WARNING
8,500.67,561.75,21596.87,160.9,233.04,Other,REDUCE_HIGH_USAGE_APPLIANCE
5,360.54,419.06,21372.39,88.46,174.95,Cooling,REDUCE_COOLING_USAGE
11,188.24,242.46,22205.37,47.7,64.83,Water Heating,REDUCE_HEATING_USAGE
4,346.18,380.32,8862.47,97.84,106.26,Kitchen,OPTIMIZE_REFRIGERATION
7,386.73,446.88,22582.87,90.92,157.11,Cooling,REDUCE_COOLING_USAGE
3,217.01,217.77,7648.54,49.97,77.59,Refrigeration,OPTIMIZE_REFRIGERATION
1,166.98,144.95,1216.1,9.9,46.94,Entertainment,GENERAL_ENERGY_SAVING
6,428.04,470.03,15419.08,109.82,139.16,Laundry,REDUCE_HIGH_USAGE_APPLIANCE
11,359.14,386.31,48561.19,33.17,80.34,Cooling,HIGH_BILL_WARNING
11,353.31,413.58,43953.81,50.68,91.24,Laundry,HIGH_BILL_WARNING
9,272.57,312.37,16521.79,61.21,74.72,Refrigeration,OPTIMIZE_REFRIGERATION
7,223.5,217.06,10225.79,37.47,64.68,Refrigeration,OPTIMIZE_REFRIGERATION
9,760.41,838.16,32253.69,67.25,158.78,Kitchen,HIGH_BILL_WARNING
2,360.08,386.15,17312.02,155.72,179.34,Refrigeration,OPTIMIZE_REFRIGERATION
3,374.63,382.89,19316.17,117.68,132.38,Water Heating,REDUCE_HEATING_USAGE
10,586.99,750.31,37542.08,54.66,178.99,Kitchen,HIGH_BILL_WARNING
1,364.68,407.56,4750.38,137.45,168.48,Kitchen,OPTIMIZE_REFRIGERATION
9,438.21,494.81,26279.03,122.57,255.0,Cooling,REDUCE_COOLING_USAGE
1,273.74,279.38,13732.33,40.19,108.86,Lighting,REDUCE_LIGHTING_USAGE
3,265.59,295.1,4544.94,16.77,56.02,Lighting,REDUCE_LIGHTING_USAGE
5,172.55,171.82,16066.32,82.35,92.62,Laundry,REDUCE_HIGH_USAGE_APPLIANCE
2,216.26,216.29,7740.62,98.47,118.48,Other,REDUCE_HIGH_USAGE_APPLIANCE
4,431.99,502.95,18919.19,177.45,198.83,Heating,REDUCE_HEATING_USAGE
1,194.51,241.3,22167.49,62.68,88.07,Other,REDUCE_HIGH_USAGE_APPLIANCE
4,368.77,459.54,8791.24,176.57,191.75,Kitchen,REDUCE_HIGH_USAGE_APPLIANCE
8,199.64,206.39,25431.14,53.67,68.83,Cooling,REDUCE_COOLING_USAGE
8,445.4,461.21,22125.37,125.77,164.4,Air Conditioning,REDUCE_COOLING_USAGE
3,400.34,461.6,61350.99,44.86,86.31,Entertainment,HIGH_BILL_WARNING
6,54.16,50.08,1569.25,4.46,7.66,Entertainment,GENERAL_ENERGY_SAVING
2,689.79,726.96,43018.54,72.69,161.09,Entertainment,HIGH_BILL_WARNING
5,406.89,455.87,18170.83,107.4,155.25,Air Conditioning,REDUCE_COOLING_USAGE
2,316.0,332.72,4291.94,54.0,89.27,Kitchen,OPTIMIZE_REFRIGERATION
6,228.24,251.46,12815.42,50.62,98.52,Heating,REDUCE_HEATING_USAGE
1,127.28,144.72,15648.95,11.53,30.74,Lighting,REDUCE_LIGHTING_USAGE
12,251.37,265.98,13124.32,13.03,53.83,Lighting,REDUCE_LIGHTING_USAGE
6,170.83,175.0,9230.47,39.07,79.8,Water Heating,REDUCE_HEATING_USAGE
8,196.05,223.02,11366.61,51.42,70.02,Water Heating,REDUCE_HEATING_USAGE
3,218.33,275.85,22590.75,66.29,82.82,Cooling,REDUCE_COOLING_USAGE
1,168.93,163.62,7968.98,47.1,70.44,Kitchen,OPTIMIZE_REFRIGERATION
11,164.42,182.3,17049.27,34.29,49.6,Refrigeration,OPTIMIZE_REFRIGERATION
12,412.93,405.6,24362.44,115.4,146.36,Entertainment,REDUCE_HIGH_USAGE_APPLIANCE
12,568.46,703.53,59908.42,51.82,87.14,Cooling,HIGH_BILL_WARNING
12,399.76,397.41,9971.19,155.17,178.98,Entertainment,REDUCE_HIGH_USAGE_APPLIANCE
8,256.24,285.43,21227.04,111.78,138.29,Entertainment,REDUCE_HIGH_USAGE_APPLIANCE
9,512.0,660.48,24023.15,42.12,100.31,Other,HIGH_BILL_WARNING
5,358.41,449.51,9412.59,94.41,145.17,Cooling,REDUCE_COOLING_USAGE
12,277.15,273.67,12851.34,33.86,68.07,Lighting,REDUCE_LIGHTING_USAGE
7,479.53,563.54,14225.13,173.01,253.94,Cooling,REDUCE_COOLING_USAGE
8,111.34,123.19,6661.68,31.27,35.03,Refrigeration,OPTIMIZE_REFRIGERATION
9,192.67,171.97,17166.25,47.17,59.01,Kitchen,OPTIMIZE_REFRIGERATION
8,237.62,249.26,13679.55,30.02,56.73,Lighting,REDUCE_LIGHTING_USAGE
1,207.77,247.51,21267.62,64.63,84.98,Cooling,REDUCE_COOLING_USAGE
12,321.17,334.99,17251.54,84.82,104.06,Refrigeration,OPTIMIZE_REFRIGERATION
4,246.4,297.59,18933.09,39.98,81.4,Heating,REDUCE_HEATING_USAGE
6,228.22,225.47,13503.25,38.83,94.71,Lighting,REDUCE_LIGHTING_USAGE
2,279.08,269.82,8015.02,71.32,75.8,Kitchen,OPTIMIZE_REFRIGERATION
11,205.01,239.2,13769.98,42.75,76.9,Refrigeration,OPTIMIZE_REFRIGERATION
5,204.7,197.1,13766.6,14.34,68.6,Lighting,REDUCE_LIGHTING_USAGE
10,183.39,204.4,4304.49,70.01,82.5,Refrigeration,OPTIMIZE_REFRIGERATION
7,301.24,360.08,18991.9,73.22,91.01,Entertainment,REDUCE_HIGH_USAGE_APPLIANCE
9,295.78,299.84,7340.62,121.34,165.41,Air Conditioning,REDUCE_COOLING_USAGE
9,275.44,283.69,17464.53,73.17,109.43,Other,REDUCE_HIGH_USAGE_APPLIANCE
9,213.31,231.47,10276.05,52.28,71.33,Water Heating,REDUCE_HEATING_USAGE
5,126.85,113.57,5620.07,8.29,15.73,Entertainment,GENERAL_ENERGY_SAVING
12,171.67,185.85,6924.41,8.02,25.98,Kitchen,GENERAL_ENERGY_SAVING
9,97.82,102.27,4001.16,4.72,10.98,Entertainment,GENERAL_ENERGY_SAVING
10,304.44,362.25,8220.93,39.27,85.9,Heating,REDUCE_HEATING_USAGE
3,443.13,571.87,13275.65,78.34,185.62,Cooling,REDUCE_COOLING_USAGE
6,298.54,306.66,15549.45,48.84,83.24,Refrigeration,OPTIMIZE_REFRIGERATION
11,264.93,252.4,4782.65,19.71,60.75,Lighting,REDUCE_LIGHTING_USAGE
3,228.09,236.54,7897.89,66.19,72.37,Refrigeration,OPTIMIZE_REFRIGERATION
6,319.63,374.35,8591.13,111.31,140.98,Refrigeration,OPTIMIZE_REFRIGERATION
1,390.82,421.91,18240.82,117.17,160.3,Entertainment,REDUCE_HIGH_USAGE_APPLIANCE
4,124.71,109.33,3718.49,5.99,20.01,Lighting,GENERAL_ENERGY_SAVING
8,125.42,134.97,8045.55,15.45,53.75,Lighting,REDUCE_LIGHTING_USAGE
9,690.9,800.58,31610.89,101.82,210.6,Laundry,HIGH_BILL_WARNING
3,364.12,344.14,20520.07,118.97,132.35,Heating,REDUCE_HEATING_USAGE
7,157.66,140.86,4213.28,20.81,42.85,Other,GENERAL_ENERGY_SAVING
2,210.66,207.49,3615.73,32.38,88.17,Lighting,REDUCE_LIGHTING_USAGE
5,102.53,92.39,6930.42,12.2,27.33,Lighting,GENERAL_ENERGY_SAVING
7,184.11,209.17,9497.51,50.0,76.71,Water Heating,REDUCE_HEATING_USAGE
7,415.3,501.7,22937.51,69.28,125.79,Cooling,REDUCE_COOLING_USAGE
7,443.76,544.09,52699.72,56.7,128.32,Cooling,HIGH_BILL_WARNING
7,460.0,497.47,23023.65,110.68,221.7,Heating,REDUCE_HEATING_USAGE
12,260.36,275.7,12668.04,48.67,101.39,Lighting,REDUCE_LIGHTING_USAGE
3,314.51,350.98,12945.92,28.13,74.43,Lighting,REDUCE_LIGHTING_USAGE
2,134.38,139.09,13898.6,28.62,42.37,Refrigeration,OPTIMIZE_REFRIGERATION
5,345.19,429.97,20710.11,62.68,109.35,Heating,REDUCE_HEATING_USAGE
3,738.45,810.0,39286.02,78.61,147.32,Cooling,HIGH_BILL_WARNING
4,178.26,177.72,6601.21,14.21,34.67,Kitchen,GENERAL_ENERGY_SAVING
7,111.42,97.81,3232.13,2.69,12.14,Kitchen,GENERAL_ENERGY_SAVING
5,323.17,403.04,18315.98,109.89,141.74,Heating,REDUCE_HEATING_USAGE
11,471.9,585.77,21487.88,87.47,132.43,Other,REDUCE_HIGH_USAGE_APPLIANCE
7,150.2,136.3,3611.97,14.81,32.07,Other,GENERAL_ENERGY_SAVING
3,206.16,188.07,5976.3,36.86,66.7,Lighting,REDUCE_LIGHTING_USAGE
9,492.77,588.11,27450.63,165.27,196.8,Cooling,REDUCE_COOLING_USAGE
1,760.72,811.92,50158.71,65.07,185.6,Other,HIGH_BILL_WARNING
7,315.04,358.45,18968.1,86.21,126.83,Heating,REDUCE_HEATING_USAGE
5,157.25,145.68,2061.04,5.04,24.03,Kitchen,GENERAL_ENERGY_SAVING
10,543.29,654.8,10343.67,132.65,286.4,Cooling,REDUCE_COOLING_USAGE
11,222.06,234.58,13357.92,96.01,117.75,Heating,REDUCE_HEATING_USAGE
12,356.18,460.36,16341.74,86.03,164.62,Cooling,REDUCE_COOLING_USAGE
8,103.33,88.38,6538.02,13.39,25.89,Other,GENERAL_ENERGY_SAVING
5,66.09,72.56,3612.04,4.77,8.77,Other,GENERAL_ENERGY_SAVING
9,423.28,447.17,13377.31,108.71,157.44,Heating,REDUCE_HEATING_USAGE
8,237.23,274.55,11593.11,34.62,73.97,Cooling,REDUCE_COOLING_USAGE
12,381.22,414.5,33798.11,90.5,133.18,Laundry,HIGH_BILL_WARNING
12,377.68,344.61,15683.7,165.39,185.13,Kitchen,OPTIMIZE_REFRIGERATION
12,105.3,114.17,15441.47,12.63,25.47,Lighting,REDUCE_LIGHTING_USAGE
3,221.52,276.6,18269.86,62.09,126.46,Cooling,REDUCE_COOLING_USAGE
3,259.85,301.72,10965.21,73.84,79.19,Refrigeration,OPTIMIZE_REFRIGERATION
3,472.04,671.1,42170.85,31.21,98.52,Entertainment,HIGH_BILL_WARNING
2,385.02,491.93,13245.41,124.04,177.89,Cooling,REDUCE_COOLING_USAGE
3,540.92,627.52,26552.45,74.84,181.99,Air Conditioning,REDUCE_COOLING_USAGE
10,264.44,253.89,4584.13,85.35,125.14,Refrigeration,OPTIMIZE_REFRIGERATION
9,388.44,490.05,59666.28,37.06,70.05,Laundry,HIGH_BILL_WARNING
11,530.04,568.05,33746.33,45.6,80.45,Kitchen,HIGH_BILL_WARNING
11,118.52,129.6,6705.63,5.96,25.01,Other,GENERAL_ENERGY_SAVING
9,143.77,152.64,14032.54,9.71,41.66,Lighting,REDUCE_LIGHTING_USAGE
12,46.55,49.33,5657.5,2.1,9.24,Other,GENERAL_ENERGY_SAVING
7,307.86,324.27,10015.29,86.01,122.79,Other,REDUCE_HIGH_USAGE_APPLIANCE
1,235.15,237.69,16025.52,62.65,96.59,Cooling,REDUCE_COOLING_USAGE
12,257.47,270.54,6387.12,18.96,71.97,Lighting,REDUCE_LIGHTING_USAGE
2,711.95,900.44,33834.98,142.78,247.35,Kitchen,HIGH_BILL_WARNING
12,367.23,385.06,16709.56,137.49,182.41,Refrigeration,OPTIMIZE_REFRIGERATION
11,344.98,437.76,26590.77,81.82,118.9,Air Conditioning,REDUCE_COOLING_USAGE
9,253.69,265.39,17729.77,58.3,72.93,Refrigeration,OPTIMIZE_REFRIGERATION
3,211.43,227.03,15214.79,54.17,85.32,Heating,REDUCE_HEATING_USAGE
12,365.35,425.58,31878.85,41.3,95.86,Cooling,HIGH_BILL_WARNING
8,124.01,133.86,1102.85,9.92,27.38,Lighting,GENERAL_ENERGY_SAVING
12,711.75,814.31,58647.3,72.52,175.33,Other,HIGH_BILL_WARNING
1,269.69,303.47,15654.92,87.28,106.83,Heating,REDUCE_HEATING_USAGE
3,365.39,373.89,17638.91,78.25,94.08,Heating,REDUCE_HEATING_USAGE
9,178.84,173.75,3006.41,13.56,25.62,Kitchen,GENERAL_ENERGY_SAVING
11,134.74,144.88,3739.81,3.73,16.74,Entertainment,GENERAL_ENERGY_SAVING
3,806.48,996.28,64075.57,90.7,184.85,Entertainment,HIGH_BILL_WARNING
4,169.5,174.33,2228.79,14.76,30.89,Other,GENERAL_ENERGY_SAVING
9,462.5,543.87,13729.1,97.33,211.83,Heating,REDUCE_HEATING_USAGE
8,491.48,499.49,8102.99,143.33,186.43,Air Conditioning,REDUCE_COOLING_USAGE
12,131.68,130.86,4932.12,18.01,33.77,Lighting,GENERAL_ENERGY_SAVING
4,286.74,327.65,11212.18,30.37,82.15,Lighting,REDUCE_LIGHTING_USAGE
12,278.05,288.05,24354.12,68.43,96.56,Cooling,REDUCE_COOLING_USAGE
1,212.33,244.93,19706.63,41.32,76.09,Cooling,REDUCE_COOLING_USAGE
12,328.17,402.52,17693.75,85.01,177.02,Heating,REDUCE_HEATING_USAGE
12,255.25,278.69,12125.88,77.87,83.92,Entertainment,REDUCE_HIGH_USAGE_APPLIANCE
11,338.47,341.13,6785.34,46.07,114.49,Lighting,REDUCE_LIGHTING_USAGE
4,195.29,222.47,14684.4,44.67,90.78,Heating,REDUCE_HEATING_USAGE
4,542.69,660.51,52954.52,65.73,96.97,Cooling,HIGH_BILL_WARNING
7,266.11,290.89,19634.57,76.52,134.15,Heating,REDUCE_HEATING_USAGE
7,335.38,331.76,6386.03,125.03,141.52,Refrigeration,OPTIMIZE_REFRIGERATION
12,511.81,636.13,20309.94,118.78,180.96,Laundry,REDUCE_HIGH_USAGE_APPLIANCE
10,96.49,89.92,4765.6,5.95,26.16,Kitchen,GENERAL_ENERGY_SAVING
3,169.76,197.03,13792.87,24.09,67.58,Lighting,REDUCE_LIGHTING_USAGE
5,372.36,379.26,11672.6,113.62,138.21,Kitchen,REDUCE_HIGH_USAGE_APPLIANCE
6,378.23,445.22,13336.52,71.31,113.32,Kitchen,OPTIMIZE_REFRIGERATION
4,109.51,93.5,4781.89,14.03,29.61,Lighting,GENERAL_ENERGY_SAVING
6,548.83,687.93,24349.25,159.28,232.54,Cooling,REDUCE_COOLING_USAGE
12,321.05,406.86,18709.66,75.83,89.09,Heating,REDUCE_HEATING_USAGE
3,271.05,309.48,16534.17,81.32,133.37,Refrigeration,OPTIMIZE_REFRIGERATION
6,459.84,567.03,20612.14,183.67,206.57,Laundry,REDUCE_HIGH_USAGE_APPLIANCE
12,494.47,491.54,19761.91,214.37,260.43,Kitchen,REDUCE_HIGH_USAGE_APPLIANCE
8,310.57,315.28,20739.46,111.01,139.28,Cooling,REDUCE_COOLING_USAGE
1,149.32,152.13,10022.24,7.99,31.2,Lighting,REDUCE_LIGHTING_USAGE
11,294.75,303.11,10128.91,68.35,82.69,Refrigeration,OPTIMIZE_REFRIGERATION
12,301.79,367.18,10205.31,81.78,110.96,Laundry,REDUCE_HIGH_USAGE_APPLIANCE
8,402.62,494.74,18792.74,88.83,107.84,Heating,REDUCE_HEATING_USAGE
6,485.74,536.8,23134.54,98.22,141.7,Other,HIGH_BILL_WARNING
5,602.1,796.23,42912.78,64.91,97.94,Cooling,HIGH_BILL_WARNING
8,182.98,201.84,21574.65,48.42,61.51,Cooling,REDUCE_COOLING_USAGE
9,401.98,469.9,10969.21,200.23,216.99,Other,REDUCE_HIGH_USAGE_APPLIANCE
12,62.85,55.24,7424.18,11.06,18.8,Lighting,GENERAL_ENERGY_SAVING
4,274.7,304.89,26534.43,57.16,132.35,Air Conditioning,REDUCE_COOLING_USAGE
7,440.5,529.79,27963.74,81.11,141.8,Entertainment,HIGH_BILL_WARNING
1,162.18,206.38,10926.19,44.18,50.55,Refrigeration,OPTIMIZE_REFRIGERATION
1,693.7,744.85,26105.56,114.73,171.55,Laundry,HIGH_BILL_WARNING
4,420.61,497.76,12381.25,160.87,195.16,Laundry,REDUCE_HIGH_USAGE_APPLIANCE
2,381.04,454.38,12135.74,111.06,128.06,Laundry,REDUCE_HIGH_USAGE_APPLIANCE
10,258.02,264.1,12512.02,56.2,73.59,Refrigeration,OPTIMIZE_REFRIGERATION
4,160.37,139.74,6404.45,16.61,29.89,Entertainment,GENERAL_ENERGY_SAVING
12,530.67,604.7,19723.75,113.2,200.0,Cooling,REDUCE_COOLING_USAGE
2,498.5,550.33,23017.24,144.44,204.2,Cooling,REDUCE_COOLING_USAGE
9,529.49,554.43,14694.78,110.51,161.46,Laundry,REDUCE_HIGH_USAGE_APPLIANCE
2,193.95,175.88,12824.56,45.36,48.8,Refrigeration,OPTIMIZE_REFRIGERATION
12,118.64,107.0,7099.95,7.28,24.54,Entertainment,GENERAL_ENERGY_SAVING
5,63.85,68.72,5024.87,7.93,14.71,Entertainment,GENERAL_ENERGY_SAVING
11,373.52,450.09,7629.68,127.9,157.97,Other,REDUCE_HIGH_USAGE_APPLIANCE
4,177.07,154.07,6089.47,5.46,18.77,Kitchen,GENERAL_ENERGY_SAVING
4,161.03,171.67,2334.74,17.75,45.22,Kitchen,GENERAL_ENERGY_SAVING
1,222.03,273.77,11690.27,93.97,107.85,Entertainment,REDUCE_HIGH_USAGE_APPLIANCE
4,200.45,224.31,14045.27,50.56,64.07,Kitchen,OPTIMIZE_REFRIGERATION
12,409.13,503.94,14881.45,150.65,186.31,Cooling,REDUCE_COOLING_USAGE
5,143.72,136.82,13712.74,40.98,44.41,Refrigeration,OPTIMIZE_REFRIGERATION
3,346.63,403.81,19831.91,129.16,189.81,Cooling,REDUCE_COOLING_USAGE
12,305.19,351.02,9055.22,48.77,77.0,Heating,REDUCE_HEATING_USAGE
7,109.11,120.1,14638.1,9.0,43.63,Lighting,REDUCE_LIGHTING_USAGE
3,303.39,376.04,7646.11,125.93,156.28,Water Heating,REDUCE_HEATING_USAGE
5,470.42,594.35,63050.19,77.06,146.67,Cooling,HIGH_BILL_WARNING
3,306.36,352.87,7863.18,26.95,85.14,Lighting,REDUCE_LIGHTING_USAGE
3,331.52,316.99,7186.86,131.98,177.06,Cooling,REDUCE_COOLING_USAGE
10,252.23,314.74,11461.98,56.43,104.96,Heating,REDUCE_HEATING_USAGE
10,197.04,226.36,8319.89,35.54,83.68,Lighting,REDUCE_LIGHTING_USAGE
1,231.78,286.94,25052.6,65.88,82.33,Cooling,REDUCE_COOLING_USAGE
4,716.85,883.01,43649.02,92.99,244.07,Laundry,HIGH_BILL_WARNING
11,160.84,169.35,4610.92,33.1,67.41,Lighting,REDUCE_LIGHTING_USAGE
12,356.11,412.68,12903.72,110.71,176.39,Heating,REDUCE_HEATING_USAGE
9,410.84,564.08,20289.88,81.16,141.7,Water Heating,REDUCE_HEATING_USAGE
7,159.18,155.22,11871.88,46.18,51.86,Refrigeration,OPTIMIZE_REFRIGERATION
1,371.59,391.81,18310.7,129.42,182.98,Refrigeration,OPTIMIZE_REFRIGERATION
2,773.93,930.78,46830.44,94.1,257.22,Other,HIGH_BILL_WARNING
2,134.4,118.55,2526.13,9.94,34.02,Lighting,GENERAL_ENERGY_SAVING
5,193.94,227.27,18607.94,48.58,84.71,Heating,REDUCE_HEATING_USAGE
9,94.49,92.63,7258.5,5.45,20.31,Kitchen,GENERAL_ENERGY_SAVING
9,176.71,182.22,3767.78,20.16,50.9,Other,GENERAL_ENERGY_SAVING
10,384.59,491.77,13514.05,136.89,160.86,Water Heating,REDUCE_HEATING_USAGE
9,117.6,105.8,1268.95,11.84,21.86,Lighting,GENERAL_ENERGY_SAVING
10,323.31,376.92,10818.56,70.74,100.48,Laundry,REDUCE_HIGH_USAGE_APPLIANCE
1,674.76,869.44,60973.32,104.79,227.14,Entertainment,HIGH_BILL_WARNING
4,267.93,243.85,3835.48,44.01,99.71,Lighting,REDUCE_LIGHTING_USAGE
2,230.75,288.25,9472.43,55.34,76.49,Cooling,REDUCE_COOLING_USAGE
8,122.18,108.22,6384.86,16.03,31.12,Kitchen,GENERAL_ENERGY_SAVING
9,78.58,70.94,6311.45,3.27,13.6,Kitchen,GENERAL_ENERGY_SAVING
9,225.95,252.25,12356.61,26.16,51.06,Lighting,REDUCE_LIGHTING_USAGE
4,96.78,100.92,2709.15,7.93,14.61,Lighting,GENERAL_ENERGY_SAVING
12,170.2,190.17,18180.32,37.19,42.66,Water Heating,REDUCE_HEATING_USAGE
12,277.01,311.99,17008.19,108.51,126.8,Entertainment,REDUCE_HIGH_USAGE_APPLIANCE
3,199.89,227.31,6241.39,22.99,82.55,Lighting,REDUCE_LIGHTING_USAGE
2,509.83,568.68,17523.59,130.73,284.05,Air Conditioning,REDUCE_COOLING_USAGE
5,463.6,529.04,25809.72,125.86,270.85,Cooling,REDUCE_COOLING_USAGE
8,144.45,139.86,4257.61,18.98,50.56,Lighting,REDUCE_LIGHTING_USAGE
12,258.08,259.01,14601.01,50.83,84.84,Lighting,REDUCE_LIGHTING_USAGE
1,165.27,183.82,5220.91,16.74,61.0,Lighting,REDUCE_LIGHTING_USAGE
10,218.99,202.69,5960.65,53.11,97.82,Lighting,REDUCE_LIGHTING_USAGE
6,255.37,256.21,4532.83,97.14,113.03,Refrigeration,OPTIMIZE_REFRIGERATION
11,144.48,134.83,6218.52,8.62,18.21,Kitchen,GENERAL_ENERGY_SAVING
9,311.76,300.26,12731.75,69.61,126.68,Lighting,REDUCE_LIGHTING_USAGE
8,430.27,571.64,52391.32,53.67,105.0,Kitchen,HIGH_BILL_WARNING
7,213.0,224.92,6751.26,41.07,80.9,Lighting,REDUCE_LIGHTING_USAGE
10,363.17,479.68,53547.37,41.16,97.63,Laundry,HIGH_BILL_WARNING
1,293.4,362.87,13051.07,61.26,107.98,Cooling,REDUCE_COOLING_USAGE
1,574.93,656.53,59410.07,62.6,94.88,Entertainment,HIGH_BILL_WARNING
7,301.84,354.75,11954.7,92.73,125.86,Cooling,REDUCE_COOLING_USAGE
10,245.07,272.07,14150.47,63.39,85.44,Water Heating,REDUCE_HEATING_USAGE
9,625.47,678.74,25340.2,78.75,121.75,Entertainment,HIGH_BILL_WARNING
6,272.1,303.07,8593.58,53.66,88.7,Heating,REDUCE_HEATING_USAGE
6,626.43,782.07,28687.4,89.1,144.74,Kitchen,HIGH_BILL_WARNING
4,303.27,299.2,6612.6,55.11,120.6,Lighting,REDUCE_LIGHTING_USAGE
2,651.03,797.27,32752.09,92.83,138.86,Laundry,HIGH_BILL_WARNING
11,288.16,313.08,17458.29,83.15,112.19,Refrigeration,OPTIMIZE_REFRIGERATION
6,782.44,1053.23,27474.96,92.48,149.76,Kitchen,HIGH_BILL_WARNING
1,151.05,184.08,17931.29,28.8,59.38,Heating,REDUCE_HEATING_USAGE
2,130.58,129.13,18303.78,33.86,36.61,Refrigeration,OPTIMIZE_REFRIGERATION
9,250.74,269.37,10259.75,53.23,67.39,Refrigeration,OPTIMIZE_REFRIGERATION
11,448.32,523.51,25891.41,212.51,257.24,Cooling,REDUCE_COOLING_USAGE
8,470.7,463.81,24255.51,110.29,141.51,Entertainment,REDUCE_HIGH_USAGE_APPLIANCE
12,278.94,304.07,7954.12,33.58,71.86,Water Heating,REDUCE_HEATING_USAGE
1,628.31,834.94,24012.74,106.45,198.48,Laundry,HIGH_BILL_WARNING
5,480.08,499.8,24175.47,121.38,135.72,Kitchen,REDUCE_HIGH_USAGE_APPLIANCE
11,448.78,456.6,38984.05,50.34,80.49,Kitchen,HIGH_BILL_WARNING
3,543.62,578.74,57578.08,71.94,131.68,Kitchen,HIGH_BILL_WARNING
6,311.66,306.19,14555.26,135.76,143.83,Refrigeration,OPTIMIZE_REFRIGERATION
1,575.65,705.28,9308.45,190.9,251.4,Cooling,REDUCE_COOLING_USAGE
4,339.78,409.06,19990.93,74.24,169.28,Cooling,REDUCE_COOLING_USAGE
11,285.45,322.97,27660.92,70.85,132.15,Cooling,REDUCE_COOLING_USAGE
10,618.21,828.13,55190.87,71.58,167.79,Kitchen,HIGH_BILL_WARNING
12,153.05,175.96,7087.19,38.22,43.6,Refrigeration,OPTIMIZE_REFRIGERATION
11,87.65,74.94,3289.11,9.23,20.08,Lighting,GENERAL_ENERGY_SAVING
4,433.31,541.94,20640.78,122.85,212.14,Cooling,REDUCE_COOLING_USAGE
4,145.97,143.66,2228.49,5.34,25.89,Kitchen,GENERAL_ENERGY_SAVING
7,289.84,327.2,8116.29,118.63,168.03,Entertainment,REDUCE_HIGH_USAGE_APPLIANCE
11,272.97,315.17,25498.83,88.49,136.89,Cooling,REDUCE_COOLING_USAGE
4,173.62,159.66,3223.04,8.25,29.6,Entertainment,GENERAL_ENERGY_SAVING
7,362.71,395.36,39622.04,41.75,80.2,Entertainment,HIGH_BILL_WARNING
12,129.68,114.63,2762.08,9.27,35.74,Lighting,GENERAL_ENERGY_SAVING
6,447.63,522.35,19865.47,151.27,172.25,Heating,REDUCE_HEATING_USAGE
12,330.4,321.0,17201.68,57.05,97.96,Refrigeration,OPTIMIZE_REFRIGERATION
10,265.53,295.86,13624.58,70.04,157.45,Cooling,REDUCE_COOLING_USAGE
8,394.59,472.09,11487.73,103.87,173.42,Cooling,REDUCE_COOLING_USAGE
7,411.05,431.04,17830.86,135.01,203.56,Heating,REDUCE_HEATING_USAGE
4,676.54,909.02,44066.37,95.03,173.75,Entertainment,HIGH_BILL_WARNING
9,215.98,227.46,15202.52,62.08,106.38,Heating,REDUCE_HEATING_USAGE
1,146.51,158.16,5942.41,36.23,56.37,Kitchen,OPTIMIZE_REFRIGERATION
3,141.29,174.22,9448.72,61.4,68.75,Heating,REDUCE_HEATING_USAGE
11,814.18,1006.57,57697.71,132.49,189.81,Kitchen,HIGH_BILL_WARNING
1,297.66,356.42,6515.83,70.61,129.04,Lighting,REDUCE_LIGHTING_USAGE
8,238.38,232.27,17872.33,83.15,88.22,Refrigeration,OPTIMIZE_REFRIGERATION
12,277.74,278.35,4930.92,25.36,57.01,Lighting,REDUCE_LIGHTING_USAGE
10,67.12,71.37,1735.88,6.56,19.76,Entertainment,GENERAL_ENERGY_SAVING
1,93.59,110.49,15053.9,11.2,23.54,Lighting,REDUCE_LIGHTING_USAGE
2,45.64,43.46,7265.79,5.46,11.54,Kitchen,GENERAL_ENERGY_SAVING
2,549.85,668.43,24290.13,187.78,251.67,Cooling,REDUCE_COOLING_USAGE
5,364.49,406.01,17166.64,115.47,160.13,Laundry,REDUCE_HIGH_USAGE_APPLIANCE
6,360.67,406.0,9982.24,82.44,104.43,Heating,REDUCE_HEATING_USAGE
4,666.61,732.97,38353.88,61.13,163.55,Kitchen,HIGH_BILL_WARNING
12,293.0,329.59,6248.6,31.51,88.23,Lighting,REDUCE_LIGHTING_USAGE
11,140.85,156.74,23382.22,38.69,70.85,Heating,REDUCE_HEATING_USAGE
5,229.73,214.62,12459.18,51.5,67.12,Entertainment,REDUCE_HIGH_USAGE_APPLIANCE
9,268.84,270.12,8493.64,75.11,115.45,Kitchen,OPTIMIZE_REFRIGERATION
9,148.15,158.29,2771.64,7.45,19.69,Entertainment,GENERAL_ENERGY_SAVING
8,358.35,399.11,45654.87,67.3,97.61,Other,HIGH_BILL_WARNING
1,391.12,447.75,20142.71,104.19,115.1,Entertainment,REDUCE_HIGH_USAGE_APPLIANCE
6,217.26,240.87,12965.99,61.02,65.68,Refrigeration,OPTIMIZE_REFRIGERATION
12,360.2,436.6,13402.1,82.59,101.27,Heating,REDUCE_HEATING_USAGE
3,495.82,579.48,54374.45,48.23,117.66,Kitchen,HIGH_BILL_WARNING
8,328.83,400.45,24835.84,79.0,113.81,Laundry,REDUCE_HIGH_USAGE_APPLIANCE
5,135.49,139.98,6483.6,34.64,61.99,Refrigeration,OPTIMIZE_REFRIGERATION
2,317.37,321.47,20488.66,82.15,93.55,Entertainment,REDUCE_HIGH_USAGE_APPLIANCE
11,364.06,347.66,9784.64,132.03,177.72,Refrigeration,OPTIMIZE_REFRIGERATION
5,381.3,433.71,20699.36,96.84,108.0,Laundry,REDUCE_HIGH_USAGE_APPLIANCE
12,610.64,722.85,59788.25,80.56,160.41,Laundry,HIGH_BILL_WARNING
3,296.39,336.49,7201.25,52.61,93.68,Cooling,REDUCE_COOLING_USAGE
4,470.56,584.12,21405.47,144.42,173.71,Laundry,REDUCE_HIGH_USAGE_APPLIANCE
4,210.72,200.33,11516.15,68.72,78.11,Refrigeration,OPTIMIZE_REFRIGERATION
7,167.89,159.84,25960.34,46.54,60.18,Entertainment,REDUCE_HIGH_USAGE_APPLIANCE
10,298.74,318.92,18625.77,65.54,77.5,Refrigeration,OPTIMIZE_REFRIGERATION
11,437.48,555.14,8782.11,120.2,214.01,Air Conditioning,REDUCE_COOLING_USAGE
9,455.15,519.96,19517.05,87.91,171.94,Air Conditioning,REDUCE_COOLING_USAGE
4,359.48,390.79,7852.53,66.8,120.9,Refrigeration,OPTIMIZE_REFRIGERATION
12,299.36,327.76,12700.64,125.92,165.7,Cooling,REDUCE_COOLING_USAGE
8,206.95,232.68,22708.78,49.32,101.18,Air Conditioning,REDUCE_COOLING_USAGE
6,210.19,224.35,22008.79,36.97,83.15,Cooling,REDUCE_COOLING_USAGE
11,119.11,121.3,12351.04,7.04,29.75,Lighting,REDUCE_LIGHTING_USAGE
11,133.23,135.82,14372.89,10.37,32.11,Lighting,REDUCE_LIGHTING_USAGE
6,798.43,905.44,27284.86,161.2,240.84,Other,HIGH_BILL_WARNING
10,139.9,139.58,11741.57,19.12,34.79,Lighting,REDUCE_LIGHTING_USAGE
2,145.78,157.18,4778.26,5.09,23.79,Kitchen,GENERAL_ENERGY_SAVING
1,514.77,614.28,12546.63,188.93,224.97,Cooling,REDUCE_COOLING_USAGE
1,261.58,271.1,17722.74,59.22,112.25,Heating,REDUCE_HEATING_USAGE
7,336.96,407.32,21165.92,111.99,140.61,Kitchen,REDUCE_HIGH_USAGE_APPLIANCE
3,291.49,334.83,8382.07,72.99,109.6,Refrigeration,OPTIMIZE_REFRIGERATION
8,687.34,690.65,55828.67,79.61,193.26,Kitchen,HIGH_BILL_WARNING
2,664.41,713.72,55227.96,33.38,100.85,Entertainment,HIGH_BILL_WARNING
11,308.28,303.69,10824.12,45.41,92.6,Lighting,REDUCE_LIGHTING_USAGE
8,247.14,250.99,16030.57,79.85,103.27,Kitchen,OPTIMIZE_REFRIGERATION
1,343.16,384.18,10929.13,123.12,133.9,Kitchen,REDUCE_HIGH_USAGE_APPLIANCE
4,192.1,216.64,18391.14,60.43,73.18,Cooling,REDUCE_COOLING_USAGE
1,167.89,163.47,6995.26,9.59,27.6,Other,GENERAL_ENERGY_SAVING
10,282.63,353.0,23396.84,89.98,114.65,Cooling,REDUCE_COOLING_USAGE
5,374.87,388.67,18189.96,135.61,192.29,Air Conditioning,REDUCE_COOLING_USAGE
11,352.21,404.19,5000.04,113.22,130.21,Refrigeration,OPTIMIZE_REFRIGERATION
5,305.04,326.15,7206.27,47.42,76.35,Kitchen,OPTIMIZE_REFRIGERATION
1,423.82,498.0,16763.35,138.04,174.84,Water Heating,REDUCE_HEATING_USAGE
12,383.11,401.02,13933.79,100.49,151.38,Heating,REDUCE_HEATING_USAGE
8,66.08,58.21,3233.33,2.7,8.43,Entertainment,GENERAL_ENERGY_SAVING
9,812.98,914.54,24386.17,122.18,240.29,Other,HIGH_BILL_WARNING
1,285.87,357.43,11143.15,123.35,140.69,Other,REDUCE_HIGH_USAGE_APPLIANCE
1,172.22,186.87,18168.23,42.79,65.01,Kitchen,OPTIMIZE_REFRIGERATION
9,165.65,177.92,9868.28,58.92,77.6,Refrigeration,OPTIMIZE_REFRIGERATION
10,376.94,444.43,13145.33,111.05,132.12,Cooling,REDUCE_COOLING_USAGE
3,416.18,443.99,14176.0,97.42,105.75,Entertainment,REDUCE_HIGH_USAGE_APPLIANCE
4,76.57,77.11,6624.78,10.1,18.4,Entertainment,GENERAL_ENERGY_SAVING
8,841.15,1123.92,37443.46,108.17,216.59,Other,HIGH_BILL_WARNING
10,341.85,407.06,20047.5,90.55,103.96,Heating,REDUCE_HEATING_USAGE
8,259.88,262.0,12122.44,74.8,142.45,Heating,REDUCE_HEATING_USAGE
12,130.81,168.9,12788.88,10.84,34.85,Lighting,REDUCE_LIGHTING_USAGE
2,395.21,392.23,24037.48,139.68,211.88,Entertainment,REDUCE_HIGH_USAGE_APPLIANCE
1,201.78,226.15,17671.49,60.94,65.27,Kitchen,OPTIMIZE_REFRIGERATION
6,270.38,313.85,10411.32,29.34,96.48,Lighting,REDUCE_LIGHTING_USAGE
1,63.38,61.73,3805.88,9.59,16.62,Lighting,GENERAL_ENERGY_SAVING
1,87.58,76.16,6493.36,10.69,20.52,Entertainment,GENERAL_ENERGY_SAVING
12,76.66,71.82,3822.08,10.27,20.12,Kitchen,GENERAL_ENERGY_SAVING
7,162.76,177.55,4517.12,9.09,33.6,Other,GENERAL_ENERGY_SAVING
7,152.52,148.4,12789.18,26.06,44.9,Lighting,REDUCE_LIGHTING_USAGE
10,135.83,132.23,11312.16,10.17,42.74,Lighting,REDUCE_LIGHTING_USAGE
11,63.45,67.92,6821.75,3.85,8.89,Other,GENERAL_ENERGY_SAVING
2,166.68,179.3,5711.15,64.95,73.01,Kitchen,OPTIMIZE_REFRIGERATION
10,191.47,191.95,11950.01,39.22,76.81,Water Heating,REDUCE_HEATING_USAGE
9,223.68,247.05,11012.17,68.17,86.32,Other,REDUCE_HIGH_USAGE_APPLIANCE
3,254.63,288.01,11751.04,47.63,79.78,Refrigeration,OPTIMIZE_REFRIGERATION
4,185.21,212.69,11674.43,27.33,52.48,Lighting,REDUCE_LIGHTING_USAGE
11,508.2,513.44,25920.98,239.53,274.45,Kitchen,REDUCE_HIGH_USAGE_APPLIANCE
9,357.63,409.94,49950.51,31.09,70.28,Other,HIGH_BILL_WARNING
10,335.27,378.12,10382.41,129.03,176.55,Kitchen,REDUCE_HIGH_USAGE_APPLIANCE
6,305.17,349.91,18618.29,103.96,120.25,Kitchen,OPTIMIZE_REFRIGERATION
6,247.09,256.5,13296.37,33.88,109.06,Lighting,REDUCE_LIGHTING_USAGE
4,221.03,250.28,13476.81,67.31,105.64,Air Conditioning,REDUCE_COOLING_USAGE
11,472.74,582.59,6051.56,106.94,191.59,Heating,REDUCE_HEATING_USAGE
4,202.75,224.55,7192.72,29.57,70.85,Lighting,REDUCE_LIGHTING_USAGE
11,157.43,147.47,4977.65,11.36,25.92,Lighting,GENERAL_ENERGY_SAVING
9,533.23,612.4,19472.53,111.22,178.0,Cooling,REDUCE_COOLING_USAGE
11,300.86,294.16,5964.15,76.23,130.5,Lighting,REDUCE_LIGHTING_USAGE
8,616.01,781.28,35767.56,100.15,201.98,Cooling,HIGH_BILL_WARNING
5,373.35,423.81,27790.66,127.18,161.59,Cooling,REDUCE_COOLING_USAGE
7,233.59,258.02,11268.71,49.01,63.96,Kitchen,REDUCE_HIGH_USAGE_APPLIANCE
6,274.79,289.95,15211.53,45.02,80.39,Lighting,REDUCE_LIGHTING_USAGE
11,627.46,700.86,40485.07,89.39,143.77,Kitchen,HIGH_BILL_WARNING
5,281.44,340.38,20972.22,62.64,81.49,Other,REDUCE_HIGH_USAGE_APPLIANCE
11,284.52,291.93,14955.75,93.44,126.0,Heating,REDUCE_HEATING_USAGE
10,181.56,178.29,14300.12,40.93,76.35,Lighting,REDUCE_LIGHTING_USAGE
11,182.12,200.15,17988.94,75.05,97.47,Other,REDUCE_HIGH_USAGE_APPLIANCE
7,331.28,381.35,10721.18,72.95,102.91,Kitchen,REDUCE_HIGH_USAGE_APPLIANCE
1,404.36,485.73,24006.91,157.26,218.63,Cooling,REDUCE_COOLING_USAGE
8,663.9,822.56,22418.33,84.75,142.67,Kitchen,HIGH_BILL_WARNING
2,193.3,226.04,11469.59,99.21,105.8,Laundry,REDUCE_HIGH_USAGE_APPLIANCE
2,617.87,662.8,27822.53,51.49,154.43,Other,HIGH_BILL_WARNING
8,452.68,503.4,22015.69,94.32,131.04,Kitchen,REDUCE_HIGH_USAGE_APPLIANCE
7,447.35,574.33,39966.53,44.73,138.12,Other,HIGH_BILL_WARNING
4,110.02,120.32,13481.77,30.38,53.31,Kitchen,OPTIMIZE_REFRIGERATION
4,79.18,75.52,6762.73,6.47,10.79,Other,GENERAL_ENERGY_SAVING
11,238.67,244.65,10637.26,60.53,85.79,Refrigeration,OPTIMIZE_REFRIGERATION
10,50.54,47.01,1153.2,4.93,11.19,Entertainment,GENERAL_ENERGY_SAVING
2,101.89,88.48,6118.76,5.86,24.07,Kitchen,GENERAL_ENERGY_SAVING
4,280.36,299.23,24240.65,73.44,105.1,Kitchen,REDUCE_HIGH_USAGE_APPLIANCE
11,288.2,337.83,21902.07,73.94,91.51,Water Heating,REDUCE_HEATING_USAGE
3,208.87,262.14,22589.91,62.18,99.53,Heating,REDUCE_HEATING_USAGE
9,455.5,506.42,27089.12,65.94,154.43,Cooling,REDUCE_COOLING_USAGE
1,451.97,485.62,15033.38,112.47,157.18,Air Conditioning,REDUCE_COOLING_USAGE
5,231.04,230.33,8263.51,58.84,77.38,Laundry,REDUCE_HIGH_USAGE_APPLIANCE
2,495.48,578.14,58053.79,63.29,140.05,Laundry,HIGH_BILL_WARNING
8,200.31,207.41,11280.77,53.56,64.48,Kitchen,REDUCE_HIGH_USAGE_APPLIANCE
2,243.75,258.54,19136.61,99.55,117.99,Water Heating,REDUCE_HEATING_USAGE
12,274.42,285.89,10824.16,89.91,122.33,Refrigeration,OPTIMIZE_REFRIGERATION
7,491.23,585.92,17475.06,153.51,211.86,Kitchen,REDUCE_HIGH_USAGE_APPLIANCE
2,624.2,814.63,33645.77,42.81,134.34,Laundry,HIGH_BILL_WARNING
3,270.96,290.62,8701.41,111.43,124.93,Heating,REDUCE_HEATING_USAGE
2,208.16,266.82,4742.48,85.6,93.56,Refrigeration,OPTIMIZE_REFRIGERATION
12,123.75,122.05,3956.74,9.13,24.02,Entertainment,GENERAL_ENERGY_SAVING
11,492.52,546.9,11318.37,158.84,176.82,Other,REDUCE_HIGH_USAGE_APPLIANCE
8,269.54,291.9,4596.63,58.01,107.72,Lighting,REDUCE_LIGHTING_USAGE
9,232.98,239.13,25631.8,77.05,89.09,Entertainment,REDUCE_HIGH_USAGE_APPLIANCE
2,149.32,156.86,8537.58,34.04,47.57,Heating,REDUCE_HEATING_USAGE
2,588.69,729.31,43930.2,63.04,169.04,Entertainment,HIGH_BILL_WARNING
4,349.89,408.06,14257.86,56.15,107.08,Water Heating,REDUCE_HEATING_USAGE
1,87.81,76.92,7410.35,6.1,23.77,Entertainment,GENERAL_ENERGY_SAVING
2,327.27,318.24,17339.03,101.34,136.04,Refrigeration,OPTIMIZE_REFRIGERATION
12,280.53,301.76,11856.49,59.92,129.62,Cooling,REDUCE_COOLING_USAGE
1,449.08,520.18,13324.18,79.29,149.7,Cooling,REDUCE_COOLING_USAGE
6,315.43,349.87,9177.79,56.43,100.87,Lighting,REDUCE_LIGHTING_USAGE
9,183.13,218.64,23458.83,30.34,59.59,Water Heating,REDUCE_HEATING_USAGE
8,57.1,48.67,3596.46,3.99,9.14,Lighting,GENERAL_ENERGY_SAVING
9,409.89,434.02,19667.95,112.89,205.19,Heating,REDUCE_HEATING_USAGE
9,196.43,221.1,15857.92,62.35,73.36,Refrigeration,OPTIMIZE_REFRIGERATION
3,146.66,131.73,3510.67,7.77,33.77,Entertainment,GENERAL_ENERGY_SAVING
8,451.19,440.97,10068.88,112.82,170.49,Cooling,REDUCE_COOLING_USAGE
4,407.92,512.85,23496.03,173.07,195.79,Laundry,REDUCE_HIGH_USAGE_APPLIANCE
10,161.27,179.97,7384.13,45.52,72.21,Refrigeration,OPTIMIZE_REFRIGERATION
11,141.68,149.94,3312.47,21.9,39.91,Kitchen,GENERAL_ENERGY_SAVING
6,121.55,130.8,7020.47,7.92,14.09,Lighting,GENERAL_ENERGY_SAVING
8,371.42,469.89,10130.51,104.31,202.61,Water Heating,REDUCE_HEATING_USAGE
9,273.21,295.05,8441.4,27.65,95.73,Lighting,REDUCE_LIGHTING_USAGE
6,402.49,404.37,18864.1,96.55,134.01,Entertainment,REDUCE_HIGH_USAGE_APPLIANCE
7,514.73,553.14,49024.59,52.99,83.75,Entertainment,HIGH_BILL_WARNING
12,234.89,268.73,13632.9,59.32,64.69,Refrigeration,OPTIMIZE_REFRIGERATION
5,154.0,180.16,5569.91,14.54,42.9,Lighting,REDUCE_LIGHTING_USAGE
4,225.2,220.02,10911.08,22.19,45.73,Lighting,REDUCE_LIGHTING_USAGE
3,115.58,101.56,1515.27,8.43,33.86,Other,GENERAL_ENERGY_SAVING
10,231.3,224.26,7442.09,54.02,95.53,Refrigeration,OPTIMIZE_REFRIGERATION
11,568.55,656.38,57448.9,108.24,164.43,Cooling,HIGH_BILL_WARNING
6,271.91,282.63,7870.62,27.45,59.32,Lighting,REDUCE_LIGHTING_USAGE
3,138.97,156.94,14987.53,30.21,52.63,Refrigeration,OPTIMIZE_REFRIGERATION
11,135.43,131.64,4049.38,7.15,14.73,Entertainment,GENERAL_ENERGY_SAVING
4,117.68,126.19,7460.99,20.66,41.33,Lighting,REDUCE_LIGHTING_USAGE
1,210.79,218.51,19837.79,42.94,56.42,Heating,REDUCE_HEATING_USAGE
4,90.6,98.86,5463.54,9.68,20.09,Entertainment,GENERAL_ENERGY_SAVING
10,134.39,122.92,5120.32,6.36,19.74,Entertainment,GENERAL_ENERGY_SAVING
2,344.59,424.85,16738.97,91.62,138.09,Air Conditioning,REDUCE_COOLING_USAGE
8,250.24,298.64,15018.22,56.33,73.3,Kitchen,OPTIMIZE_REFRIGERATION
3,495.05,511.1,25858.19,141.62,196.92,Laundry,REDUCE_HIGH_USAGE_APPLIANCE
11,316.38,322.87,15847.55,57.78,87.04,Refrigeration,OPTIMIZE_REFRIGERATION
12,282.97,315.61,7689.89,133.56,149.64,Other,REDUCE_HIGH_USAGE_APPLIANCE
9,152.99,152.23,1765.08,22.1,42.76,Other,GENERAL_ENERGY_SAVING
2,206.7,213.85,16447.8,50.2,97.01,Water Heating,REDUCE_HEATING_USAGE
5,401.51,505.17,16437.07,89.31,139.77,Cooling,REDUCE_COOLING_USAGE
11,383.55,413.48,14543.91,89.06,118.15,Heating,REDUCE_HEATING_USAGE
7,418.45,478.66,31538.61,47.69,145.49,Entertainment,HIGH_BILL_WARNING
3,182.75,185.25,4468.45,28.41,61.27,Lighting,REDUCE_LIGHTING_USAGE
5,413.52,528.64,21823.72,117.14,155.64,Heating,REDUCE_HEATING_USAGE
10,174.03,200.85,21155.27,21.78,44.54,Water Heating,REDUCE_HEATING_USAGE
3,317.42,383.79,22761.96,42.85,98.25,Cooling,REDUCE_COOLING_USAGE
5,362.21,428.11,12569.35,124.66,131.73,Kitchen,OPTIMIZE_REFRIGERATION
10,291.44,326.83,11927.57,52.27,83.48,Refrigeration,OPTIMIZE_REFRIGERATION
11,159.59,160.5,13773.27,40.22,69.55,Lighting,REDUCE_LIGHTING_USAGE
12,358.99,349.2,10069.05,124.15,162.03,Refrigeration,OPTIMIZE_REFRIGERATION
2,254.66,305.05,14864.25,45.73,82.63,Kitchen,OPTIMIZE_REFRIGERATION
9,328.52,378.72,13188.51,121.34,178.28,Entertainment,REDUCE_HIGH_USAGE_APPLIANCE
10,425.14,533.89,6931.66,153.68,213.69,Water Heating,REDUCE_HEATING_USAGE
9,129.59,128.14,7037.19,15.58,38.0,Entertainment,GENERAL_ENERGY_SAVING
3,311.76,374.11,17739.7,154.01,182.39,Air Conditioning,REDUCE_COOLING_USAGE
6,133.22,130.04,10095.56,14.65,33.59,Lighting,REDUCE_LIGHTING_USAGE
11,297.05,309.4,15187.2,30.62,98.79,Lighting,REDUCE_LIGHTING_USAGE
10,358.83,361.33,14144.34,114.1,168.17,Laundry,REDUCE_HIGH_USAGE_APPLIANCE
4,184.57,207.48,18750.27,71.54,98.51,Cooling,REDUCE_COOLING_USAGE
7,542.02,526.12,14004.96,124.85,195.62,Cooling,REDUCE_COOLING_USAGE
4,115.74,124.43,18622.81,30.22,37.89,Refrigeration,OPTIMIZE_REFRIGERATION
4,398.88,499.04,22459.76,111.51,153.07,Cooling,REDUCE_COOLING_USAGE
9,119.83,125.76,4454.72,20.2,43.67,Lighting,REDUCE_LIGHTING_USAGE
1,683.79,739.88,51294.35,94.39,213.95,Laundry,HIGH_BILL_WARNING
7,433.54,503.11,7165.19,96.34,160.81,Cooling,REDUCE_COOLING_USAGE
3,181.04,179.42,14956.7,47.6,82.01,Refrigeration,OPTIMIZE_REFRIGERATION
7,272.58,316.41,17918.8,60.94,71.8,Heating,REDUCE_HEATING_USAGE
1,412.74,489.48,21295.26,106.35,227.98,Cooling,REDUCE_COOLING_USAGE
9,186.83,213.64,3856.94,29.52,81.92,Lighting,REDUCE_LIGHTING_USAGE
9,173.17,204.82,14564.08,45.53,73.98,Kitchen,OPTIMIZE_REFRIGERATION
3,117.03,127.33,1146.84,4.96,23.28,Kitchen,GENERAL_ENERGY_SAVING
4,266.35,310.58,13757.62,35.72,119.48,Lighting,REDUCE_LIGHTING_USAGE
6,118.65,137.99,16154.06,40.89,49.39,Kitchen,OPTIMIZE_REFRIGERATION
4,470.01,503.01,23471.78,145.82,174.73,Cooling,REDUCE_COOLING_USAGE
11,110.06,107.48,4012.99,17.33,39.33,Lighting,REDUCE_LIGHTING_USAGE
6,127.04,151.29,11642.44,20.55,41.81,Lighting,REDUCE_LIGHTING_USAGE
5,425.64,576.09,21340.16,143.25,223.66,Heating,REDUCE_HEATING_USAGE
2,648.55,809.86,54277.92,51.53,119.98,Entertainment,HIGH_BILL_WARNING
1,340.48,370.68,5649.43,77.29,91.61,Water Heating,REDUCE_HEATING_USAGE
7,217.22,267.01,18141.03,88.84,96.6,Other,REDUCE_HIGH_USAGE_APPLIANCE
11,569.3,678.18,35194.68,38.51,102.62,Kitchen,HIGH_BILL_WARNING
9,350.39,396.2,17943.54,79.38,109.0,Refrigeration,OPTIMIZE_REFRIGERATION
7,110.95,128.07,15132.92,24.18,35.47,Refrigeration,OPTIMIZE_REFRIGERATION
10,727.93,812.42,64057.35,76.76,139.65,Kitchen,HIGH_BILL_WARNING
11,156.35,184.4,15056.45,35.06,69.92,Lighting,REDUCE_LIGHTING_USAGE
2,307.27,343.07,5495.95,111.33,122.91,Refrigeration,OPTIMIZE_REFRIGERATION
3,234.48,236.55,16361.46,68.21,81.1,Water Heating,REDUCE_HEATING_USAGE
8,117.96,114.35,1871.43,6.34,20.82,Kitchen,GENERAL_ENERGY_SAVING
4,294.13,332.11,12907.75,73.95,111.77,Refrigeration,OPTIMIZE_REFRIGERATION
5,556.41,614.33,27204.76,202.3,246.27,Cooling,REDUCE_COOLING_USAGE
12,363.66,365.78,11127.59,63.1,133.59,Heating,REDUCE_HEATING_USAGE
12,147.09,161.4,2311.83,11.85,24.35,Kitchen,GENERAL_ENERGY_SAVING
8,504.49,635.56,8814.1,144.9,268.42,Cooling,REDUCE_COOLING_USAGE
3,369.9,461.01,16234.01,126.94,145.14,Water Heating,REDUCE_HEATING_USAGE
11,541.51,618.44,16889.83,136.49,181.22,Cooling,REDUCE_COOLING_USAGE
3,330.8,358.45,5227.53,80.94,108.55,Refrigeration,OPTIMIZE_REFRIGERATION
11,355.31,452.4,10788.06,145.13,185.85,Heating,REDUCE_HEATING_USAGE
7,275.98,326.02,6477.07,93.01,139.56,Laundry,REDUCE_HIGH_USAGE_APPLIANCE
11,202.3,210.57,11246.04,19.98,54.96,Lighting,REDUCE_LIGHTING_USAGE
1,300.06,338.58,25359.6,147.58,163.13,Other,REDUCE_HIGH_USAGE_APPLIANCE
9,62.46,62.31,3521.16,4.29,8.18,Lighting,GENERAL_ENERGY_SAVING
4,144.04,158.97,16627.81,34.93,40.13,Kitchen,OPTIMIZE_REFRIGERATION
2,746.26,785.71,57325.68,50.23,116.97,Cooling,HIGH_BILL_WARNING
2,340.51,325.1,9338.49,59.1,90.03,Refrigeration,OPTIMIZE_REFRIGERATION
3,92.24,86.16,5668.19,8.48,19.4,Kitchen,GENERAL_ENERGY_SAVING
7,293.6,334.57,18677.55,68.36,119.01,Heating,REDUCE_HEATING_USAGE
1,479.38,571.46,14642.72,177.64,254.0,Other,REDUCE_HIGH_USAGE_APPLIANCE
7,304.44,334.03,18714.8,128.85,164.17,Entertainment,REDUCE_HIGH_USAGE_APPLIANCE
10,414.16,391.15,16124.44,89.25,116.82,Refrigeration,OPTIMIZE_REFRIGERATION
11,122.6,127.04,5663.89,16.4,29.57,Other,GENERAL_ENERGY_SAVING
6,437.18,469.15,12935.05,173.88,217.68,Laundry,REDUCE_HIGH_USAGE_APPLIANCE
9,95.11,102.41,3759.25,6.15,27.52,Kitchen,GENERAL_ENERGY_SAVING
10,369.16,383.85,8760.29,105.17,162.43,Refrigeration,OPTIMIZE_REFRIGERATION
2,51.06,52.96,6445.23,4.77,10.5,Entertainment,GENERAL_ENERGY_SAVING
6,178.27,180.15,6391.95,18.55,40.65,Lighting,GENERAL_ENERGY_SAVING
1,524.86,556.32,23119.98,151.26,314.49,Air Conditioning,REDUCE_COOLING_USAGE
5,524.26,658.24,61191.75,62.22,104.93,Laundry,HIGH_BILL_WARNING
8,364.57,422.58,24615.14,94.14,114.68,Cooling,REDUCE_COOLING_USAGE
4,432.41,433.09,10514.97,167.36,190.35,Water Heating,REDUCE_HEATING_USAGE
3,233.34,246.97,14534.04,21.81,88.14,Lighting,REDUCE_LIGHTING_USAGE
3,234.03,234.69,11050.04,59.09,66.47,Kitchen,OPTIMIZE_REFRIGERATION
4,336.65,407.75,20943.69,67.46,88.75,Heating,REDUCE_HEATING_USAGE
8,414.33,530.0,10207.98,122.68,158.84,Water Heating,REDUCE_HEATING_USAGE
11,114.57,111.26,6836.39,6.52,21.95,Lighting,GENERAL_ENERGY_SAVING
4,254.65,303.19,24857.02,65.44,150.81,Cooling,REDUCE_COOLING_USAGE
11,310.45,376.82,8906.35,110.88,161.22,Laundry,REDUCE_HIGH_USAGE_APPLIANCE
11,479.08,493.46,17558.14,132.7,240.75,Cooling,REDUCE_COOLING_USAGE
5,359.13,395.89,9407.44,114.24,174.57,Refrigeration,OPTIMIZE_REFRIGERATION
8,132.82,117.11,4708.07,10.33,19.98,Lighting,GENERAL_ENERGY_SAVING
1,186.05,233.38,17505.84,57.52,64.9,Water Heating,REDUCE_HEATING_USAGE
2,418.66,499.89,23720.85,135.67,247.03,Cooling,REDUCE_COOLING_USAGE
4,112.66,116.54,10447.04,30.23,45.75,Refrigeration,OPTIMIZE_REFRIGERATION
2,440.28,456.58,21738.09,138.55,148.6,Entertainment,REDUCE_HIGH_USAGE_APPLIANCE
9,222.91,283.79,11738.5,60.74,84.52,Heating,REDUCE_HEATING_USAGE
2,489.4,538.27,15777.85,132.99,151.05,Kitchen,REDUCE_HIGH_USAGE_APPLIANCE
8,317.59,388.52,19543.09,97.57,116.63,Laundry,REDUCE_HIGH_USAGE_APPLIANCE
11,496.67,537.82,35492.17,97.14,141.49,Other,HIGH_BILL_WARNING
8,213.85,258.33,17109.21,36.64,58.78,Water Heating,REDUCE_HEATING_USAGE
9,206.98,222.73,7479.21,27.85,90.52,Lighting,REDUCE_LIGHTING_USAGE
4,127.12,132.49,15214.26,14.37,53.22,Lighting,REDUCE_LIGHTING_USAGE
8,590.68,667.03,64111.93,88.54,135.19,Other,HIGH_BILL_WARNING
6,241.61,256.4,10033.33,39.76,83.18,Lighting,REDUCE_LIGHTING_USAGE
10,472.49,636.38,54558.24,27.34,75.64,Entertainment,HIGH_BILL_WARNING
5,272.52,260.24,12985.73,43.59,80.49,Lighting,REDUCE_LIGHTING_USAGE
3,212.7,267.57,18212.26,57.64,65.14,Heating,REDUCE_HEATING_USAGE
8,290.15,377.14,24151.3,70.27,126.19,Cooling,REDUCE_COOLING_USAGE
2,73.75,64.06,1040.54,6.11,21.55,Kitchen,GENERAL_ENERGY_SAVING
1,149.2,144.45,6964.37,30.58,55.22,Kitchen,OPTIMIZE_REFRIGERATION
6,315.76,338.67,13994.24,102.6,140.26,Other,REDUCE_HIGH_USAGE_APPLIANCE
11,538.08,628.04,11270.07,93.24,183.07,Cooling,REDUCE_COOLING_USAGE
4,233.4,276.59,11199.19,23.77,49.01,Lighting,REDUCE_LIGHTING_USAGE
3,242.06,283.06,3599.63,22.95,50.57,Lighting,REDUCE_LIGHTING_USAGE
3,440.59,469.32,19437.5,143.59,192.16,Other,REDUCE_HIGH_USAGE_APPLIANCE
2,324.17,279.2,12604.25,56.18,82.36,Refrigeration,OPTIMIZE_REFRIGERATION
6,751.41,866.32,39658.88,43.75,139.15,Cooling,HIGH_BILL_WARNING
11,406.68,509.01,58854.67,50.14,97.76,Other,HIGH_BILL_WARNING
11,296.96,300.96,14840.8,94.42,107.21,Refrigeration,OPTIMIZE_REFRIGERATION
8,131.78,137.27,6530.4,9.25,38.64,Lighting,GENERAL_ENERGY_SAVING
9,532.11,543.95,22371.69,106.28,186.79,Cooling,REDUCE_COOLING_USAGE
6,443.04,444.41,18836.96,77.07,117.61,Water Heating,REDUCE_HEATING_USAGE
1,118.78,121.5,10557.75,33.02,54.83,Refrigeration,OPTIMIZE_REFRIGERATION
1,190.02,202.6,9253.13,21.83,39.9,Lighting,REDUCE_LIGHTING_USAGE
10,161.91,160.69,5613.08,53.34,56.3,Refrigeration,OPTIMIZE_REFRIGERATION
7,56.38,54.19,2340.55,2.07,7.01,Entertainment,GENERAL_ENERGY_SAVING
7,192.05,226.1,12208.39,46.03,61.33,Other,REDUCE_HIGH_USAGE_APPLIANCE
7,251.09,241.84,9593.81,28.39,104.54,Lighting,REDUCE_LIGHTING_USAGE
4,455.89,479.62,29823.74,77.14,147.59,Kitchen,HIGH_BILL_WARNING
7,56.59,55.98,1649.87,5.76,12.14,Lighting,GENERAL_ENERGY_SAVING
4,557.1,743.4,54039.33,54.52,161.34,Laundry,HIGH_BILL_WARNING
9,114.82,116.94,14904.88,17.12,40.96,Lighting,REDUCE_LIGHTING_USAGE
2,446.06,439.36,19750.26,105.59,138.29,Other,REDUCE_HIGH_USAGE_APPLIANCE
12,266.44,281.82,14506.76,27.29,71.73,Lighting,REDUCE_LIGHTING_USAGE
5,268.29,326.91,16028.86,81.53,108.99,Kitchen,REDUCE_HIGH_USAGE_APPLIANCE
5,322.56,374.15,13398.85,120.06,130.84,Kitchen,OPTIMIZE_REFRIGERATION
7,798.78,1066.03,44604.8,82.51,135.42,Laundry,HIGH_BILL_WARNING
10,357.2,406.54,57504.74,41.66,100.86,Laundry,HIGH_BILL_WARNING
6,371.98,371.83,5989.99,79.18,135.2,Refrigeration,OPTIMIZE_REFRIGERATION
2,390.52,424.09,17987.28,138.13,177.96,Refrigeration,OPTIMIZE_REFRIGERATION
5,146.27,170.3,7887.45,44.87,68.47,Refrigeration,OPTIMIZE_REFRIGERATION
11,120.17,115.5,16162.49,39.44,52.9,Refrigeration,OPTIMIZE_REFRIGERATION
7,385.55,419.92,7370.8,93.96,150.24,Refrigeration,OPTIMIZE_REFRIGERATION
9,142.74,161.42,11554.5,21.33,37.19,Refrigeration,OPTIMIZE_REFRIGERATION
6,50.89,55.16,6162.91,4.54,14.1,Entertainment,GENERAL_ENERGY_SAVING
7,443.18,536.62,5727.64,113.46,136.32,Other,REDUCE_HIGH_USAGE_APPLIANCE
4,54.66,55.85,1900.21,1.49,6.64,Lighting,GENERAL_ENERGY_SAVING
10,704.9,947.51,31489.63,145.62,237.41,Laundry,HIGH_BILL_WARNING
9,214.56,207.34,7364.0,37.67,74.94,Lighting,REDUCE_LIGHTING_USAGE
1,208.03,262.35,10377.47,59.31,89.76,Water Heating,REDUCE_HEATING_USAGE
11,389.52,397.68,36000.25,23.05,65.85,Other,HIGH_BILL_WARNING
2,462.55,495.45,8820.83,117.73,184.12,Water Heating,REDUCE_HEATING_USAGE
9,223.19,260.2,15974.03,58.6,106.0,Refrigeration,OPTIMIZE_REFRIGERATION
6,232.58,279.03,15318.61,40.11,81.38,Lighting,REDUCE_LIGHTING_USAGE
10,354.42,405.63,9996.95,75.83,129.65,Cooling,REDUCE_COOLING_USAGE
8,404.95,500.43,16528.51,103.0,147.83,Cooling,REDUCE_COOLING_USAGE
1,398.96,416.79,27583.86,75.77,188.35,Air Conditioning,REDUCE_COOLING_USAGE
11,463.71,488.8,49261.94,45.23,79.43,Laundry,HIGH_BILL_WARNING
1,415.63,507.69,9762.46,69.6,143.64,Cooling,REDUCE_COOLING_USAGE
7,560.63,683.35,24597.01,127.73,184.27,Laundry,HIGH_BILL_WARNING
4,259.37,309.69,11398.5,52.18,100.37,Lighting,REDUCE_LIGHTING_USAGE
2,284.19,314.52,15074.45,66.19,115.39,Kitchen,OPTIMIZE_REFRIGERATION
2,351.17,443.3,22943.62,86.51,113.29,Cooling,REDUCE_COOLING_USAGE
2,558.09,603.63,34825.27,83.13,123.16,Entertainment,HIGH_BILL_WARNING
4,805.3,976.09,24873.01,136.85,238.56,Other,HIGH_BILL_WARNING
9,566.36,693.17,61868.83,54.24,102.42,Kitchen,HIGH_BILL_WARNING
3,337.74,371.9,7851.67,91.0,147.86,Refrigeration,OPTIMIZE_REFRIGERATION
8,256.06,266.72,6538.36,23.94,93.24,Lighting,REDUCE_LIGHTING_USAGE
3,183.53,211.67,9907.09,62.53,68.87,Refrigeration,OPTIMIZE_REFRIGERATION
12,454.93,562.04,13448.86,166.55,216.34,Other,REDUCE_HIGH_USAGE_APPLIANCE
2,174.88,171.49,2700.01,24.78,44.69,Lighting,GENERAL_ENERGY_SAVING
7,199.94,215.37,8250.36,18.01,87.22,Lighting,REDUCE_LIGHTING_USAGE
5,397.7,442.3,21239.95,101.91,157.41,Heating,REDUCE_HEATING_USAGE
7,129.95,141.28,9842.81,14.6,51.83,Lighting,REDUCE_LIGHTING_USAGE
5,353.43,419.66,6113.02,96.71,116.08,Refrigeration,OPTIMIZE_REFRIGERATION
8,556.83,680.62,39553.01,65.49,110.93,Laundry,HIGH_BILL_WARNING
9,174.2,184.36,9032.81,72.37,88.46,Kitchen,REDUCE_HIGH_USAGE_APPLIANCE
2,52.01,53.86,2896.46,3.55,12.72,Entertainment,GENERAL_ENERGY_SAVING
6,194.05,194.25,21023.33,61.21,78.9,Water Heating,REDUCE_HEATING_USAGE
11,525.84,558.06,15311.5,137.37,270.73,Cooling,REDUCE_COOLING_USAGE
6,40.63,39.85,1128.26,1.96,9.01,Other,GENERAL_ENERGY_SAVING
10,367.4,385.7,17048.16,78.63,127.16,Refrigeration,OPTIMIZE_REFRIGERATION
7,169.85,200.99,8487.1,69.99,87.26,Heating,REDUCE_HEATING_USAGE
8,398.76,432.77,24964.46,157.52,217.65,Other,REDUCE_HIGH_USAGE_APPLIANCE
1,123.33,116.97,1406.59,7.2,23.12,Lighting,GENERAL_ENERGY_SAVING
3,197.22,248.77,7482.09,18.56,88.66,Lighting,REDUCE_LIGHTING_USAGE
3,97.0,109.56,9181.01,13.65,30.82,Lighting,REDUCE_LIGHTING_USAGE
8,236.51,280.64,22783.8,33.79,77.79,Air Conditioning,REDUCE_COOLING_USAGE
2,275.16,313.33,5628.65,48.12,75.18,Heating,REDUCE_HEATING_USAGE
6,290.98,304.73,10655.91,106.71,149.23,Cooling,REDUCE_COOLING_USAGE
11,187.09,202.41,6521.95,60.76,88.66,Laundry,REDUCE_HIGH_USAGE_APPLIANCE
2,532.04,668.15,35785.58,80.71,162.73,Entertainment,HIGH_BILL_WARNING
5,437.9,458.55,6549.94,117.78,138.34,Kitchen,REDUCE_HIGH_USAGE_APPLIANCE
1,191.09,217.2,11652.94,46.42,66.44,Refrigeration,OPTIMIZE_REFRIGERATION
9,131.76,135.38,13243.29,24.84,46.18,Lighting,REDUCE_LIGHTING_USAGE
12,280.48,284.86,3841.81,31.22,108.92,Lighting,REDUCE_LIGHTING_USAGE
5,146.52,173.83,8181.17,22.72,38.8,Kitchen,OPTIMIZE_REFRIGERATION
6,257.14,253.58,13094.19,18.12,72.2,Lighting,REDUCE_LIGHTING_USAGE
2,611.52,655.55,38918.34,34.19,104.05,Kitchen,HIGH_BILL_WARNING
6,458.72,485.02,25181.76,140.31,186.74,Cooling,REDUCE_COOLING_USAGE
7,146.49,171.15,5280.6,46.87,55.89,Kitchen,OPTIMIZE_REFRIGERATION
1,391.91,402.43,13063.87,88.14,190.66,Heating,REDUCE_HEATING_USAGE
10,164.95,196.67,14678.98,44.86,67.26,Kitchen,REDUCE_HIGH_USAGE_APPLIANCE
3,253.34,295.79,16621.15,73.5,87.13,Heating,REDUCE_HEATING_USAGE
9,163.52,188.97,9737.18,21.08,38.91,Lighting,REDUCE_LIGHTING_USAGE
6,292.92,362.81,11055.73,44.3,107.88,Cooling,REDUCE_COOLING_USAGE
9,166.72,165.57,14675.36,71.56,77.81,Refrigeration,OPTIMIZE_REFRIGERATION
2,378.56,419.81,16371.14,89.14,188.29,Heating,REDUCE_HEATING_USAGE
11,113.93,114.07,1737.69,15.85,33.98,Lighting,GENERAL_ENERGY_SAVING
1,562.13,749.82,49928.6,52.22,146.59,Other,HIGH_BILL_WARNING
5,347.68,386.54,14373.16,84.29,120.71,Water Heating,REDUCE_HEATING_USAGE
5,373.46,404.04,7216.71,96.31,186.3,Water Heating,REDUCE_HEATING_USAGE
6,167.62,193.05,21338.93,45.15,64.53,Kitchen,REDUCE_HIGH_USAGE_APPLIANCE
6,838.64,1044.99,31910.99,48.96,130.41,Cooling,HIGH_BILL_WARNING
1,220.72,242.66,13167.01,56.05,81.64,Entertainment,REDUCE_HIGH_USAGE_APPLIANCE
7,353.48,437.49,18752.64,104.39,126.51,Entertainment,REDUCE_HIGH_USAGE_APPLIANCE
12,580.18,615.16,22307.28,72.92,145.74,Laundry,HIGH_BILL_WARNING
10,295.48,327.13,7832.83,59.13,95.55,Kitchen,OPTIMIZE_REFRIGERATION
12,312.93,337.49,9070.77,88.59,142.02,Air Conditioning,REDUCE_COOLING_USAGE
8,403.38,470.52,23208.02,38.43,80.06,Kitchen,HIGH_BILL_WARNING
2,668.3,748.82,25346.54,75.4,198.35,Kitchen,HIGH_BILL_WARNING
2,169.38,171.88,13660.5,75.32,89.72,Kitchen,REDUCE_HIGH_USAGE_APPLIANCE
4,383.46,392.08,20265.77,96.47,129.15,Other,REDUCE_HIGH_USAGE_APPLIANCE
10,111.98,127.38,9636.76,9.27,39.85,Lighting,REDUCE_LIGHTING_USAGE
3,82.75,83.33,5742.01,5.23,18.99,Lighting,GENERAL_ENERGY_SAVING
10,140.5,164.95,13917.72,45.48,70.05,Kitchen,OPTIMIZE_REFRIGERATION
7,40.63,37.27,2008.01,3.39,11.27,Lighting,GENERAL_ENERGY_SAVING
4,238.82,282.64,9287.24,82.76,111.57,Refrigeration,OPTIMIZE_REFRIGERATION
2,114.87,132.74,13972.13,41.01,43.29,Refrigeration,OPTIMIZE_REFRIGERATION
1,280.6,286.59,14217.51,64.54,133.88,Water Heating,REDUCE_HEATING_USAGE
6,490.3,597.77,38923.02,31.44,90.64,Entertainment,HIGH_BILL_WARNING
5,160.65,148.25,6703.41,25.82,47.77,Lighting,GENERAL_ENERGY_SAVING
3,280.48,330.24,9941.21,107.2,141.9,Heating,REDUCE_HEATING_USAGE
11,317.59,395.82,22326.04,89.97,102.68,Entertainment,REDUCE_HIGH_USAGE_APPLIANCE
7,252.29,295.66,11085.69,41.03,78.48,Lighting,REDUCE_LIGHTING_USAGE
12,355.92,454.99,21856.4,97.57,163.43,Heating,REDUCE_HEATING_USAGE
9,421.09,470.25,16623.87,63.73,125.29,Water Heating,REDUCE_HEATING_USAGE
2,334.69,393.12,20537.72,81.72,102.87,Kitchen,REDUCE_HIGH_USAGE_APPLIANCE
6,140.27,158.68,10174.78,25.1,45.22,Heating,REDUCE_HEATING_USAGE
9,130.84,120.02,5010.55,6.66,13.82,Kitchen,GENERAL_ENERGY_SAVING
12,81.91,74.5,3071.45,8.39,14.25,Other,GENERAL_ENERGY_SAVING
7,417.75,446.14,64820.47,23.3,71.01,Cooling,HIGH_BILL_WARNING
1,768.27,971.38,51941.45,59.28,115.44,Entertainment,HIGH_BILL_WARNING
12,329.36,388.56,7218.98,52.81,88.84,Refrigeration,OPTIMIZE_REFRIGERATION
2,233.86,271.13,10569.66,83.12,109.86,Air Conditioning,REDUCE_COOLING_USAGE
11,416.59,385.61,22465.9,79.75,159.35,Cooling,REDUCE_COOLING_USAGE
3,369.47,361.04,3837.35,82.99,142.68,Kitchen,OPTIMIZE_REFRIGERATION
5,466.03,583.97,12652.05,101.7,119.18,Water Heating,REDUCE_HEATING_USAGE
8,477.67,571.93,56019.24,64.53,117.63,Kitchen,HIGH_BILL_WARNING
11,695.25,761.56,45221.84,151.2,238.52,Entertainment,HIGH_BILL_WARNING
11,142.79,162.99,5831.46,46.77,63.53,Kitchen,OPTIMIZE_REFRIGERATION
1,312.35,335.82,9259.52,78.74,170.76,Water Heating,REDUCE_HEATING_USAGE
8,290.91,358.58,18224.05,83.12,117.66,Water Heating,REDUCE_HEATING_USAGE
5,217.5,266.12,9429.73,51.25,88.06,Heating,REDUCE_HEATING_USAGE
3,238.15,249.54,4295.62,17.97,56.75,Lighting,REDUCE_LIGHTING_USAGE
1,122.55,133.8,3478.81,14.26,30.23,Other,GENERAL_ENERGY_SAVING
6,815.9,978.75,32327.23,95.68,197.07,Entertainment,HIGH_BILL_WARNING
9,242.08,249.67,18053.92,77.72,111.14,Kitchen,OPTIMIZE_REFRIGERATION
5,103.03,114.02,14967.39,9.11,23.46,Lighting,REDUCE_LIGHTING_USAGE
5,277.45,319.12,25280.89,79.54,98.11,Cooling,REDUCE_COOLING_USAGE
11,409.73,493.04,24605.08,147.36,211.53,Cooling,REDUCE_COOLING_USAGE
8,619.11,735.19,64714.55,59.58,132.96,Kitchen,HIGH_BILL_WARNING
3,456.4,474.85,27943.84,122.05,216.82,Air Conditioning,REDUCE_COOLING_USAGE
4,818.44,840.2,60877.98,77.1,184.83,Kitchen,HIGH_BILL_WARNING
3,111.15,96.36,6728.69,18.63,33.06,Other,GENERAL_ENERGY_SAVING
2,791.13,1001.4,41045.58,89.35,199.55,Kitchen,HIGH_BILL_WARNING
9,104.3,122.25,8116.18,12.6,33.28,Lighting,REDUCE_LIGHTING_USAGE
9,334.78,331.79,14015.75,80.72,146.66,Refrigeration,OPTIMIZE_REFRIGERATION
2,282.8,294.04,7298.26,85.43,108.68,Cooling,REDUCE_COOLING_USAGE
1,354.12,370.28,11308.32,64.38,115.05,Refrigeration,OPTIMIZE_REFRIGERATION
1,189.7,201.79,7105.11,43.35,83.85,Lighting,REDUCE_LIGHTING_USAGE
5,569.11,636.78,24221.34,107.72,157.37,Other,HIGH_BILL_WARNING
10,139.6,125.94,4410.07,10.7,38.07,Other,GENERAL_ENERGY_SAVING
10,694.03,872.8,36962.59,97.34,185.7,Other,HIGH_BILL_WARNING
12,847.69,1078.0,38234.05,136.5,281.09,Other,HIGH_BILL_WARNING
3,402.54,525.66,15821.88,107.78,140.36,Kitchen,REDUCE_HIGH_USAGE_APPLIANCE
4,561.32,618.4,53879.98,91.69,153.47,Laundry,HIGH_BILL_WARNING
7,417.07,473.15,22429.2,65.48,111.48,Entertainment,HIGH_BILL_WARNING
4,301.83,299.95,12351.21,53.95,85.43,Kitchen,OPTIMIZE_REFRIGERATION
12,117.24,138.06,11358.53,15.06,35.46,Lighting,REDUCE_LIGHTING_USAGE
6,702.32,915.06,47783.76,122.1,209.27,Entertainment,HIGH_BILL_WARNING
11,407.52,514.27,63670.14,37.44,91.74,Other,HIGH_BILL_WARNING
10,85.02,84.19,1339.67,13.34,23.15,Other,GENERAL_ENERGY_SAVING
6,403.56,473.82,17739.63,115.5,179.66,Water Heating,REDUCE_HEATING_USAGE
1,137.25,120.34,2966.8,13.99,34.91,Entertainment,GENERAL_ENERGY_SAVING
1,468.21,485.05,17345.96,125.75,151.49,Cooling,REDUCE_COOLING_USAGE
5,383.8,415.28,58225.35,50.51,75.37,Laundry,HIGH_BILL_WARNING
3,362.27,432.08,19175.8,171.11,195.76,Kitchen,REDUCE_HIGH_USAGE_APPLIANCE
3,228.09,239.97,9941.35,48.65,95.39,Heating,REDUCE_HEATING_USAGE
2,285.96,312.13,7180.8,25.97,81.19,Lighting,REDUCE_LIGHTING_USAGE
10,136.08,122.28,1585.64,2.82,13.67,Entertainment,GENERAL_ENERGY_SAVING
12,113.77,114.2,7496.16,8.84,22.47,Other,GENERAL_ENERGY_SAVING
6,340.8,371.36,16562.1,99.19,106.21,Laundry,REDUCE_HIGH_USAGE_APPLIANCE
1,411.77,499.22,17209.81,123.74,154.16,Entertainment,REDUCE_HIGH_USAGE_APPLIANCE
6,162.88,185.3,3623.65,14.54,71.73,Lighting,REDUCE_LIGHTING_USAGE
12,186.37,212.91,23740.17,62.72,72.05,Water Heating,REDUCE_HEATING_USAGE
5,463.66,508.36,17952.72,130.39,152.91,Laundry,REDUCE_HIGH_USAGE_APPLIANCE
8,346.86,372.7,8800.51,113.86,164.71,Cooling,REDUCE_COOLING_USAGE
6,456.39,548.99,22784.91,137.99,210.49,Kitchen,REDUCE_HIGH_USAGE_APPLIANCE
3,341.48,398.22,17298.85,100.28,119.97,Heating,REDUCE_HEATING_USAGE
11,511.75,649.28,13805.57,127.34,289.02,Cooling,REDUCE_COOLING_USAGE
3,379.06,440.22,23560.13,122.52,199.71,Water Heating,REDUCE_HEATING_USAGE
4,319.04,304.96,9634.46,59.77,141.44,Lighting,REDUCE_LIGHTING_USAGE
5,365.69,380.36,11082.82,79.16,113.36,Refrigeration,OPTIMIZE_REFRIGERATION
3,256.44,299.02,10976.63,102.02,140.33,Air Conditioning,REDUCE_COOLING_USAGE
2,254.3,295.69,16283.83,66.4,108.36,Refrigeration,OPTIMIZE_REFRIGERATION
10,135.62,119.15,3935.86,19.71,36.2,Lighting,GENERAL_ENERGY_SAVING
5,750.98,885.94,55579.96,72.89,146.28,Other,HIGH_BILL_WARNING
11,304.92,389.44,8705.68,75.12,95.24,Cooling,REDUCE_COOLING_USAGE
8,433.39,441.6,19963.07,152.87,175.88,Heating,REDUCE_HEATING_USAGE
9,717.92,822.13,53080.33,141.21,230.57,Entertainment,HIGH_BILL_WARNING
1,210.24,205.92,7174.77,20.31,58.07,Lighting,REDUCE_LIGHTING_USAGE
11,472.09,576.74,19554.91,120.39,184.56,Heating,REDUCE_HEATING_USAGE
5,522.71,567.08,22992.84,198.91,294.33,Cooling,REDUCE_COOLING_USAGE
4,287.15,338.87,10471.71,13.08,57.66,Lighting,REDUCE_LIGHTING_USAGE
2,369.56,371.83,19832.15,79.21,90.76,Heating,REDUCE_HEATING_USAGE
1,694.04,859.51,58436.77,113.41,211.44,Other,HIGH_BILL_WARNING
6,91.28,102.47,10319.86,18.38,35.49,Lighting,REDUCE_LIGHTING_USAGE
6,741.71,850.54,22597.8,57.54,115.6,Entertainment,HIGH_BILL_WARNING
2,141.74,155.45,12171.57,24.81,63.33,Lighting,REDUCE_LIGHTING_USAGE
1,214.03,268.43,26787.89,52.86,116.15,Cooling,REDUCE_COOLING_USAGE
2,149.18,159.01,11075.32,16.37,46.75,Lighting,REDUCE_LIGHTING_USAGE
10,349.97,373.3,15795.77,109.23,144.13,Kitchen,OPTIMIZE_REFRIGERATION
10,202.13,196.75,12755.36,16.16,40.89,Lighting,REDUCE_LIGHTING_USAGE
12,145.85,143.85,10822.42,37.51,75.62,Heating,REDUCE_HEATING_USAGE
2,635.83,720.51,27404.46,88.68,213.07,Entertainment,HIGH_BILL_WARNING
2,411.49,539.47,29418.7,47.58,78.66,Cooling,HIGH_BILL_WARNING
1,375.67,456.34,22834.38,105.66,221.37,Cooling,REDUCE_COOLING_USAGE
12,222.27,255.66,6571.23,17.25,52.83,Lighting,REDUCE_LIGHTING_USAGE
3,172.12,197.78,21250.68,40.54,62.23,Entertainment,REDUCE_HIGH_USAGE_APPLIANCE
3,830.01,1076.11,47915.06,107.1,200.92,Other,HIGH_BILL_WARNING
7,416.49,521.83,57115.99,58.6,97.3,Cooling,HIGH_BILL_WARNING
7,186.72,196.53,15468.65,16.37,38.64,Lighting,REDUCE_LIGHTING_USAGE
1,849.22,1001.88,57460.66,92.2,257.73,Cooling,HIGH_BILL_WARNING
8,69.71,68.07,1589.43,3.67,8.11,Other,GENERAL_ENERGY_SAVING
2,138.48,138.44,1880.91,19.76,34.6,Other,GENERAL_ENERGY_SAVING
1,131.07,133.3,3706.1,5.5,20.72,Entertainment,GENERAL_ENERGY_SAVING
3,135.77,161.95,15158.52,15.87,35.95,Lighting,REDUCE_LIGHTING_USAGE
5,313.85,365.58,20340.14,53.8,93.5,Water Heating,REDUCE_HEATING_USAGE
3,112.36,125.42,8300.69,33.96,55.67,Refrigeration,OPTIMIZE_REFRIGERATION
7,454.62,518.35,19902.87,169.02,264.2,Cooling,REDUCE_COOLING_USAGE
2,90.13,96.36,7359.83,9.59,21.6,Lighting,GENERAL_ENERGY_SAVING
7,327.15,331.56,8189.92,127.56,152.95,Refrigeration,OPTIMIZE_REFRIGERATION
12,42.9,42.72,6449.47,4.29,9.59,Entertainment,GENERAL_ENERGY_SAVING
5,352.65,375.76,11936.81,144.39,169.82,Refrigeration,OPTIMIZE_REFRIGERATION
6,250.96,281.67,15359.72,70.91,74.92,Refrigeration,OPTIMIZE_REFRIGERATION
9,378.85,361.56,5420.52,75.26,122.62,Refrigeration,OPTIMIZE_REFRIGERATION
8,216.75,247.0,20920.17,69.06,97.39,Kitchen,REDUCE_HIGH_USAGE_APPLIANCE
9,132.96,143.28,10317.1,25.87,34.81,Kitchen,OPTIMIZE_REFRIGERATION
5,77.89,81.72,1202.43,3.26,12.0,Lighting,GENERAL_ENERGY_SAVING
1,486.9,642.26,36901.44,78.5,148.43,Laundry,HIGH_BILL_WARNING
1,137.72,153.51,12190.2,17.2,31.58,Lighting,REDUCE_LIGHTING_USAGE
9,176.21,184.85,7179.7,33.77,57.62,Water Heating,REDUCE_HEATING_USAGE
11,184.89,201.0,17886.22,50.63,58.63,Refrigeration,OPTIMIZE_REFRIGERATION
4,474.52,556.71,14681.65,164.36,256.17,Air Conditioning,REDUCE_COOLING_USAGE
5,480.68,564.16,7769.78,126.48,255.13,Air Conditioning,REDUCE_COOLING_USAGE
1,348.39,434.92,11905.07,97.21,164.94,Heating,REDUCE_HEATING_USAGE
6,312.29,353.3,8951.98,120.84,151.94,Cooling,REDUCE_COOLING_USAGE
11,397.71,446.52,16096.4,64.51,103.64,Heating,REDUCE_HEATING_USAGE
10,176.02,183.04,1159.24,14.42,29.87,Other,GENERAL_ENERGY_SAVING
3,220.94,242.24,24080.73,48.66,85.04,Cooling,REDUCE_COOLING_USAGE
4,477.45,518.42,17832.09,99.16,148.05,Cooling,REDUCE_COOLING_USAGE
7,189.76,182.79,13801.48,48.97,69.5,Refrigeration,OPTIMIZE_REFRIGERATION
4,81.19,79.79,5622.4,6.2,24.3,Kitchen,GENERAL_ENERGY_SAVING
8,176.5,196.39,7591.13,72.11,82.11,Kitchen,OPTIMIZE_REFRIGERATION
9,268.42,310.69,18307.54,106.04,131.52,Other,REDUCE_HIGH_USAGE_APPLIANCE
9,308.25,320.22,8205.67,88.3,137.86,Heating,REDUCE_HEATING_USAGE
6,125.53,146.02,7134.06,35.64,38.88,Refrigeration,OPTIMIZE_REFRIGERATION
4,745.8,981.29,47638.86,76.21,160.48,Entertainment,HIGH_BILL_WARNING
6,152.99,183.29,4222.48,52.26,64.21,Kitchen,OPTIMIZE_REFRIGERATION
7,201.0,241.99,13284.29,63.87,78.78,Entertainment,REDUCE_HIGH_USAGE_APPLIANCE
5,314.56,324.15,6797.65,34.95,120.39,Lighting,REDUCE_LIGHTING_USAGE
4,117.15,120.11,5851.27,47.66,57.63,Refrigeration,OPTIMIZE_REFRIGERATION
5,326.49,339.32,18768.7,80.12,177.86,Heating,REDUCE_HEATING_USAGE
1,430.89,588.19,26421.13,98.13,148.52,Cooling,REDUCE_COOLING_USAGE
7,232.05,271.08,17558.6,93.41,120.11,Laundry,REDUCE_HIGH_USAGE_APPLIANCE
11,175.68,179.22,12359.5,50.96,94.67,Heating,REDUCE_HEATING_USAGE
2,428.56,522.62,6081.65,135.44,211.02,Heating,REDUCE_HEATING_USAGE
4,250.93,256.86,12481.56,74.39,86.18,Water Heating,REDUCE_HEATING_USAGE
8,312.59,315.56,5985.34,96.72,118.26,Kitchen,OPTIMIZE_REFRIGERATION
7,260.53,254.08,10105.24,27.23,104.7,Lighting,REDUCE_LIGHTING_USAGE
4,144.7,151.82,14221.01,11.52,29.36,Lighting,REDUCE_LIGHTING_USAGE
5,240.17,230.41,25981.89,110.28,125.65,Other,REDUCE_HIGH_USAGE_APPLIANCE
10,686.37,852.21,27073.3,124.08,227.55,Kitchen,HIGH_BILL_WARNING
4,265.92,288.97,8210.5,60.15,71.72,Kitchen,REDUCE_HIGH_USAGE_APPLIANCE
8,694.01,918.02,63219.09,105.55,156.55,Laundry,HIGH_BILL_WARNING
6,97.42,113.31,10516.57,19.48,43.05,Lighting,REDUCE_LIGHTING_USAGE
6,202.07,210.34,10595.23,68.06,112.25,Cooling,REDUCE_COOLING_USAGE
7,178.88,198.47,21470.76,49.21,57.08,Kitchen,REDUCE_HIGH_USAGE_APPLIANCE
10,532.3,708.36,56703.86,53.59,142.78,Cooling,HIGH_BILL_WARNING
4,445.12,508.52,16438.48,183.57,242.87,Entertainment,REDUCE_HIGH_USAGE_APPLIANCE
12,140.18,138.63,4037.37,13.4,35.94,Kitchen,GENERAL_ENERGY_SAVING
9,344.48,336.57,5490.47,66.41,115.63,Refrigeration,OPTIMIZE_REFRIGERATION
2,396.34,397.15,11994.19,110.45,170.54,Heating,REDUCE_HEATING_USAGE
9,270.89,309.5,11608.2,40.35,73.89,Water Heating,REDUCE_HEATING_USAGE
1,356.51,357.49,11855.52,81.36,152.99,Cooling,REDUCE_COOLING_USAGE
7,133.78,142.57,6837.89,20.51,38.24,Entertainment,GENERAL_ENERGY_SAVING
8,143.61,138.22,10116.67,10.36,31.57,Lighting,REDUCE_LIGHTING_USAGE
7,185.01,215.65,20907.23,56.41,76.23,Heating,REDUCE_HEATING_USAGE
4,546.63,635.52,16268.7,213.76,288.09,Air Conditioning,REDUCE_COOLING_USAGE
8,465.58,633.92,14778.83,148.28,196.29,Cooling,REDUCE_COOLING_USAGE
10,252.69,308.63,19938.16,103.61,110.68,Other,REDUCE_HIGH_USAGE_APPLIANCE
11,238.1,236.93,6739.47,60.95,96.25,Kitchen,OPTIMIZE_REFRIGERATION
7,107.86,102.76,5526.16,13.09,23.48,Kitchen,GENERAL_ENERGY_SAVING
5,61.89,52.01,6565.62,2.81,7.72,Lighting,GENERAL_ENERGY_SAVING
2,642.32,959.32,63085.13,89.04,204.72,Kitchen,HIGH_BILL_WARNING
5,397.88,425.95,9624.85,136.58,184.2,Entertainment,REDUCE_HIGH_USAGE_APPLIANCE
8,166.31,204.43,18181.58,58.75,84.73,Water Heating,REDUCE_HEATING_USAGE
2,362.95,359.95,4546.25,101.23,168.58,Kitchen,OPTIMIZE_REFRIGERATION
2,308.98,355.48,22571.77,129.15,158.75,Water Heating,REDUCE_HEATING_USAGE
12,116.31,127.79,5990.52,30.38,32.76,Refrigeration,OPTIMIZE_REFRIGERATION
1,200.58,192.91,14232.73,39.53,62.86,Refrigeration,OPTIMIZE_REFRIGERATION
8,126.52,128.49,12208.56,9.88,35.12,Lighting,REDUCE_LIGHTING_USAGE
11,368.78,439.38,9682.49,126.26,169.32,Entertainment,REDUCE_HIGH_USAGE_APPLIANCE
12,200.65,202.6,22311.35,34.15,50.57,Entertainment,REDUCE_HIGH_USAGE_APPLIANCE
4,691.93,853.38,47852.35,115.15,203.03,Cooling,HIGH_BILL_WARNING
10,191.31,212.69,25280.1,43.91,91.49,Cooling,REDUCE_COOLING_USAGE
11,125.11,146.08,12949.54,13.39,40.68,Lighting,REDUCE_LIGHTING_USAGE
9,270.09,328.24,6238.25,101.45,129.68,Heating,REDUCE_HEATING_USAGE
4,186.99,223.89,11861.87,14.72,53.16,Lighting,REDUCE_LIGHTING_USAGE
12,153.13,172.49,12904.79,41.25,68.83,Lighting,REDUCE_LIGHTING_USAGE
10,175.72,187.42,13669.91,60.28,88.28,Heating,REDUCE_HEATING_USAGE
6,197.47,203.54,14765.94,31.2,67.33,Lighting,REDUCE_LIGHTING_USAGE
5,293.96,333.32,9687.71,56.89,85.49,Heating,REDUCE_HEATING_USAGE
5,434.47,475.64,20683.09,83.39,177.56,Cooling,REDUCE_COOLING_USAGE
9,242.78,236.99,8728.83,55.85,75.04,Refrigeration,OPTIMIZE_REFRIGERATION
9,346.28,383.98,23612.4,90.68,158.3,Cooling,REDUCE_COOLING_USAGE
10,264.68,292.31,17971.79,90.83,110.06,Heating,REDUCE_HEATING_USAGE
8,444.41,496.96,23162.38,135.05,146.46,Other,REDUCE_HIGH_USAGE_APPLIANCE
5,271.55,308.64,11140.19,85.06,131.58,Kitchen,OPTIMIZE_REFRIGERATION
7,159.91,183.54,7804.31,24.19,40.0,Refrigeration,OPTIMIZE_REFRIGERATION
1,527.41,646.86,17501.64,119.35,189.72,Cooling,REDUCE_COOLING_USAGE
8,196.4,228.57,24652.46,51.16,106.85,Air Conditioning,REDUCE_COOLING_USAGE
6,206.98,241.66,14750.05,26.63,68.14,Lighting,REDUCE_LIGHTING_USAGE
9,253.17,322.57,12095.94,42.31,79.04,Heating,REDUCE_HEATING_USAGE
1,134.37,116.46,3863.28,13.44,22.65,Other,GENERAL_ENERGY_SAVING
2,410.85,442.86,24978.7,147.84,159.65,Laundry,REDUCE_HIGH_USAGE_APPLIANCE
4,140.24,126.86,4318.06,23.77,41.04,Lighting,GENERAL_ENERGY_SAVING
10,194.15,201.72,15234.41,38.8,54.93,Entertainment,REDUCE_HIGH_USAGE_APPLIANCE
11,456.92,485.08,13763.41,138.56,197.76,Other,REDUCE_HIGH_USAGE_APPLIANCE
9,42.49,42.25,3406.09,6.05,10.78,Kitchen,GENERAL_ENERGY_SAVING
11,540.63,611.44,39322.98,73.39,155.97,Kitchen,HIGH_BILL_WARNING
5,108.19,124.24,9838.25,13.67,41.31,Lighting,REDUCE_LIGHTING_USAGE
4,305.21,340.44,17986.04,125.47,146.92,Kitchen,OPTIMIZE_REFRIGERATION
7,141.36,142.34,5041.78,14.49,34.24,Other,GENERAL_ENERGY_SAVING
10,506.51,617.06,15412.21,151.34,268.02,Cooling,REDUCE_COOLING_USAGE
10,175.46,152.53,5957.94,22.23,38.49,Entertainment,GENERAL_ENERGY_SAVING
12,239.6,246.72,13364.14,96.91,124.58,Other,REDUCE_HIGH_USAGE_APPLIANCE
4,265.44,278.52,16801.73,76.2,122.38,Refrigeration,OPTIMIZE_REFRIGERATION
8,91.24,88.67,1319.11,7.52,27.6,Kitchen,GENERAL_ENERGY_SAVING
10,138.0,119.1,3678.7,10.98,26.68,Other,GENERAL_ENERGY_SAVING
3,348.48,433.2,13733.52,110.47,177.77,Cooling,REDUCE_COOLING_USAGE
6,416.35,561.06,25971.22,94.41,159.43,Cooling,REDUCE_COOLING_USAGE
3,422.57,474.48,19655.5,84.94,122.47,Kitchen,REDUCE_HIGH_USAGE_APPLIANCE
1,187.6,195.1,8367.93,29.2,55.23,Water Heating,REDUCE_HEATING_USAGE
4,567.01,610.21,47658.17,100.15,190.93,Entertainment,HIGH_BILL_WARNING
9,206.33,221.02,9914.82,38.1,64.88,Lighting,REDUCE_LIGHTING_USAGE
11,109.63,96.6,3301.77,5.43,11.2,Lighting,GENERAL_ENERGY_SAVING
6,127.34,145.26,12894.72,28.45,55.94,Lighting,REDUCE_LIGHTING_USAGE
9,424.33,490.5,21298.28,95.81,164.94,Cooling,REDUCE_COOLING_USAGE
3,574.44,693.37,29386.7,75.52,147.55,Kitchen,HIGH_BILL_WARNING
5,735.47,859.37,35030.53,157.93,236.91,Laundry,HIGH_BILL_WARNING
10,315.44,377.2,24021.83,118.3,159.25,Laundry,REDUCE_HIGH_USAGE_APPLIANCE
6,847.72,1036.45,37383.25,122.09,265.17,Laundry,HIGH_BILL_WARNING
7,798.69,966.57,56224.38,70.24,150.54,Other,HIGH_BILL_WARNING
2,298.93,301.96,22629.43,111.91,141.07,Laundry,REDUCE_HIGH_USAGE_APPLIANCE
7,330.22,371.94,21732.12,53.1,103.21,Water Heating,REDUCE_HEATING_USAGE
12,690.71,873.89,52042.77,48.82,123.94,Cooling,HIGH_BILL_WARNING
3,144.04,126.79,3926.2,9.08,30.64,Lighting,GENERAL_ENERGY_SAVING
7,592.21,649.65,55694.81,64.08,151.16,Laundry,HIGH_BILL_WARNING
10,718.68,696.95,29661.2,125.98,221.12,Kitchen,HIGH_BILL_WARNING
7,643.97,768.24,24522.32,74.04,222.06,Cooling,HIGH_BILL_WARNING
8,451.2,600.26,37119.53,63.23,140.15,Cooling,HIGH_BILL_WARNING
7,716.65,805.85,32640.7,60.24,165.79,Kitchen,HIGH_BILL_WARNING
4,341.06,406.66,7111.31,136.06,153.29,Heating,REDUCE_HEATING_USAGE
6,570.27,645.7,22582.77,76.22,189.96,Cooling,HIGH_BILL_WARNING
4,192.12,211.25,6021.73,14.31,40.76,Lighting,REDUCE_LIGHTING_USAGE
2,447.02,499.98,21663.93,127.19,137.36,Laundry,REDUCE_HIGH_USAGE_APPLIANCE
11,612.83,895.21,23394.07,67.87,167.78,Cooling,HIGH_BILL_WARNING
9,351.72,379.29,10911.91,112.85,136.39,Heating,REDUCE_HEATING_USAGE
3,495.45,599.51,7969.33,192.18,211.09,Entertainment,REDUCE_HIGH_USAGE_APPLIANCE
5,449.58,530.31,19987.19,137.38,185.72,Laundry,REDUCE_HIGH_USAGE_APPLIANCE
10,375.69,468.82,58640.31,71.19,116.87,Entertainment,HIGH_BILL_WARNING
8,232.95,265.18,7197.35,45.12,87.63,Cooling,REDUCE_COOLING_USAGE
8,530.8,677.8,26658.39,178.88,262.29,Cooling,REDUCE_COOLING_USAGE
7,342.62,378.03,8903.12,87.56,122.6,Refrigeration,OPTIMIZE_REFRIGERATION
12,241.91,303.9,12284.59,41.28,81.65,Cooling,REDUCE_COOLING_USAGE
5,176.61,186.74,6981.97,16.36,45.14,Lighting,REDUCE_LIGHTING_USAGE
9,119.67,133.28,7529.21,30.03,32.66,Refrigeration,OPTIMIZE_REFRIGERATION
4,485.15,651.14,46031.86,42.67,101.74,Entertainment,HIGH_BILL_WARNING
1,109.56,119.7,9273.86,13.76,23.14,Lighting,REDUCE_LIGHTING_USAGE
8,368.59,419.83,45678.7,59.74,104.74,Laundry,HIGH_BILL_WARNING
10,205.37,215.02,14879.73,56.66,61.06,Refrigeration,OPTIMIZE_REFRIGERATION
1,152.17,166.34,5044.02,11.96,35.57,Lighting,GENERAL_ENERGY_SAVING
9,389.7,422.9,8285.02,161.64,203.5,Heating,REDUCE_HEATING_USAGE
1,134.81,138.59,5065.4,12.93,34.21,Kitchen,GENERAL_ENERGY_SAVING
5,363.57,405.31,26074.39,87.03,155.61,Cooling,REDUCE_COOLING_USAGE
12,58.62,60.58,5211.85,7.55,16.67,Lighting,GENERAL_ENERGY_SAVING
7,148.03,161.63,12596.27,42.78,54.34,Refrigeration,OPTIMIZE_REFRIGERATION
1,314.19,406.65,20541.36,103.85,128.88,Air Conditioning,REDUCE_COOLING_USAGE
4,395.0,476.85,23186.74,93.99,200.08,Cooling,REDUCE_COOLING_USAGE
9,187.55,191.46,11098.51,47.33,55.19,Refrigeration,OPTIMIZE_REFRIGERATION
2,161.94,156.49,3134.48,18.34,37.14,Other,GENERAL_ENERGY_SAVING
9,251.71,253.92,3714.43,30.19,50.52,Lighting,REDUCE_LIGHTING_USAGE
1,166.83,165.89,11990.04,10.24,44.37,Lighting,REDUCE_LIGHTING_USAGE
6,818.87,1083.43,36458.09,151.13,249.72,Kitchen,HIGH_BILL_WARNING
6,175.62,173.39,5136.98,67.72,79.57,Refrigeration,OPTIMIZE_REFRIGERATION
3,97.32,96.51,4950.44,3.88,12.65,Entertainment,GENERAL_ENERGY_SAVING
12,321.7,336.18,18610.16,146.47,186.38,Air Conditioning,REDUCE_COOLING_USAGE
7,241.7,233.84,5647.82,21.11,51.81,Lighting,REDUCE_LIGHTING_USAGE
3,168.35,170.88,16943.23,37.32,67.51,Heating,REDUCE_HEATING_USAGE
2,127.81,122.17,10376.3,24.65,41.58,Refrigeration,OPTIMIZE_REFRIGERATION
10,761.44,888.45,58916.71,129.96,245.21,Kitchen,HIGH_BILL_WARNING
10,754.86,872.09,64721.5,51.6,167.77,Other,HIGH_BILL_WARNING
3,438.74,506.13,52600.11,71.99,122.64,Kitchen,HIGH_BILL_WARNING
12,167.62,166.38,7215.41,43.74,54.27,Other,REDUCE_HIGH_USAGE_APPLIANCE
2,184.05,195.53,4546.44,36.68,52.34,Kitchen,OPTIMIZE_REFRIGERATION
1,239.16,263.67,19023.35,70.78,104.69,Refrigeration,OPTIMIZE_REFRIGERATION
3,192.51,189.31,15919.19,48.65,88.4,Kitchen,OPTIMIZE_REFRIGERATION
9,485.81,574.06,19596.09,138.26,171.6,Cooling,REDUCE_COOLING_USAGE
2,826.16,1004.26,45351.13,44.81,143.31,Laundry,HIGH_BILL_WARNING
8,172.3,169.27,1961.65,17.45,29.78,Other,GENERAL_ENERGY_SAVING
3,489.21,590.46,25608.6,127.95,216.95,Cooling,REDUCE_COOLING_USAGE
5,252.45,243.85,6951.13,42.4,72.86,Lighting,REDUCE_LIGHTING_USAGE
6,310.37,353.53,7974.61,66.91,99.07,Entertainment,REDUCE_HIGH_USAGE_APPLIANCE
3,181.92,184.46,19383.88,61.78,70.71,Laundry,REDUCE_HIGH_USAGE_APPLIANCE
7,347.97,373.78,16818.03,80.92,103.12,Other,REDUCE_HIGH_USAGE_APPLIANCE
9,204.25,247.66,11789.37,51.15,59.56,Entertainment,REDUCE_HIGH_USAGE_APPLIANCE
1,551.73,760.64,50423.77,71.81,147.54,Cooling,HIGH_BILL_WARNING
2,93.96,100.94,10892.7,9.79,28.04,Lighting,REDUCE_LIGHTING_USAGE
2,687.57,740.2,53882.87,107.48,223.98,Other,HIGH_BILL_WARNING
2,438.94,438.97,7342.02,132.61,195.34,Laundry,REDUCE_HIGH_USAGE_APPLIANCE
9,88.87,90.07,1372.41,5.21,25.31,Lighting,GENERAL_ENERGY_SAVING
9,357.2,383.2,26217.66,84.59,171.93,Cooling,REDUCE_COOLING_USAGE
10,265.19,296.17,4616.44,30.9,62.92,Lighting,REDUCE_LIGHTING_USAGE
1,368.92,390.16,13091.78,101.49,188.22,Water Heating,REDUCE_HEATING_USAGE
10,206.95,224.54,5586.53,32.49,57.53,Kitchen,OPTIMIZE_REFRIGERATION
2,174.53,170.42,4523.47,26.39,44.66,Lighting,GENERAL_ENERGY_SAVING
10,368.26,360.6,9285.15,146.21,176.6,Refrigeration,OPTIMIZE_REFRIGERATION
6,157.27,195.48,22308.13,38.73,58.11,Heating,REDUCE_HEATING_USAGE
10,267.42,315.19,15491.2,44.29,100.15,Lighting,REDUCE_LIGHTING_USAGE
7,261.69,310.37,11020.0,44.43,76.5,Lighting,REDUCE_LIGHTING_USAGE
3,51.42,55.34,5929.91,2.03,5.27,Lighting,GENERAL_ENERGY_SAVING
1,113.66,126.73,10019.39,24.41,34.66,Kitchen,OPTIMIZE_REFRIGERATION
12,330.59,366.63,26806.4,72.43,164.38,Cooling,REDUCE_COOLING_USAGE
7,613.28,724.2,33055.77,55.6,112.32,Other,HIGH_BILL_WARNING
2,753.61,817.37,32718.8,123.07,235.98,Entertainment,HIGH_BILL_WARNING
7,189.52,242.08,13930.17,56.55,72.87,Heating,REDUCE_HEATING_USAGE
6,417.58,526.37,13245.57,116.56,165.85,Heating,REDUCE_HEATING_USAGE
10,493.96,666.1,62628.3,60.18,132.03,Entertainment,HIGH_BILL_WARNING
11,70.49,64.41,2029.91,3.52,17.07,Entertainment,GENERAL_ENERGY_SAVING
5,281.14,295.63,8726.91,104.56,113.93,Kitchen,OPTIMIZE_REFRIGERATION
6,835.93,1029.21,54418.2,190.22,290.06,Other,HIGH_BILL_WARNING
2,355.88,350.54,9456.43,121.78,153.83,Other,REDUCE_HIGH_USAGE_APPLIANCE
12,140.91,153.82,22705.43,22.99,46.32,Water Heating,REDUCE_HEATING_USAGE
4,43.64,42.07,4937.19,5.94,10.06,Lighting,GENERAL_ENERGY_SAVING
2,136.63,135.75,6541.75,19.83,37.37,Other,GENERAL_ENERGY_SAVING
2,272.46,330.9,11632.44,103.97,134.54,Air Conditioning,REDUCE_COOLING_USAGE
3,257.92,313.46,6678.52,124.12,138.85,Other,REDUCE_HIGH_USAGE_APPLIANCE
1,231.42,256.15,7071.51,66.87,93.51,Kitchen,REDUCE_HIGH_USAGE_APPLIANCE
4,188.57,231.91,13247.3,75.81,98.87,Water Heating,REDUCE_HEATING_USAGE
2,245.99,269.83,4458.04,64.61,79.32,Kitchen,OPTIMIZE_REFRIGERATION
9,565.85,557.85,12515.13,151.53,263.29,Air Conditioning,REDUCE_COOLING_USAGE
2,447.37,505.82,18375.84,146.66,223.3,Heating,REDUCE_HEATING_USAGE
9,248.74,293.85,11971.75,91.97,117.75,Cooling,REDUCE_COOLING_USAGE
9,316.82,333.72,15895.47,128.15,137.24,Refrigeration,OPTIMIZE_REFRIGERATION
4,433.58,453.87,23404.5,98.61,224.83,Cooling,REDUCE_COOLING_USAGE
9,437.96,491.91,14213.21,88.14,127.39,Kitchen,REDUCE_HIGH_USAGE_APPLIANCE
5,417.02,524.8,25739.85,113.6,157.78,Cooling,REDUCE_COOLING_USAGE
3,251.44,304.85,23295.65,79.02,129.88,Heating,REDUCE_HEATING_USAGE
7,600.93,807.25,44183.29,95.09,141.22,Cooling,HIGH_BILL_WARNING
11,624.79,722.93,50143.32,108.16,185.26,Entertainment,HIGH_BILL_WARNING
10,73.85,78.78,5483.62,3.67,9.0,Kitchen,GENERAL_ENERGY_SAVING
12,709.44,812.08,37676.86,114.36,210.03,Other,HIGH_BILL_WARNING
5,198.99,251.1,19988.75,27.62,60.61,Heating,REDUCE_HEATING_USAGE
5,265.91,277.31,7275.58,69.28,120.53,Water Heating,REDUCE_HEATING_USAGE
11,294.25,283.54,7620.11,38.91,73.87,Lighting,REDUCE_LIGHTING_USAGE
11,89.24,90.01,4474.02,4.33,12.18,Other,GENERAL_ENERGY_SAVING
11,194.13,209.69,4782.2,35.09,59.78,Kitchen,OPTIMIZE_REFRIGERATION
9,299.18,358.12,15778.11,61.09,81.27,Kitchen,OPTIMIZE_REFRIGERATION
4,751.4,981.41,44838.63,70.09,183.34,Laundry,HIGH_BILL_WARNING
1,58.24,56.11,6773.25,3.78,16.04,Lighting,GENERAL_ENERGY_SAVING
8,266.69,266.65,15955.48,24.6,75.25,Lighting,REDUCE_LIGHTING_USAGE
4,235.57,249.18,12112.4,37.26,63.29,Lighting,REDUCE_LIGHTING_USAGE
5,173.63,161.84,2087.68,13.08,28.5,Kitchen,GENERAL_ENERGY_SAVING
3,139.39,150.2,8520.06,38.87,52.29,Refrigeration,OPTIMIZE_REFRIGERATION
10,476.04,518.73,9515.8,133.43,179.11,Water Heating,REDUCE_HEATING_USAGE
1,211.83,262.42,21910.6,72.77,98.11,Heating,REDUCE_HEATING_USAGE
7,501.72,591.67,51576.82,62.24,114.61,Kitchen,HIGH_BILL_WARNING
9,369.61,394.49,9432.95,60.79,108.02,Heating,REDUCE_HEATING_USAGE
3,291.07,298.07,17783.92,87.35,127.59,Heating,REDUCE_HEATING_USAGE
5,538.98,576.87,63239.44,35.9,104.46,Laundry,HIGH_BILL_WARNING
5,413.72,478.19,12391.91,113.34,220.01,Heating,REDUCE_HEATING_USAGE
6,632.84,744.33,39515.28,86.21,189.38,Cooling,HIGH_BILL_WARNING
10,360.05,470.22,32291.63,47.04,69.59,Laundry,HIGH_BILL_WARNING
6,369.81,376.36,6487.15,85.79,94.91,Laundry,REDUCE_HIGH_USAGE_APPLIANCE
3,272.54,332.24,13860.42,45.93,95.91,Water Heating,REDUCE_HEATING_USAGE
10,820.91,982.21,49127.41,95.49,182.88,Other,HIGH_BILL_WARNING
1,484.95,498.29,27392.96,121.28,176.34,Cooling,REDUCE_COOLING_USAGE
3,420.17,416.66,18589.61,129.1,149.21,Entertainment,REDUCE_HIGH_USAGE_APPLIANCE
9,247.5,276.66,13154.67,58.63,86.22,Water Heating,REDUCE_HEATING_USAGE
11,352.96,377.67,9447.81,98.92,116.55,Refrigeration,OPTIMIZE_REFRIGERATION
12,126.54,134.43,14886.16,28.81,51.21,Refrigeration,OPTIMIZE_REFRIGERATION
2,476.74,594.82,19512.1,177.94,251.98,Air Conditioning,REDUCE_COOLING_USAGE
3,43.75,37.4,7032.69,2.08,8.62,Lighting,GENERAL_ENERGY_SAVING
1,352.68,375.11,8370.22,81.4,92.53,Kitchen,OPTIMIZE_REFRIGERATION
5,238.66,283.94,3946.1,13.46,60.83,Lighting,REDUCE_LIGHTING_USAGE
4,169.16,178.92,6701.07,22.89,46.57,Heating,REDUCE_HEATING_USAGE
11,332.3,317.8,5069.9,113.14,161.61,Refrigeration,OPTIMIZE_REFRIGERATION
11,108.72,116.08,9857.67,8.99,39.78,Lighting,REDUCE_LIGHTING_USAGE
10,98.69,102.1,6761.42,5.04,15.93,Kitchen,GENERAL_ENERGY_SAVING
8,175.17,209.5,15657.46,30.53,45.3,Refrigeration,OPTIMIZE_REFRIGERATION
8,277.47,330.1,10482.58,107.72,127.05,Kitchen,REDUCE_HIGH_USAGE_APPLIANCE
6,378.57,381.23,13938.15,103.45,152.07,Kitchen,OPTIMIZE_REFRIGERATION
7,107.76,113.91,3938.0,4.7,20.51,Lighting,GENERAL_ENERGY_SAVING
3,233.74,223.78,6636.72,85.43,100.71,Kitchen,OPTIMIZE_REFRIGERATION
12,147.61,167.47,21959.95,39.07,52.11,Water Heating,REDUCE_HEATING_USAGE
12,152.97,169.34,12225.55,23.66,41.76,Lighting,REDUCE_LIGHTING_USAGE
10,566.6,658.9,31500.49,97.36,152.28,Kitchen,HIGH_BILL_WARNING
2,144.35,145.42,15515.1,23.42,47.65,Lighting,REDUCE_LIGHTING_USAGE
3,721.32,813.35,57381.83,95.43,193.12,Other,HIGH_BILL_WARNING
7,174.9,169.79,12525.99,27.63,65.83,Lighting,REDUCE_LIGHTING_USAGE
7,114.02,114.88,14374.97,29.96,53.84,Refrigeration,OPTIMIZE_REFRIGERATION
1,175.3,197.41,24140.73,39.83,47.79,Entertainment,REDUCE_HIGH_USAGE_APPLIANCE
10,238.94,228.25,8427.47,15.59,57.52,Lighting,REDUCE_LIGHTING_USAGE
3,237.72,248.63,9974.34,63.92,73.16,Heating,REDUCE_HEATING_USAGE
11,206.75,281.78,8572.12,59.81,87.92,Entertainment,REDUCE_HIGH_USAGE_APPLIANCE
7,631.3,806.95,28970.67,94.82,219.95,Other,HIGH_BILL_WARNING
9,168.58,206.65,10938.0,33.77,74.94,Heating,REDUCE_HEATING_USAGE
1,199.85,228.91,15140.58,24.38,83.76,Lighting,REDUCE_LIGHTING_USAGE
10,125.54,119.45,5945.46,6.85,28.39,Entertainment,GENERAL_ENERGY_SAVING
9,124.17,125.63,5080.73,13.84,44.37,Lighting,REDUCE_LIGHTING_USAGE
8,367.22,455.25,14142.43,98.49,209.86,Cooling,REDUCE_COOLING_USAGE
9,308.38,369.62,17445.58,62.82,91.69,Kitchen,REDUCE_HIGH_USAGE_APPLIANCE
12,186.23,205.29,19003.34,63.9,78.51,Other,REDUCE_HIGH_USAGE_APPLIANCE
10,709.35,907.04,50034.66,114.81,175.55,Other,HIGH_BILL_WARNING
12,234.69,223.39,4848.96,59.46,103.14,Refrigeration,OPTIMIZE_REFRIGERATION
4,343.94,419.89,10648.87,103.63,111.4,Entertainment,REDUCE_HIGH_USAGE_APPLIANCE
8,456.68,536.82,19375.29,170.18,248.92,Entertainment,REDUCE_HIGH_USAGE_APPLIANCE
5,331.81,335.04,5141.59,47.32,83.14,Kitchen,OPTIMIZE_REFRIGERATION
5,151.03,145.36,3325.1,12.36,41.77,Kitchen,GENERAL_ENERGY_SAVING
11,527.52,672.91,23124.79,66.97,126.34,Laundry,HIGH_BILL_WARNING
7,218.91,234.79,10473.81,41.23,86.96,Lighting,REDUCE_LIGHTING_USAGE
2,473.11,601.08,10257.75,88.28,124.19,Water Heating,REDUCE_HEATING_USAGE
5,328.28,320.63,12005.56,97.52,113.32,Refrigeration,OPTIMIZE_REFRIGERATION
12,107.9,120.52,15829.6,12.59,38.21,Lighting,REDUCE_LIGHTING_USAGE
3,288.0,317.29,12545.02,129.88,141.49,Kitchen,OPTIMIZE_REFRIGERATION
9,295.61,348.99,19281.51,137.59,156.73,Heating,REDUCE_HEATING_USAGE
4,807.68,948.57,51598.59,69.66,144.1,Kitchen,HIGH_BILL_WARNING
7,486.9,544.12,24800.22,86.94,194.84,Air Conditioning,REDUCE_COOLING_USAGE
9,300.1,286.95,11975.38,73.12,117.42,Kitchen,OPTIMIZE_REFRIGERATION
2,235.67,284.12,13691.72,54.78,91.93,Cooling,REDUCE_COOLING_USAGE
6,313.58,383.25,4083.55,89.95,155.7,Refrigeration,OPTIMIZE_REFRIGERATION
1,762.44,825.95,58372.42,74.36,119.56,Entertainment,HIGH_BILL_WARNING
2,590.51,762.46,50436.07,130.6,189.76,Kitchen,HIGH_BILL_WARNING
9,280.81,288.26,8534.17,73.82,110.38,Cooling,REDUCE_COOLING_USAGE
10,63.68,59.1,3526.31,7.22,13.67,Kitchen,GENERAL_ENERGY_SAVING
2,528.61,662.32,60990.44,80.09,175.2,Laundry,HIGH_BILL_WARNING
10,254.37,280.14,18144.26,110.69,138.41,Entertainment,REDUCE_HIGH_USAGE_APPLIANCE
12,119.31,135.75,12574.93,16.97,47.14,Lighting,REDUCE_LIGHTING_USAGE
8,623.17,715.76,32963.24,65.7,168.86,Kitchen,HIGH_BILL_WARNING
2,111.13,115.58,7794.66,7.47,32.15,Lighting,REDUCE_LIGHTING_USAGE
5,199.32,211.95,15962.31,71.79,79.07,Kitchen,OPTIMIZE_REFRIGERATION
6,179.15,172.78,7019.68,17.07,50.43,Other,GENERAL_ENERGY_SAVING
7,311.97,283.31,3735.61,45.63,129.04,Lighting,REDUCE_LIGHTING_USAGE
7,471.42,590.14,15521.5,86.74,133.59,Heating,REDUCE_HEATING_USAGE
8,290.56,318.48,12112.72,62.46,104.34,Lighting,REDUCE_LIGHTING_USAGE
9,240.0,263.58,22001.83,94.8,131.49,Water Heating,REDUCE_HEATING_USAGE
5,146.34,172.29,11069.32,25.15,53.93,Lighting,REDUCE_LIGHTING_USAGE
12,469.83,548.27,13555.46,91.77,135.85,Kitchen,REDUCE_HIGH_USAGE_APPLIANCE
10,302.42,311.58,15860.89,39.78,113.31,Lighting,REDUCE_LIGHTING_USAGE
2,121.61,128.14,4512.82,10.96,20.81,Lighting,GENERAL_ENERGY_SAVING
2,411.46,441.5,22988.6,170.1,220.3,Heating,REDUCE_HEATING_USAGE
8,428.84,545.55,48660.17,58.13,130.79,Entertainment,HIGH_BILL_WARNING
9,380.32,438.44,22113.04,56.3,91.08,Laundry,HIGH_BILL_WARNING
2,74.61,71.9,5182.86,3.94,13.94,Entertainment,GENERAL_ENERGY_SAVING
8,309.94,329.75,19937.6,132.32,162.56,Cooling,REDUCE_COOLING_USAGE
9,416.95,455.93,54671.02,68.84,139.21,Cooling,HIGH_BILL_WARNING
6,126.61,120.96,9417.77,13.93,37.74,Lighting,REDUCE_LIGHTING_USAGE
2,306.06,394.71,9395.83,90.59,115.0,Air Conditioning,REDUCE_COOLING_USAGE
4,517.06,631.21,14753.66,132.77,173.27,Other,REDUCE_HIGH_USAGE_APPLIANCE
10,354.64,465.29,51940.93,39.8,107.18,Kitchen,HIGH_BILL_WARNING
11,484.44,536.31,15467.42,224.06,252.56,Other,REDUCE_HIGH_USAGE_APPLIANCE
1,664.77,864.9,31361.62,105.92,152.0,Cooling,HIGH_BILL_WARNING
3,184.77,213.49,14146.57,47.05,76.11,Cooling,REDUCE_COOLING_USAGE
6,127.15,118.71,4822.34,15.49,29.91,Entertainment,GENERAL_ENERGY_SAVING
4,167.07,184.13,10405.48,20.42,57.85,Lighting,REDUCE_LIGHTING_USAGE
9,394.92,458.44,17602.85,88.03,206.77,Cooling,REDUCE_COOLING_USAGE
5,158.3,135.86,6686.26,18.86,44.2,Lighting,GENERAL_ENERGY_SAVING
2,339.12,396.04,7249.17,109.99,142.05,Kitchen,REDUCE_HIGH_USAGE_APPLIANCE
12,139.72,157.07,11512.65,29.99,57.16,Lighting,REDUCE_LIGHTING_USAGE
1,250.62,278.81,9736.34,19.3,78.55,Lighting,REDUCE_LIGHTING_USAGE
2,834.65,974.61,41083.43,50.39,134.25,Kitchen,HIGH_BILL_WARNING
1,52.56,55.21,2463.31,2.52,7.1,Entertainment,GENERAL_ENERGY_SAVING
2,142.62,149.93,13132.23,10.19,31.62,Lighting,REDUCE_LIGHTING_USAGE
8,52.88,48.49,4962.95,4.24,12.33,Kitchen,GENERAL_ENERGY_SAVING
11,121.9,137.0,8005.84,28.06,37.84,Refrigeration,OPTIMIZE_REFRIGERATION
7,514.41,648.21,48733.77,79.05,144.22,Kitchen,HIGH_BILL_WARNING
4,186.24,211.53,6081.0,31.08,55.36,Lighting,REDUCE_LIGHTING_USAGE
10,154.04,168.41,7215.44,9.75,37.96,Kitchen,GENERAL_ENERGY_SAVING
5,221.62,269.47,11278.41,42.54,76.33,Cooling,REDUCE_COOLING_USAGE
8,814.99,1058.38,41028.56,62.03,148.97,Kitchen,HIGH_BILL_WARNING
12,318.97,371.77,6750.37,25.46,69.41,Lighting,REDUCE_LIGHTING_USAGE
9,290.87,325.62,11041.51,94.26,109.74,Kitchen,OPTIMIZE_REFRIGERATION
9,169.96,173.7,4678.03,29.28,59.33,Lighting,REDUCE_LIGHTING_USAGE
5,72.7,68.8,4205.6,3.16,13.94,Entertainment,GENERAL_ENERGY_SAVING
4,118.32,105.41,2579.16,10.09,34.58,Kitchen,GENERAL_ENERGY_SAVING
10,241.25,279.55,5896.29,68.56,79.55,Refrigeration,OPTIMIZE_REFRIGERATION
5,423.46,515.42,21951.12,175.57,217.39,Other,REDUCE_HIGH_USAGE_APPLIANCE
7,195.29,206.96,7085.25,21.83,56.34,Lighting,REDUCE_LIGHTING_USAGE
3,775.37,1015.1,59924.68,72.02,155.86,Other,HIGH_BILL_WARNING
7,119.84,125.76,3209.15,7.4,16.84,Lighting,GENERAL_ENERGY_SAVING
5,398.15,488.95,24485.2,160.45,190.73,Cooling,REDUCE_COOLING_USAGE
7,272.54,273.18,7523.51,44.84,107.03,Lighting,REDUCE_LIGHTING_USAGE
11,70.6,70.3,3542.33,5.49,16.21,Other,GENERAL_ENERGY_SAVING
8,303.08,308.54,16252.07,92.3,177.81,Cooling,REDUCE_COOLING_USAGE
9,441.6,479.79,27117.29,95.24,198.77,Air Conditioning,REDUCE_COOLING_USAGE
6,283.2,321.5,21031.96,97.62,148.72,Cooling,REDUCE_COOLING_USAGE
12,239.86,255.29,17044.05,55.66,100.78,Cooling,REDUCE_COOLING_USAGE
11,210.13,254.42,23309.12,60.71,87.18,Laundry,REDUCE_HIGH_USAGE_APPLIANCE
4,414.02,492.22,9905.4,94.34,170.43,Heating,REDUCE_HEATING_USAGE
5,357.09,401.63,12243.28,117.01,141.21,Kitchen,OPTIMIZE_REFRIGERATION
5,57.01,59.28,6513.49,3.19,6.08,Other,GENERAL_ENERGY_SAVING
1,255.69,258.75,18008.2,76.34,128.68,Heating,REDUCE_HEATING_USAGE
12,112.57,119.77,4295.6,6.31,14.64,Other,GENERAL_ENERGY_SAVING
6,726.76,869.88,47500.44,110.43,220.19,Cooling,HIGH_BILL_WARNING
1,178.6,160.52,1006.95,8.49,24.27,Kitchen,GENERAL_ENERGY_SAVING
7,307.12,287.08,12982.54,97.11,133.71,Refrigeration,OPTIMIZE_REFRIGERATION
5,404.05,482.82,6102.63,115.86,207.94,Water Heating,REDUCE_HEATING_USAGE
12,309.88,326.74,8461.29,73.95,106.28,Cooling,REDUCE_COOLING_USAGE
9,362.07,352.81,11869.79,114.66,168.86,Water Heating,REDUCE_HEATING_USAGE
12,186.8,180.49,13651.96,49.06,75.01,Kitchen,OPTIMIZE_REFRIGERATION
11,216.13,245.0,18458.54,49.41,84.81,Air Conditioning,REDUCE_COOLING_USAGE
8,140.19,173.91,12039.42,43.59,53.34,Heating,REDUCE_HEATING_USAGE
7,126.87,126.84,6822.5,18.91,40.58,Lighting,REDUCE_LIGHTING_USAGE
4,306.86,317.21,6842.04,50.6,91.75,Heating,REDUCE_HEATING_USAGE
9,542.88,730.75,64175.15,42.55,95.85,Entertainment,HIGH_BILL_WARNING
10,344.15,365.11,15690.84,110.88,150.11,Refrigeration,OPTIMIZE_REFRIGERATION
4,269.35,318.97,24611.2,51.43,75.15,Laundry,REDUCE_HIGH_USAGE_APPLIANCE
7,201.09,218.93,15015.38,38.18,77.4,Lighting,REDUCE_LIGHTING_USAGE
11,214.2,212.05,8362.65,80.96,103.53,Refrigeration,OPTIMIZE_REFRIGERATION
10,497.26,619.68,11559.59,186.22,197.67,Other,REDUCE_HIGH_USAGE_APPLIANCE
3,441.77,473.69,25426.95,149.42,204.44,Entertainment,REDUCE_HIGH_USAGE_APPLIANCE
11,413.44,507.5,12172.45,82.4,106.57,Kitchen,REDUCE_HIGH_USAGE_APPLIANCE
4,171.21,164.53,6532.7,24.53,48.79,Other,GENERAL_ENERGY_SAVING
12,260.08,271.7,7017.63,87.74,133.05,Entertainment,REDUCE_HIGH_USAGE_APPLIANCE
6,266.78,289.6,17203.09,41.7,85.62,Cooling,REDUCE_COOLING_USAGE
4,455.21,529.93,12358.44,96.64,218.81,Air Conditioning,REDUCE_COOLING_USAGE
2,455.22,489.59,14262.18,194.57,221.55,Entertainment,REDUCE_HIGH_USAGE_APPLIANCE
6,281.92,293.96,13865.39,38.26,77.97,Lighting,REDUCE_LIGHTING_USAGE
10,519.8,645.46,7282.08,167.24,219.96,Other,REDUCE_HIGH_USAGE_APPLIANCE
10,51.44,55.02,7028.33,6.22,13.96,Other,GENERAL_ENERGY_SAVING
9,472.44,476.17,23876.9,124.66,220.25,Cooling,REDUCE_COOLING_USAGE
12,283.61,328.03,13093.13,75.6,96.23,Kitchen,REDUCE_HIGH_USAGE_APPLIANCE
12,54.8,51.75,5113.25,5.9,10.34,Kitchen,GENERAL_ENERGY_SAVING
5,209.06,212.13,24284.54,61.71,93.45,Kitchen,REDUCE_HIGH_USAGE_APPLIANCE
7,222.7,246.23,19356.67,64.96,98.9,Cooling,REDUCE_COOLING_USAGE
9,279.84,309.42,25762.23,82.98,111.52,Kitchen,REDUCE_HIGH_USAGE_APPLIANCE
1,580.43,684.77,36122.12,86.99,162.1,Other,HIGH_BILL_WARNING
2,228.29,248.45,23541.74,84.43,110.79,Entertainment,REDUCE_HIGH_USAGE_APPLIANCE
2,350.3,379.43,64693.93,30.41,63.46,Entertainment,HIGH_BILL_WARNING
5,293.52,329.22,21774.7,106.22,132.31,Cooling,REDUCE_COOLING_USAGE
10,302.29,372.71,23137.22,40.26,85.11,Heating,REDUCE_HEATING_USAGE
4,162.99,164.82,11070.76,29.16,42.61,Kitchen,OPTIMIZE_REFRIGERATION
11,352.04,485.06,20922.61,78.54,112.65,Cooling,REDUCE_COOLING_USAGE
11,608.38,677.26,55531.46,74.76,169.06,Other,HIGH_BILL_WARNING
11,373.91,429.72,14698.03,117.62,174.03,Cooling,REDUCE_COOLING_USAGE
2,395.66,420.53,16569.72,123.92,162.66,Other,REDUCE_HIGH_USAGE_APPLIANCE
9,234.83,284.59,24479.5,51.68,69.57,Other,REDUCE_HIGH_USAGE_APPLIANCE
1,678.39,867.59,36392.54,83.01,235.83,Kitchen,HIGH_BILL_WARNING
3,602.71,709.77,44361.94,49.03,99.76,Kitchen,HIGH_BILL_WARNING
10,175.47,190.81,16163.27,49.75,56.99,Laundry,REDUCE_HIGH_USAGE_APPLIANCE
3,455.33,552.92,39509.7,51.39,77.47,Entertainment,HIGH_BILL_WARNING
12,382.17,478.71,21862.12,113.82,143.01,Heating,REDUCE_HEATING_USAGE
6,293.02,378.03,14905.98,85.3,144.41,Air Conditioning,REDUCE_COOLING_USAGE
9,343.98,346.7,5724.78,101.44,156.73,Refrigeration,OPTIMIZE_REFRIGERATION
12,408.35,513.44,51657.68,32.44,72.13,Laundry,HIGH_BILL_WARNING
4,329.26,358.63,12149.58,68.99,111.34,Refrigeration,OPTIMIZE_REFRIGERATION
9,155.43,172.8,5012.88,50.87,62.48,Refrigeration,OPTIMIZE_REFRIGERATION
11,347.45,450.22,21915.28,162.18,171.74,Other,REDUCE_HIGH_USAGE_APPLIANCE
2,361.77,385.2,4764.65,79.09,121.32,Refrigeration,OPTIMIZE_REFRIGERATION
12,245.55,273.77,4761.53,59.21,99.1,Refrigeration,OPTIMIZE_REFRIGERATION
10,322.56,312.87,5884.75,89.92,100.69,Refrigeration,OPTIMIZE_REFRIGERATION
12,420.43,437.48,6130.26,138.61,157.66,Other,REDUCE_HIGH_USAGE_APPLIANCE
2,113.42,122.95,5643.24,27.43,50.77,Lighting,REDUCE_LIGHTING_USAGE
9,356.12,404.87,7880.38,94.79,157.8,Kitchen,OPTIMIZE_REFRIGERATION
1,711.21,755.1,39565.6,108.81,199.04,Kitchen,HIGH_BILL_WARNING
8,210.14,200.01,13017.05,43.84,73.71,Lighting,REDUCE_LIGHTING_USAGE
4,265.76,309.99,5940.27,75.53,97.93,Laundry,REDUCE_HIGH_USAGE_APPLIANCE
3,503.02,623.87,13284.12,166.48,242.91,Other,REDUCE_HIGH_USAGE_APPLIANCE
9,166.91,175.14,13119.23,84.25,94.53,Water Heating,REDUCE_HEATING_USAGE
9,115.35,110.06,9453.01,11.15,36.36,Lighting,REDUCE_LIGHTING_USAGE
11,81.25,71.77,5592.26,8.21,20.55,Entertainment,GENERAL_ENERGY_SAVING
6,356.15,404.58,38330.71,50.42,106.09,Other,HIGH_BILL_WARNING
4,697.1,815.67,47298.08,61.26,112.56,Other,HIGH_BILL_WARNING
4,498.1,611.34,48336.78,65.9,138.19,Laundry,HIGH_BILL_WARNING
12,431.81,521.48,18885.95,70.61,109.43,Water Heating,REDUCE_HEATING_USAGE
2,428.71,472.94,9215.19,130.69,156.12,Heating,REDUCE_HEATING_USAGE
7,689.92,827.43,55841.7,87.84,132.83,Kitchen,HIGH_BILL_WARNING
3,267.59,280.64,15658.18,69.31,144.49,Cooling,REDUCE_COOLING_USAGE
6,537.39,587.92,9398.87,129.09,223.87,Air Conditioning,REDUCE_COOLING_USAGE
10,251.37,267.75,16397.03,53.1,87.61,Refrigeration,OPTIMIZE_REFRIGERATION
12,322.4,396.67,9174.59,96.84,114.83,Heating,REDUCE_HEATING_USAGE
8,438.98,449.45,22801.99,110.19,196.52,Water Heating,REDUCE_HEATING_USAGE
8,236.99,270.33,21196.17,59.3,83.01,Water Heating,REDUCE_HEATING_USAGE
6,160.6,201.8,14245.55,29.95,60.22,Heating,REDUCE_HEATING_USAGE
10,501.87,666.97,26323.24,65.51,117.37,Laundry,HIGH_BILL_WARNING
10,258.97,315.05,18790.68,42.18,66.88,Water Heating,REDUCE_HEATING_USAGE
2,342.61,368.75,14868.8,101.4,163.37,Cooling,REDUCE_COOLING_USAGE
6,385.16,419.54,33658.14,33.49,91.24,Other,HIGH_BILL_WARNING
1,67.3,68.18,7207.43,3.6,7.74,Entertainment,GENERAL_ENERGY_SAVING
5,295.74,284.47,18245.41,62.82,94.0,Refrigeration,OPTIMIZE_REFRIGERATION
9,464.25,576.97,60859.0,95.43,140.09,Kitchen,HIGH_BILL_WARNING
6,293.88,338.55,20014.08,47.01,116.72,Air Conditioning,REDUCE_COOLING_USAGE
9,321.05,334.7,11567.22,92.96,98.21,Kitchen,OPTIMIZE_REFRIGERATION
5,126.16,146.42,12895.28,7.78,33.26,Lighting,REDUCE_LIGHTING_USAGE
5,223.93,223.17,16202.03,62.43,66.12,Other,REDUCE_HIGH_USAGE_APPLIANCE
11,173.78,205.3,24088.29,46.22,71.02,Entertainment,REDUCE_HIGH_USAGE_APPLIANCE
10,433.1,537.65,50969.45,39.78,67.82,Laundry,HIGH_BILL_WARNING
6,256.77,308.05,9810.25,30.63,107.73,Lighting,REDUCE_LIGHTING_USAGE
7,247.4,293.9,13373.5,22.42,50.89,Lighting,REDUCE_LIGHTING_USAGE
5,288.63,274.96,9623.74,79.23,115.28,Refrigeration,OPTIMIZE_REFRIGERATION
10,404.89,497.23,10513.32,56.35,104.92,Water Heating,REDUCE_HEATING_USAGE
11,103.8,96.44,3799.24,3.8,18.41,Kitchen,GENERAL_ENERGY_SAVING
9,148.31,157.9,7671.74,19.34,60.35,Lighting,REDUCE_LIGHTING_USAGE
3,454.23,519.69,24217.94,102.27,148.02,Laundry,REDUCE_HIGH_USAGE_APPLIANCE
5,184.46,196.03,17156.1,51.04,56.56,Refrigeration,OPTIMIZE_REFRIGERATION
11,294.09,338.24,12803.26,41.94,73.87,Lighting,REDUCE_LIGHTING_USAGE
2,220.76,224.86,4145.93,54.78,65.54,Refrigeration,OPTIMIZE_REFRIGERATION
11,425.53,421.58,13045.64,118.17,129.44,Other,REDUCE_HIGH_USAGE_APPLIANCE
11,368.9,380.27,17082.89,119.31,174.46,Refrigeration,OPTIMIZE_REFRIGERATION
3,284.65,310.15,17282.45,115.13,135.52,Air Conditioning,REDUCE_COOLING_USAGE
8,254.44,258.23,6197.82,51.86,77.71,Kitchen,REDUCE_HIGH_USAGE_APPLIANCE
9,293.26,299.0,16574.45,76.07,92.0,Cooling,REDUCE_COOLING_USAGE
3,121.58,112.61,6923.26,5.52,16.92,Kitchen,GENERAL_ENERGY_SAVING
9,299.29,349.87,12147.96,26.79,72.27,Lighting,REDUCE_LIGHTING_USAGE
11,155.19,152.09,4245.67,19.95,46.15,Lighting,REDUCE_LIGHTING_USAGE
11,233.71,233.4,7933.69,103.38,114.22,Kitchen,REDUCE_HIGH_USAGE_APPLIANCE
12,93.05,109.27,14454.7,19.78,33.88,Lighting,REDUCE_LIGHTING_USAGE
9,471.96,482.43,15416.91,173.53,281.86,Air Conditioning,REDUCE_COOLING_USAGE
4,366.11,415.62,11301.08,83.71,99.4,Heating,REDUCE_HEATING_USAGE
2,352.02,402.15,6907.73,109.17,175.09,Heating,REDUCE_HEATING_USAGE
8,140.73,130.02,2378.05,11.39,22.86,Entertainment,GENERAL_ENERGY_SAVING
1,235.91,235.99,16373.17,78.95,111.53,Kitchen,REDUCE_HIGH_USAGE_APPLIANCE
12,336.05,425.29,8010.72,78.37,132.85,Water Heating,REDUCE_HEATING_USAGE
10,161.23,171.4,13930.75,16.09,45.86,Lighting,REDUCE_LIGHTING_USAGE
1,64.74,67.73,2568.06,3.2,9.54,Lighting,GENERAL_ENERGY_SAVING
7,283.55,270.25,14961.04,50.98,111.36,Lighting,REDUCE_LIGHTING_USAGE
6,224.26,257.16,12851.84,63.54,90.99,Refrigeration,OPTIMIZE_REFRIGERATION
1,328.34,326.62,14352.66,54.54,97.95,Refrigeration,OPTIMIZE_REFRIGERATION
8,42.21,40.84,1231.75,1.12,4.27,Entertainment,GENERAL_ENERGY_SAVING
7,359.58,398.29,21977.8,89.57,178.26,Heating,REDUCE_HEATING_USAGE
6,439.21,475.57,20479.54,89.88,110.71,Kitchen,REDUCE_HIGH_USAGE_APPLIANCE
5,282.76,349.29,15427.59,59.62,97.12,Cooling,REDUCE_COOLING_USAGE
7,344.17,347.8,7186.11,162.05,188.67,Heating,REDUCE_HEATING_USAGE
7,370.99,436.93,6699.89,69.24,102.78,Heating,REDUCE_HEATING_USAGE
2,44.59,44.87,1722.89,4.86,11.96,Entertainment,GENERAL_ENERGY_SAVING
5,281.71,302.53,17364.93,76.58,121.76,Heating,REDUCE_HEATING_USAGE
5,68.44,68.94,1161.23,3.78,7.36,Entertainment,GENERAL_ENERGY_SAVING
6,443.71,513.78,13280.27,122.51,175.96,Laundry,REDUCE_HIGH_USAGE_APPLIANCE
9,368.12,406.73,16617.86,68.82,124.67,Water Heating,REDUCE_HEATING_USAGE
7,175.75,167.98,1447.59,12.5,47.08,Entertainment,GENERAL_ENERGY_SAVING
12,283.53,306.28,5034.35,32.99,78.32,Lighting,REDUCE_LIGHTING_USAGE
12,213.38,246.04,10809.02,28.02,68.74,Lighting,REDUCE_LIGHTING_USAGE
3,365.83,416.35,14238.69,135.03,158.9,Kitchen,REDUCE_HIGH_USAGE_APPLIANCE
7,382.72,376.73,23187.89,131.23,166.9,Other,REDUCE_HIGH_USAGE_APPLIANCE
3,402.62,405.03,19896.83,98.06,178.52,Cooling,REDUCE_COOLING_USAGE
10,380.71,417.28,12524.94,164.9,196.6,Laundry,REDUCE_HIGH_USAGE_APPLIANCE
5,618.51,747.91,25639.19,101.5,187.6,Other,HIGH_BILL_WARNING
10,81.27,83.76,6614.51,3.73,10.96,Entertainment,GENERAL_ENERGY_SAVING
12,350.67,408.5,9062.25,58.43,135.78,Air Conditioning,REDUCE_COOLING_USAGE
7,141.99,157.21,13759.43,19.01,61.34,Lighting,REDUCE_LIGHTING_USAGE
6,689.35,792.85,52116.81,110.15,183.69,Laundry,HIGH_BILL_WARNING
10,440.29,479.41,14668.58,175.36,188.13,Other,REDUCE_HIGH_USAGE_APPLIANCE
5,355.33,380.17,8975.48,78.49,104.15,Refrigeration,OPTIMIZE_REFRIGERATION
8,476.23,529.63,11691.32,104.18,126.69,Water Heating,REDUCE_HEATING_USAGE
8,102.45,121.26,10714.47,13.06,28.28,Lighting,REDUCE_LIGHTING_USAGE
1,223.28,249.09,14132.49,54.23,75.62,Water Heating,REDUCE_HEATING_USAGE
8,469.06,591.32,50080.29,59.08,105.17,Other,HIGH_BILL_WARNING
5,588.78,689.96,23596.92,106.18,193.34,Entertainment,HIGH_BILL_WARNING
4,128.35,127.03,14236.76,21.56,47.5,Lighting,REDUCE_LIGHTING_USAGE
5,148.8,164.75,6292.42,17.28,37.56,Water Heating,REDUCE_HEATING_USAGE
12,115.18,107.73,3623.77,11.19,20.89,Lighting,GENERAL_ENERGY_SAVING
9,614.49,759.15,35712.61,40.16,117.86,Cooling,HIGH_BILL_WARNING
8,95.79,92.47,5877.32,10.67,23.53,Kitchen,GENERAL_ENERGY_SAVING
7,471.55,564.46,15966.7,153.66,233.43,Kitchen,REDUCE_HIGH_USAGE_APPLIANCE
1,81.62,72.01,2998.04,4.04,10.0,Lighting,GENERAL_ENERGY_SAVING
2,173.32,186.38,8477.26,15.27,34.73,Lighting,REDUCE_LIGHTING_USAGE
8,402.75,499.34,15809.92,148.37,207.34,Cooling,REDUCE_COOLING_USAGE
6,141.67,138.24,10988.09,28.1,63.67,Lighting,REDUCE_LIGHTING_USAGE
9,433.2,472.24,18939.25,96.15,162.28,Cooling,REDUCE_COOLING_USAGE
2,542.19,628.01,29053.11,48.34,152.41,Kitchen,HIGH_BILL_WARNING
2,136.99,146.36,4195.66,21.11,55.92,Lighting,REDUCE_LIGHTING_USAGE
1,322.55,365.15,18499.3,126.12,155.29,Refrigeration,OPTIMIZE_REFRIGERATION
10,158.03,187.46,6577.86,51.45,54.88,Refrigeration,OPTIMIZE_REFRIGERATION
11,144.81,157.86,16101.19,56.27,64.02,Heating,REDUCE_HEATING_USAGE
9,297.81,347.11,23342.39,99.01,138.73,Laundry,REDUCE_HIGH_USAGE_APPLIANCE
3,165.7,184.94,6495.36,55.98,68.15,Refrigeration,OPTIMIZE_REFRIGERATION
10,841.99,1130.36,44324.72,105.12,220.91,Entertainment,HIGH_BILL_WARNING
8,244.59,271.78,8213.34,34.26,94.71,Lighting,REDUCE_LIGHTING_USAGE
3,474.23,577.22,56230.77,61.2,101.4,Laundry,HIGH_BILL_WARNING
4,259.82,286.39,10209.4,84.17,139.93,Heating,REDUCE_HEATING_USAGE
6,120.79,123.13,18800.18,31.33,38.68,Refrigeration,OPTIMIZE_REFRIGERATION
9,97.97,107.46,4305.32,7.15,20.66,Lighting,GENERAL_ENERGY_SAVING
6,243.42,277.34,17284.04,62.46,73.46,Heating,REDUCE_HEATING_USAGE
4,269.24,294.94,15906.2,103.24,141.06,Laundry,REDUCE_HIGH_USAGE_APPLIANCE
9,218.52,270.47,20808.17,63.72,101.61,Air Conditioning,REDUCE_COOLING_USAGE
11,448.7,511.86,19340.83,121.65,193.58,Cooling,REDUCE_COOLING_USAGE
11,106.3,109.14,4647.55,4.27,21.22,Lighting,GENERAL_ENERGY_SAVING
8,157.4,134.2,1875.25,15.99,32.4,Lighting,GENERAL_ENERGY_SAVING
4,352.17,383.74,7892.42,95.08,123.15,Entertainment,REDUCE_HIGH_USAGE_APPLIANCE
2,252.55,274.01,13529.19,74.57,98.37,Refrigeration,OPTIMIZE_REFRIGERATION
